{
  "model_type": "baseline_geometry",
  "features": [
    "shot_distance",
    "shot_angle"
  ],
  "trained_rows": 5606,
  "created_at": "2025-11-21T19:04:32.341579+00:00",
  "metrics": {
    "brier_mean": 0.07600980002503878,
    "brier_std": 0.01012795772913455,
    "log_loss_mean": 0.272772266414872,
    "log_loss_std": 0.02990623126395339,
    "auc_mean": 0.7386130641277641,
    "auc_std": 0.022145927817232482
  }
}