{
  "brier_mean": 0.07600980002503878,
  "brier_std": 0.01012795772913455,
  "log_loss_mean": 0.272772266414872,
  "log_loss_std": 0.02990623126395339,
  "auc_mean": 0.7386130641277641,
  "auc_std": 0.022145927817232482
}