{
  "brier_mean": 0.06311927512187394,
  "brier_std": 0.008531860191886797,
  "log_loss_mean": 0.2188411383237141,
  "log_loss_std": 0.02708212389948563,
  "auc_mean": 0.8646164574543509,
  "auc_std": 0.01988169638578067
}