{
  "brier_mean": 0.06656935286688162,
  "brier_std": 0.002183396574439543,
  "log_loss_mean": 0.23139690252142292,
  "log_loss_std": 0.007900672523813067,
  "auc_mean": 0.8394720867148674,
  "auc_std": 0.008164470023741951
}