{
  "brier_mean": 0.06778691842030095,
  "brier_std": 0.010116410109348483,
  "log_loss_mean": 0.23783345292349906,
  "log_loss_std": 0.03019255052311504,
  "auc_mean": 0.8273710623346062,
  "auc_std": 0.022760756684859957
}