{
  "brier_mean": 0.06657587386820729,
  "brier_std": 0.0021794971690089326,
  "log_loss_mean": 0.23139836723878676,
  "log_loss_std": 0.007875969510818818,
  "auc_mean": 0.8395247420434948,
  "auc_std": 0.008228706345775766
}