{
  "brier_mean": 0.07318913014106673,
  "brier_std": 0.0044121088633145705,
  "log_loss_mean": 0.2512918879189253,
  "log_loss_std": 0.014006722761501937,
  "auc_mean": 0.8554557232983646,
  "auc_std": 0.012960945904275843
}