{
  "samples": 5606,
  "log_loss": 0.24645388706327007,
  "brier": 0.06806090052897584,
  "goal_rate": 0.09043881555476276,
  "mean_prediction": 0.09042691260162913
}