{
  "samples": 5606,
  "log_loss": 0.22746921837261522,
  "brier": 0.0644262636082759,
  "goal_rate": 0.09043881555476276,
  "mean_prediction": 0.09038362096071362
}