{
  "samples": 5606,
  "log_loss": 0.24105124378611392,
  "brier": 0.06676342818214208,
  "goal_rate": 0.09043881555476276,
  "mean_prediction": 0.09036808291181146
}