{
  "samples": 5606,
  "log_loss": 0.24747995596892938,
  "brier": 0.06841859815520275,
  "goal_rate": 0.09043881555476276,
  "mean_prediction": 0.0904205200728373
}