{
  "samples": 5606,
  "log_loss": 0.23339869534752988,
  "brier": 0.06502668039324405,
  "goal_rate": 0.09043881555476276,
  "mean_prediction": 0.09034737702410005
}