player_id,player_name,team_id,total_cxa_goals,total_true_xa,total_actions,key_actions,pre_assists,passes,carries,dribbles,pass_credit,carry_credit,dribble_credit,avg_credit_per_action,avg_true_xa
236.0,Kylian Mbappé Lottin,16,6.849176362394715,17.13953758666712,169,60,42,67,101,1,2.772359333601372,4.076817028793343,0.0,0.04052767078340068,0.10141738216962794
226.0,Antoine Griezmann,16,6.402225734342877,11.119958559952234,124,53,27,74,50,0,4.023759994617669,2.378465739725207,0.0,0.051630852696313526,0.08967708516090511
385.0,Daniel Olmo Carvajal,23,6.336452478625914,8.343293518052661,87,40,19,38,49,0,2.2455395591399774,4.0909129194859375,0.0,0.0728327871106427,0.09589992549485818
146.0,Memphis Depay,11,6.263068900863535,12.62154820179451,87,35,15,46,41,0,2.6789163074909306,3.584152593372605,0.0,0.07198929771107512,0.14507526668729323
11.0,Xherdan Shaqiri,3,6.2510586094950735,9.238059522461093,73,37,11,35,38,0,4.696538723719186,1.5545198857758866,0.0,0.08563093985609689,0.12654876058165881
20.0,Dušan Tadić,2,5.086916713374635,6.474248972234333,52,22,15,31,21,0,3.339369135471917,1.7475475779027185,0.0,0.09782532141105069,0.12450478792758334
149.0,Cody Mathès Gakpo,11,4.643288151908822,8.876784926705481,74,31,21,33,40,1,1.0317107760094948,3.6115773758993264,0.0,0.06274713718795705,0.11995655306358759
41.0,Lionel Andrés Messi Cuccittini,4,4.545994524359587,11.491450281884589,123,38,28,51,72,0,1.5006698772103708,3.045324647149217,0.0,0.036959305076094205,0.09342642505597226
332.0,Harry Kane,21,4.478161083557243,7.4182617845658,65,30,11,29,36,0,2.0199856681777217,2.4581754153795217,0.0,0.06889478590088066,0.11412710437793538
361.0,Ivan Perišić,22,4.39038462480003,8.803984218757575,76,42,21,31,45,0,2.608579110171761,1.7818055146282687,0.0,0.05776821874736881,0.11584189761523125
1125.0,Arda Güler,42,4.338994432186884,3.4759852559521787,28,13,5,15,13,0,3.2211127786388136,1.1178816535480702,0.0,0.1549640868638173,0.12414233056972067
46.0,Julián Álvarez,4,4.314521911143322,2.795192215974356,20,8,4,8,12,0,0.5815359526512471,3.7329859584920744,0.0,0.2157260955571661,0.1397596107987178
208.0,Bruno Miguel Borges Fernandes,15,4.297607349571533,5.265878688384597,73,36,13,39,34,0,2.2466375528824427,2.05096979668909,0.0,0.058871333555774424,0.07213532449841914
516.0,Kevin De Bruyne,29,4.221633271888617,14.802808374566787,144,46,37,84,60,0,2.4915674154721006,1.7300658564165161,0.0,0.02931689772144873,0.10279728037893603
459.0,Jamal Musiala,26,4.1593010032902695,10.358753551815584,92,29,23,33,59,0,1.2539145042238355,2.9053864990664335,0.0,0.04520979351402467,0.1125951473023433
395.0,Álvaro Borja Morata Martín,23,4.103300162470409,4.463438287861932,47,25,8,17,29,1,1.1768092217002666,2.926490940770142,0.0,0.08730425877596613,0.09496677208216876
83.0,Neymar da Silva Santos Junior,7,3.8576350397985086,12.835855980179751,104,39,17,49,54,1,2.3882060605299644,1.4694289792685444,0.0,0.0370926446134472,0.12342169211711299
2.0,Remo Freuler,3,3.8155663694311612,5.6032415794765535,43,7,9,24,19,0,1.9157473089398767,1.8998190604912844,0.0,0.08873410161467817,0.13030794370875706
907.0,Toni Kroos,26,3.8049413479406047,9.863592392612956,111,37,13,66,45,0,3.3648177974422637,0.44012355049834107,0.0,0.03427875088234779,0.08886119272624285
1201.0,Vladimír Coufal,45,3.5623327058790504,4.5261243893806995,41,15,10,27,14,0,2.6171462090963904,0.9451864967826599,0.0,0.08688616355802561,0.11039327778977316
667.0,Kieran Trippier,21,3.53961915719092,9.730797116214067,87,36,25,67,20,0,2.898700478115512,0.6409186790754076,0.0,0.040685277668861146,0.11184824271510421
729.0,Steven Zuber,3,3.5232693704891105,4.295598962124598,42,13,12,19,23,0,2.162352950411039,1.3609164200780715,0.0,0.08388736596402643,0.10227616576487138
357.0,Luka Modrić,22,3.45743971017659,11.132930600906642,125,36,26,74,51,0,2.8448537550737565,0.612585955102833,0.0,0.02765951768141272,0.08906344480725313
1106.0,Lamine Yamal Nasraoui Ebana,23,3.4568887855255666,6.101210873771544,67,24,18,29,38,0,1.1114206395258703,2.3454681459996958,0.0,0.051595355007844276,0.09106284886226185
336.0,Luke Shaw,21,3.4492951610194957,5.589779860381179,39,14,7,27,12,0,3.1732629694797647,0.2760321915397309,0.0,0.08844346566716656,0.14332768872772253
177.0,Heung-Min Son,13,3.2352717258163084,5.357664672369799,63,30,14,24,39,0,2.215229463500375,1.0200422623159333,0.0,0.05135351945740172,0.0850422963868222
396.0,Nicholas Williams Arthuer,23,3.2050409294869127,6.756333724932266,59,18,15,29,30,0,1.3294401045045632,1.875600824982349,0.0,0.054322727618422245,0.11451413093105535
1032.0,Takashi Inui,24,3.183997673359961,1.8725644663801604,19,8,4,6,13,0,1.4986018639815628,1.6853958093783976,0.0,0.16757882491368215,0.09855602454632423
526.0,Romelu Lukaku Menama,29,3.1161375293828066,5.19212863947783,51,23,10,22,29,0,1.1864079791767357,1.929729550206071,0.0,0.06110073587025111,0.10180644391133001
865.0,Paul Pogba,16,3.0684813505774122,4.6737859659255845,63,18,15,32,31,0,1.3756013003435208,1.6928800502338914,0.0,0.04870605318376845,0.07418707882421563
376.0,Raheem Sterling,21,3.0186031977251138,5.613466224344385,49,19,14,17,31,1,1.5125552552490724,1.5060479424760413,0.0,0.06160414689234926,0.11456053519070172
8.0,Granit Xhaka,3,3.016966452668213,7.910218060470074,96,11,15,55,41,0,1.9986981943083881,1.0182682583598248,0.0,0.03142673388196055,0.08239810479656327
1108.0,Fabián Ruiz Peña,23,2.9892202242388373,4.913263857145006,60,11,12,28,32,0,1.3494482064113207,1.6397720178275168,0.0,0.049820337070647286,0.08188773095241678
797.0,Philippe Coutinho Correia,7,2.9806884787762913,5.54561794946291,64,17,14,30,34,0,1.0421635644564284,1.9385249143198626,0.0,0.04657325748087955,0.08665028046035797
515.0,Thomas Meunier,29,2.949813764976257,6.388292445355262,47,13,11,24,23,0,1.8236964226463208,1.1261173423299358,0.0,0.06276199499949482,0.1359211158586226
444.0,Xavi Simons,11,2.946577435109013,3.0907608122456818,39,12,11,19,20,0,1.0210409006702204,1.9255365344387925,0.0,0.07555326756689776,0.07925027723706876
387.0,Pedro González López,23,2.9088318899721886,10.634267999074325,103,12,27,59,44,0,1.6252692448726926,1.2835626450994955,0.0,0.028241086310409596,0.10324532037936238
93.0,Vinícius José Paixão de Oliveira Júnior,7,2.8252643983779926,3.3106550510024015,26,10,9,10,16,0,0.8069327503825696,2.018331647995423,0.0,0.10866401532223048,0.12733288657701544
1315.0,Nicolò Barella,51,2.7700101948927216,4.103646930678685,45,6,13,24,21,0,1.2162572275001624,1.5537529673925592,0.0,0.06155578210872715,0.09119215401508188
1138.0,Marcel Sabitzer,43,2.7668007027425623,6.431951555807264,56,23,5,29,27,0,1.9894324950773188,0.7773682076652432,0.0,0.04940715540611718,0.11485627778227257
230.0,Ousmane Dembélé,16,2.7539587226518525,7.415898168622085,93,37,27,41,51,1,1.4230099272600676,1.3309487953917847,0.0,0.029612459383353253,0.07974084052281812
464.0,Joshua Kimmich,26,2.6986986436145366,14.952928680161095,120,38,38,66,54,0,1.9826773559235327,0.7160212876910037,0.0,0.02248915536345447,0.12460773900134246
517.0,Eden Hazard,29,2.695490033722171,8.001361221775394,72,23,21,31,40,1,1.1096244156537232,1.5858656180684478,0.0,0.0374373615794746,0.11113001696910269
216.0,Cristiano Ronaldo dos Santos Aveiro,15,2.6952841970289443,5.861769640300648,65,29,15,30,35,0,1.4167142890840614,1.2785699079448827,0.0,0.04146591072352222,0.09018107138924074
1494.0,Domenico Berardi,51,2.6885762743593298,4.767402335351221,35,16,11,15,20,0,1.6623623709330402,1.0262139034262894,0.0,0.07681646498169514,0.13621149529574916
200.0,Raphaël Adelino José Guerreiro,15,2.6373491137127454,6.538406949193271,59,14,14,33,26,0,1.9361991347019458,0.7011499790107991,0.0,0.044700832435809246,0.11082045676598765
70.0,Pierre-Emile Højbjerg,6,2.560588284659382,4.410921714623525,64,13,15,35,29,0,1.3745183985163545,1.1860698861430279,0.0,0.04000919194780284,0.06892065179099258
190.0,Kang-In Lee,13,2.5208192715331537,2.2014588354183218,19,6,4,10,9,0,2.0083969316635635,0.51242233986959,0.0,0.13267469850174493,0.11586625449570115
44.0,Nahuel Molina Lucero,4,2.492510620884893,1.9904851824202172,14,3,1,11,3,0,1.0281685054745306,1.4643421154103629,0.0,0.1780364729203495,0.14217751303001552
816.0,Carlos Andrés Sánchez Arcosa,12,2.492195614911844,0.8848449181309953,8,7,1,7,1,0,2.492195614911844,0.0,0.0,0.3115244518639805,0.11060561476637441
352.0,Mateo Kovačić,22,2.459077056352245,8.65467909738971,86,19,22,43,43,0,1.4658103458733578,0.993266710478887,0.0,0.028593919259909825,0.10063580345801988
691.0,Ashley Young,21,2.4500214471665,0.7791827530226131,11,5,3,9,2,0,2.4500214471665,0.0,0.0,0.2227292224696818,0.07083479572932846
284.0,Robert Lewandowski,19,2.4499095039497303,5.219598514218887,43,22,15,16,27,0,0.2736275919054382,2.176281912044292,0.0,0.05697463962673791,0.12138601195857877
359.0,Mislav Oršić,22,2.433641311689893,3.4636795354926866,26,10,8,11,15,0,1.2465843790483395,1.1870569326415534,0.0,0.09360158891114974,0.13321844367279564
1011.0,Artem Dzyuba,41,2.3034684550331006,1.4434786701270303,24,9,10,12,12,0,1.2407940391644598,1.0626744158686408,0.0,0.09597785229304585,0.060144944588626265
1096.0,Donyell Malen,11,2.214773360630748,3.59122911840311,25,9,7,11,14,0,0.8313960375920046,1.3833773230387432,0.0,0.08859093442522992,0.1436491647361244
360.0,Andrej Kramarić,22,2.126954474362321,7.917281072839291,96,26,23,44,52,0,1.3566676688578352,0.7702868055044859,0.0,0.02215577577460751,0.08247167784207594
1193.0,Ruslan Malinovskiy,44,2.1122547818852118,4.746107758141099,35,9,8,21,14,0,1.9348444336769766,0.17741034820823554,0.0,0.06035013662529176,0.13560307880403139
686.0,Juan Guillermo Cuadrado Bello,34,2.096790747385937,2.502160528736033,24,13,7,10,14,0,1.4609374724190127,0.6358532749669243,0.0,0.0873662811410807,0.10425668869733472
512.0,Toby Alderweireld,29,2.0824307836957168,5.153729425431431,21,4,2,11,10,0,1.3628101638780459,0.7196206198176712,0.0,0.099163370652177,0.24541568692530621
924.0,Éver Maximiliano David Banega,4,2.0779616569056545,1.650923060766627,16,6,6,8,8,0,1.8269472850528907,0.25101437185276415,0.0,0.1298726035566034,0.10318269129791419
389.0,Ferrán Torres García,23,2.0677266974997135,3.7138108053144046,29,15,7,10,18,1,0.5083911372788403,1.2768760466387483,0.2824595135821246,0.0713009206034384,0.1280624415625657
340.0,Kyle Walker,21,2.057379840414451,7.42936599089537,48,2,5,27,21,0,1.1584634577617667,0.8989163826526841,0.0,0.042862080008634396,0.15477845814365354
1490.0,Ciro Immobile,51,2.0183658108960216,2.2516728996917355,24,11,5,8,16,0,0.49009050565121637,1.5282753052448053,0.0,0.0840985754540009,0.0938197041538223
279.0,Piotr Zieliński,19,2.0136034512880054,5.115429085991313,62,29,11,34,28,0,1.6445755266500206,0.3690279246379847,0.0,0.032477475020774284,0.08250692074179537
1479.0,Marco Verratti,51,1.9988414281506626,2.6171243336539125,48,5,12,26,22,0,1.7163503929112292,0.28249103523943325,0.0,0.041642529753138806,0.05452342361778984
1541.0,David Olatukunbo Alaba,43,1.9954188486714735,2.7645728907191405,24,9,5,16,8,0,1.6942432157711538,0.30117563290031973,0.0,0.08314245202797806,0.11519053711329752
148.0,Denzel Dumfries,11,1.962136409529552,2.7135829448377633,25,8,10,13,12,0,1.0215771673644995,0.9405592421650525,0.0,0.07848545638118208,0.10854331779351054
682.0,Juan Fernando Quintero Paniagua,34,1.9412728171704963,2.1084811721137315,21,9,4,13,8,0,1.7063264199791999,0.2349463971912965,0.0,0.09244156272240459,0.10040386533874912
407.0,Ritsu Doan,24,1.9411878072788498,2.512244935109189,10,4,3,5,5,0,0.8239908496706865,1.1171969576081633,0.0,0.19411878072788497,0.2512244935109189
67.0,Joakim Mæhle,6,1.9169915523637562,4.186127259828064,56,17,14,26,30,0,0.7104051808158554,1.2065863715479008,0.0,0.03423199200649565,0.07475227249692971
207.0,João Félix Sequeira,15,1.9122689230185816,4.049766291435392,43,16,7,21,22,0,1.0711657061874784,0.8411032168311031,0.0,0.04447137030275771,0.09418061142873005
113.0,Wahbi Khazri,8,1.9116317916749759,1.8049128741861682,18,14,2,7,11,0,1.570081348667058,0.341550443007918,0.0,0.10620176620416533,0.10027293745478712
523.0,Dries Mertens,29,1.9088756552904735,4.651395449378717,44,12,14,23,21,0,0.9897988992648874,0.9190767560255863,0.0,0.043383537620238034,0.10571353294042539
1316.0,Federico Chiesa,51,1.8958063097635505,3.8568790807666637,52,25,12,14,38,0,0.0,1.8958063097635507,0.0,0.03645781364929905,0.07417075155320507
334.0,Harry Maguire,21,1.8889581436746783,2.8510332229098,27,8,2,21,6,0,1.6894537346869787,0.19950440898769967,0.0,0.06996141272869179,0.10559382307073334
253.0,Salem Mohammed Al Dawsari,17,1.8842683377146248,2.46642222507573,38,13,13,14,24,0,0.0,1.8842683377146248,0.0,0.049586008887226966,0.06490584802830869
231.0,Theo Bernard François Hernández,16,1.8724786221389667,5.318960430778994,65,14,12,39,26,0,1.2172111796125802,0.6552674425263867,0.0,0.028807363417522564,0.08183016047352298
1340.0,Roland Sallai,53,1.8531131206495728,5.697536250821866,30,13,7,13,17,0,1.1317063220236845,0.7214067986258883,0.0,0.06177043735498576,0.18991787502739552
465.0,Jorge Resurrección Merodio,23,1.844263273299322,3.3524640570221975,45,15,6,31,14,0,1.844263273299322,0.0,0.0,0.04098362829554049,0.07449920126715995
348.0,Mason Mount,21,1.8385317887190142,2.223564833063358,22,13,3,13,9,0,1.626968081716194,0.2115637070028203,0.0,0.08356962675995519,0.10107112877560719
490.0,Joel Nathaniel Campbell Samuels,28,1.8022427642181629,2.326892309637995,21,4,8,10,11,0,1.5669036252652955,0.23533913895286748,0.0,0.08582108401038871,0.11080439569704739
66.0,Christian Dannemann Eriksen,6,1.7963374900850382,5.9456516474634284,84,42,17,52,31,1,1.553089317645162,0.24324817243987634,0.0,0.02138497012005998,0.07078156723170748
894.0,Andrés Iniesta Luján,23,1.7882126897512558,2.271713584669831,24,6,7,12,12,0,0.7251711680023336,1.0630415217489222,0.0,0.07450886207296899,0.09465473269457629
163.0,Ángel Fabián Di María Hernández,4,1.7756810191459265,4.507877846653353,46,14,12,22,24,0,0.7621507700367989,1.0135302491091274,0.0,0.03860176128578101,0.09799734449246421
568.0,Jordan Ayew,31,1.764411414155544,1.0210886861024866,8,4,3,5,3,0,1.5173306529390156,0.24708076121652844,0.0,0.220551426769443,0.12763608576281082
467.0,Niclas Füllkrug,26,1.746646996922149,2.464262226254137,21,6,6,11,10,0,0.4466469969221488,1.3,0.0,0.08317366652010233,0.11734582029781604
1164.0,Dan Ndoye,3,1.739689091790806,2.379285539979107,25,14,5,7,18,0,0.877766339935266,0.8619227518555401,0.0,0.06958756367163224,0.09517142159916428
1153.0,Christoph Baumgartner,43,1.7232825981564512,1.5090650391481104,16,7,6,7,9,0,0.2651156203187291,1.4581669778377222,0.0,0.1077051623847782,0.0943165649467569
1015.0,Denis Cheryshev,41,1.7195544331682158,1.3653433358322862,16,9,3,5,11,0,0.2580982989683308,1.461456134199885,0.0,0.10747215207301349,0.08533395848951789
366.0,Nikola Vlašić,22,1.7183284575102984,2.5884652352215265,20,6,3,8,12,0,0.2821517590394866,1.4361766984708118,0.0,0.08591642287551492,0.12942326176107632
371.0,Marcelo Brozović,22,1.7150686357998315,5.272166974146292,64,8,14,34,30,0,0.9975939089568251,0.7174747268430064,0.0,0.026797947434372367,0.08237760897103581
1228.0,Dennis Man,46,1.7141015959218473,1.034753229714947,18,8,5,7,10,1,0.5957145927019187,0.8232438293371114,0.2951431738828172,0.09522786644010263,0.057486290539719286
874.0,M''Baye Babacar Niang,10,1.7104413024951266,1.8834698954505595,18,8,3,8,10,0,0.2371416683074637,1.4732996341876627,0.0,0.09502451680528481,0.10463721641391997
229.0,Adrien Rabiot,16,1.6866871403616217,4.77576126176536,56,8,13,30,26,0,0.8514611321554182,0.8352260082062035,0.0,0.030119413220743244,0.08528145110295285
158.0,Teun Koopmeiners,11,1.638698552615877,1.3498732744592823,4,2,2,3,1,0,1.638698552615877,0.0,0.0,0.40967463815396926,0.3374683186148206
392.0,Sergio Busquets i Burgos,23,1.5909995433457083,4.300528096576634,49,4,8,34,15,0,1.3396623129768503,0.25133723036885786,0.0,0.0324693784356267,0.08776587952197212
152.0,Frenkie de Jong,11,1.5773865003004746,4.313745427782319,34,4,10,19,15,0,1.1314654461308844,0.4459210541695903,0.0,0.04639372059707278,0.1268748655230094
1050.0,Aleksandr Golovin,41,1.5753478434810533,3.1335022413314,28,11,5,14,14,0,0.8637746800704875,0.7115731634105656,0.0,0.056262422981466186,0.1119107943332643
386.0,Jordi Alba Ramos,23,1.5646777528879348,5.53478564598794,67,20,17,37,30,0,0.8070542341076468,0.7576235187802881,0.0,0.02335339929683485,0.08260874098489462
754.0,Mario Mandžukić,22,1.5581183081868373,1.4258848690017745,13,7,3,10,3,0,1.5581183081868373,0.0,0.0,0.11985525447591056,0.10968345146167496
1110.0,Mikel Oyarzabal Ugarte,23,1.5485340861108217,3.2584993756006675,47,18,13,17,30,0,0.5615869534932996,0.9869471326175223,0.0,0.03294753374703876,0.06932977394895037
755.0,Ivan Rakitić,22,1.545206522844617,3.346657496197077,43,15,7,24,19,0,0.24520652284461703,1.3,0.0,0.035935035414991094,0.07782924409760644
333.0,Jude Bellingham,21,1.5221413087395603,3.4527389230916734,37,8,8,20,17,0,1.0172026308509348,0.5049386778886253,0.0,0.041138954290258385,0.09331726819166684
891.0,Diego da Silva Costa,23,1.5129323421288239,1.8532574030143683,15,3,5,9,6,0,0.2355806111197611,1.2773517310090627,0.0,0.1008621561419216,0.12355049353429122
713.0,Emil Peter Forsberg,35,1.5019225456076672,2.4512210383650905,37,15,7,13,24,0,0.510866979409654,0.9910555661980134,0.0,0.040592501232639654,0.06624921725311056
306.0,Michel Aebischer,3,1.4982002812937965,1.6231155988038126,23,3,6,15,8,0,0.5832912329960782,0.9149090482977185,0.0,0.06513914266494768,0.07057024342625272
5.0,Djibril Sow,3,1.488784777924361,0.8780567434924007,8,2,4,5,3,0,0.8816600791791536,0.6071246987452075,0.0,0.18609809724054513,0.10975709293655009
337.0,Philip Foden,21,1.4710083098982571,3.631324113794755,44,21,9,23,21,0,0.6986857397532086,0.7723225701450485,0.0,0.033432007043142205,0.08253009349533534
538.0,Gareth Frank Bale,30,1.4549594320631951,3.5368677659174956,26,7,10,12,14,0,0.6369322682070753,0.81802716385612,0.0,0.055959978156276735,0.13603337561221138
251.0,Hirving Rodrigo Lozano Bahena,18,1.4537042173395278,3.1869725938070803,53,19,14,18,35,0,0.3189674884371029,1.1347367289024248,0.0,0.027428381459236373,0.060131558373718495
77.0,Kasper Dolberg,6,1.4533435827870205,0.6924645498975626,10,7,2,3,7,0,0.0,1.4533435827870205,0.0,0.14533435827870206,0.06924645498975626
511.0,Axel Witsel,29,1.4516777629402697,4.4563589234302,37,6,4,22,15,0,0.9609483138904054,0.4907294490498644,0.0,0.03923453413352081,0.12044213306568108
346.0,Jack Grealish,21,1.4432794876580421,3.680340010578238,20,4,8,10,10,0,0.8953381955116411,0.5479412921464012,0.0,0.0721639743829021,0.1840170005289119
457.0,İlkay Gündoğan,26,1.4414744146106415,5.245458683187647,45,8,7,24,21,0,0.7579719397015426,0.6835024749090989,0.0,0.032032764769125366,0.11656574851528105
384.0,Rodrigo Hernández Cascante,23,1.4233517419119381,3.1861384056468594,58,8,10,34,24,0,0.9395253865071671,0.4838263554047711,0.0,0.024540547274343762,0.05493342078701482
228.0,Olivier Giroud,16,1.3912959165046037,3.1918085164971512,29,12,6,19,10,0,0.7514396492391097,0.6398562672654939,0.0,0.04797572125877944,0.1100623626378328
527.0,Kai Havertz,26,1.3889832942206566,6.454110966264278,39,16,9,16,23,0,0.47681323644728324,0.9121700577733733,0.0,0.03561495626206812,0.16549002477600713
847.0,James David Rodríguez Rubio,34,1.3745581958545126,2.0802009583763894,11,4,2,7,4,0,0.9814315030247761,0.39312669282973633,0.0,0.12495983598677386,0.18910917803421723
210.0,Bernardo Mota Veiga de Carvalho e Silva,15,1.3648836938546731,7.122013739459185,82,12,22,46,36,0,1.1240454662158363,0.24083822763883672,0.0,0.016644923095788695,0.08685382609096567
6.0,Ruben Vargas,3,1.3516689074202914,3.2724238177043543,33,16,7,17,16,0,0.8432490636141293,0.5084198438061625,0.0,0.040959663861220956,0.09916435811225316
350.0,Kalvin Phillips,21,1.3483671733734943,2.9855947138720857,20,5,4,11,9,0,0.6080752323410152,0.7402919410324789,0.0,0.06741835866867471,0.14927973569360428
522.0,Youri Tielemans,29,1.3328257756615582,3.938501782041647,43,11,8,21,22,0,0.8195370498403722,0.513288725821186,0.0,0.030995948271199027,0.09159306469864295
1189.0,Oleksandr Zinchenko,44,1.3313412370492461,4.5997485818361135,28,4,4,19,9,0,0.8705107939661465,0.4608304430830996,0.0,0.04754790132318736,0.16427673506557547
629.0,Lucas Hernández Pi,16,1.3285107594047187,1.884547412268081,23,6,5,11,12,0,0.5437792138298958,0.784731545574823,0.0,0.057761337365422556,0.0819368440116557
1101.0,Cole Palmer,21,1.3067980862158384,0.550578274840788,9,3,1,6,3,0,0.6621948479597806,0.6446032382560578,0.0,0.14519978735731537,0.06117536387119867
742.0,Khalid Boutaïb,14,1.3,0.5092567594541018,9,2,0,4,5,0,0.0,1.3,0.0,0.14444444444444446,0.056584084383789084
1346.0,Callum McGregor,52,1.3,1.6273474804144727,16,4,3,7,9,0,0.0,1.3,0.0,0.08125,0.10170921752590455
1035.0,Keisuke Honda,24,1.3,0.9417456092953834,6,3,0,4,2,0,1.3,0.0,0.0,0.21666666666666667,0.15695760154923058
449.0,Giorgian Daniel De Arrascaeta Benedetti,12,1.3,1.2664622725245844,10,5,2,8,2,0,1.3,0.0,0.0,0.13,0.12664622725245844
1149.0,Marko Arnautović,43,1.3,2.6536341091667066,20,7,6,8,12,0,0.0,1.3,0.0,0.065,0.13268170545833533
995.0,Oussama Haddadi,8,1.3,2.320137758845942,7,3,3,4,3,0,0.7271020638721146,0.5728979361278854,0.0,0.18571428571428572,0.331448251263706
1072.0,Alan Dzagoev,41,1.3,0.7504978759858111,3,3,0,2,1,0,1.3,0.0,0.0,0.43333333333333335,0.250165958661937
753.0,Fayçal Fajr,14,1.3,0.38958876687994504,2,2,0,2,0,0,1.3,0.0,0.0,0.65,0.19479438343997252
1587.0,Louis Schaub,43,1.292955710014706,0.31015958376707686,2,2,0,1,1,0,1.292955710014706,0.0,0.0,0.646477855007353,0.15507979188353843
1294.0,Nedim Bajrami,50,1.292955710014706,0.7140672404009732,5,3,0,1,4,0,0.0,1.292955710014706,0.0,0.2585911420029412,0.14281344808019464
171.0,Rodrigo Bentancur Colmán,12,1.2773517310090625,2.224598768214932,31,7,5,15,16,0,0.6405567021968357,0.6367950288122268,0.0,0.041204894548679434,0.07176125058757846
1513.0,Karim Benzema,16,1.272073443727204,0.7189710268969491,8,5,1,2,6,0,0.0,1.272073443727204,0.0,0.1590091804659005,0.08987137836211864
927.0,Cristian David Pavón,4,1.2662421607855663,0.9854161459814326,9,1,1,4,5,0,0.5138600143576156,0.7523821464279505,0.0,0.14069357342061847,0.10949068288682584
1195.0,Andriy Yarmolenko,44,1.2631887101606791,2.081159225854241,26,12,8,10,16,0,0.6090482852100634,0.6541404249506158,0.0,0.04858418116002612,0.0800445856097785
775.0,Ricardo Guardia Avila,36,1.2578321105492525,0.6540413573944714,6,2,2,4,2,0,1.2578321105492525,0.0,0.0,0.20963868509154207,0.10900689289907857
120.0,Ismail Jakobs,10,1.2554500421335484,1.0315681879840266,11,5,4,7,4,0,1.2554500421335484,0.0,0.0,0.11413182201214077,0.09377892618036605
1556.0,Goran Pandev,54,1.25369104105,0.9900920426633868,8,2,3,4,4,0,0.0,1.25369104105,0.0,0.15671138013125,0.12376150533292335
290.0,Krzysztof Piątek,19,1.25369104105,0.7401119728810333,2,1,0,1,1,0,0.0,1.25369104105,0.0,0.626845520525,0.3700559864405166
1484.0,Matteo Pessina,51,1.25369104105,0.4994593572384687,5,1,2,3,2,0,0.0,1.25369104105,0.0,0.25073820821,0.09989187144769374
1111.0,Ivan Toney,21,1.249806203691827,0.5979491328105743,2,2,0,1,1,0,1.249806203691827,0.0,0.0,0.6249031018459135,0.29897456640528713
94.0,Ivan Ilić,2,1.2481967434545456,1.0378465151434328,11,3,3,6,5,0,1.2481967434545456,0.0,0.0,0.1134724312231405,0.09434968319485754
1171.0,Maximilian Mittelstädt,26,1.247715352234947,2.015733464227811,19,5,2,11,8,0,0.7756794715395405,0.47203588069540636,0.0,0.06566922906499721,0.10609123495935846
826.0,Se-Jong Ju,13,1.2474559845695277,1.640265219333112,7,1,1,4,3,0,0.7303199986601825,0.5171359859093452,0.0,0.1782079977956468,0.23432360276187314
758.0,Šime Vrsaljko,22,1.2460944399747833,3.1772099226156496,27,11,5,17,10,0,0.9750591218720874,0.2710353181026961,0.0,0.04615164592499198,0.1176744415783574
39.0,Enzo Fernandez,4,1.2397846365187037,1.6446025334180652,27,9,5,13,14,0,0.6831012511391945,0.5566833853795092,0.0,0.04591794950069273,0.06091120494140982
1062.0,Rafał Kurzawa,19,1.2390455400326772,0.6295331053669253,6,3,0,4,2,0,1.2390455400326772,0.0,0.0,0.2065075900054462,0.10492218422782089
427.0,Kamil Grosicki,19,1.2333673901396551,1.325822998794634,11,9,1,7,4,0,1.2333673901396551,0.0,0.0,0.1121243081945141,0.12052936352678491
117.0,Gonzalo Jordy Plata Jiménez,9,1.2333673901396551,1.2003657243782646,8,5,1,5,3,0,1.2333673901396551,0.0,0.0,0.1541709237674569,0.15004571554728308
1568.0,Oleksandr Karavaev,44,1.2320970982441914,1.3675128535561005,19,3,4,11,8,0,1.0074545839979883,0.2246425142462031,0.0,0.06484721569706271,0.07197436071347897
709.0,Nacer Chadli,29,1.230365952050151,2.9695574262752262,30,8,6,17,13,0,0.746319971935993,0.48404598011415817,0.0,0.0410121984016717,0.09898524754250754
1211.0,Tomáš Chorý,45,1.229670364243158,0.8308455656924882,2,1,0,1,1,0,0.0,1.229670364243158,0.0,0.614835182121579,0.4154227828462441
455.0,Thomas Müller,26,1.2261085610391893,5.951253275860959,50,14,16,32,18,0,0.9490737887343866,0.27703477230480256,0.0,0.024522171220783786,0.11902506551721918
1198.0,Tomáš Holeš,45,1.2228949611334272,0.6677585216858719,10,4,3,5,5,0,0.6218486083629708,0.6010463527704563,0.0,0.12228949611334272,0.0667758521685872
126.0,Idrissa Gana Gueye,10,1.2221923569775,1.6183208870193084,19,7,1,10,9,0,1.2221923569775,0.0,0.0,0.06432591352513158,0.08517478352733203
147.0,Nathan Aké,11,1.2204958283803267,1.7637102955829982,20,3,4,13,7,0,0.9255200039946916,0.2949758243856349,0.0,0.06102479141901633,0.0881855147791499
1219.0,Philipp Mwene,43,1.2171295663320747,0.8758965957503779,5,1,2,2,3,0,0.4181578277309488,0.7989717386011259,0.0,0.24342591326641494,0.1751793191500756
1207.0,İsmail Yüksek,42,1.2133201126486317,0.6970724735908588,10,1,3,5,5,0,0.39383257662050863,0.819487536028123,0.0,0.12133201126486318,0.06970724735908587
1024.0,Jens Stryger Larsen,6,1.2133201126486315,1.063273764296197,18,9,5,13,5,0,1.2133201126486315,0.0,0.0,0.06740667292492397,0.05907076468312205
1130.0,Muhammed Kerem Aktürkoğlu,42,1.20582893959283,0.7816245630317126,10,4,4,4,6,0,0.0,1.20582893959283,0.0,0.12058289395928301,0.07816245630317126
665.0,Roozbeh Cheshmi,33,1.20416459967225,0.1250672637291606,2,2,0,0,2,0,0.0,1.20416459967225,0.0,0.602082299836125,0.0625336318645803
383.0,Aymeric Laporte,23,1.1941723294363202,2.599290417930059,35,5,3,20,15,0,0.7215858151430111,0.4725865142933092,0.0,0.034119209412466295,0.0742654405122874
954.0,Ahmed Musa,39,1.1829301598131285,2.5892965288635996,21,4,4,9,12,0,0.0,1.1829301598131285,0.0,0.05633000761014898,0.12329983470779046
354.0,Marko Livaja,22,1.1813845366637594,1.369001979260707,9,4,3,3,6,0,0.4205387705142279,0.7608457661495315,0.0,0.13126494851819548,0.15211133102896746
458.0,Daniel Carvajal Ramos,23,1.177306857333522,2.3265210708984188,37,6,6,25,11,1,1.177306857333522,0.0,0.0,0.03181910425225735,0.06287894786211942
785.0,Mario Gavranović,3,1.1753239245452598,1.728266027746903,12,3,5,6,6,0,0.2599620482919955,0.9153618762532643,0.0,0.09794366037877165,0.1440221689789086
363.0,Abdelhamid Sabiri,14,1.166398790449639,0.6668927492575148,3,1,1,3,0,0,1.166398790449639,0.0,0.0,0.3887995968165463,0.22229758308583827
1.0,Breel-Donald Embolo,3,1.1656952126272986,4.343552971419818,44,20,6,18,26,0,0.5107461083847704,0.6549491042425282,0.0,0.026493073014256786,0.09871711298681406
679.0,Thomas Delaney,6,1.1499914878698945,3.2475543351522687,37,13,9,20,17,0,0.6594855159554617,0.49050597191443285,0.0,0.031080851023510662,0.08777173878789915
931.0,Sergio Leonel Agüero del Castillo,4,1.147239196216724,0.8103530583008649,11,5,1,4,7,0,0.0,1.147239196216724,0.0,0.10429447238333855,0.07366845984553318
496.0,Keysher Fuller Spence,28,1.1334031438713772,1.5181109297828848,8,4,0,4,4,0,0.4995142853840707,0.6338888584873065,0.0,0.14167539298392215,0.1897638662228606
1029.0,Gaku Shibasaki,24,1.1211024968659538,1.543025293593425,17,5,3,12,5,0,0.6254514698261677,0.4956510270397859,0.0,0.06594720569799728,0.0907661937407897
201.0,Gonçalo Matias Ramos,15,1.1188215045204053,1.2767909832935973,6,4,2,2,3,1,0.4359807049068055,0.6828407996135999,0.0,0.18647025075340087,0.21279849721559954
484.0,Vincent Paté Aboubakar,27,1.1091945894318829,1.7478758787088966,12,5,5,2,10,0,0.33501734666638855,0.7741772427654943,0.0,0.0924328824526569,0.14565632322574137
82.0,Richarlison de Andrade,7,1.0963015830102085,2.5899107191896498,17,9,3,9,8,0,0.22025042666135317,0.8760511563488552,0.0,0.06448832841236521,0.15234768936409704
12.0,Andrija Živković,2,1.0891525972223697,3.849811953193944,36,9,10,18,18,0,0.5619215112790885,0.5272310859432814,0.0,0.03025423881173249,0.106939220922054
1118.0,Kaan Ayhan,42,1.0729674444334254,2.3428858510032087,20,2,3,14,6,0,0.8374958234219343,0.23547162101149113,0.0,0.05364837222167127,0.11714429255016043
222.0,Rafael Alexandre Conceição Leão,15,1.0550766786616266,2.6212622445058704,24,9,6,10,13,1,0.4592922764507066,0.5957844022109199,0.0,0.043961528277567774,0.1092192601877446
1178.0,Roman Yaremchuk,44,1.053042363150467,1.178015724564382,25,10,7,11,14,0,0.3978553686564646,0.6551869944940025,0.0,0.04212169452601868,0.04712062898257528
35.0,Mathew Leckie,5,1.0426405296545769,1.817693631489772,19,4,4,10,9,0,0.2782515161699031,0.7643890134846738,0.0,0.054875817350240885,0.09566808586788274
866.0,Blaise Matuidi,16,1.0378430445489948,1.6140459217551817,10,1,4,6,4,0,0.5327517997037612,0.5050912448452336,0.0,0.10378430445489947,0.16140459217551817
1142.0,Alexander Prass,43,1.0287708455825735,1.0903777318790198,8,1,1,6,2,0,0.6571728470346527,0.3715979985479208,0.0,0.12859635569782168,0.13629721648487747
399.0,Pablo Sarabia García,23,1.0177918200017841,3.0759107327410002,23,6,7,12,11,0,0.5356353828583578,0.48215643714342626,0.0,0.04425181826094714,0.1337352492496087
343.0,Bukayo Saka,21,1.016240311544219,3.620336369026825,52,16,15,23,29,0,0.4867925939715335,0.5294477175726854,0.0,0.0195430829143119,0.06962185325051587
947.0,Gylfi Þór Sigurðsson,40,1.0067235249566,3.430762576358652,20,14,2,13,7,0,0.6375134980616834,0.36921002689491667,0.0,0.05033617624783,0.1715381288179326
151.0,Daley Blind,11,1.0060467732511653,2.9977692923655135,22,2,5,13,9,0,0.546759331155326,0.45928744209583927,0.0,0.04572939878414388,0.1362622405620688
159.0,Steven Berghuis,11,1.0035763418710122,2.3997149106627402,13,8,2,6,7,0,0.7195354188285481,0.28404092304246414,0.0,0.07719818014392402,0.18459345466636462
16.0,Sergej Milinković-Savić,2,1.0012302611512534,3.602761565823021,31,10,6,14,16,1,0.49028764656732104,0.5109426145839322,0.0,0.03229775035971785,0.11621811502654907
1095.0,Jerdy Schouten,11,0.9950074554849211,1.605788127922716,16,2,3,11,5,0,0.7630031743926158,0.23200428109230528,0.0,0.06218796596780757,0.10036175799516975
740.0,João Filipe Iria Santos Moutinho,15,0.9924228915063498,1.8704373211284109,17,6,5,12,5,0,0.9924228915063498,0.0,0.0,0.05837781714743234,0.11002572477225947
125.0,Iliman Ndiaye,10,0.982676220843361,2.5277561192825084,7,3,1,2,5,0,0.5678004624327972,0.4148757584105638,0.0,0.1403823172633373,0.36110801704035833
1503.0,Alexander Isak,35,0.9723784171238397,1.9301666672610522,20,6,5,6,14,0,0.7308378237954111,0.24154059332842853,0.0,0.04861892085619198,0.09650833336305262
1107.0,Marc Cucurella Saseta,23,0.9658835772671478,2.63939858966229,26,2,3,16,10,0,0.7487633598102693,0.21712021745687848,0.0,0.037149368356428764,0.10151533037162654
345.0,Marcus Rashford,21,0.9639680596275948,2.2138890211660756,23,10,4,8,15,0,0.21421595621054118,0.7497521034170537,0.0,0.041911654766417165,0.09625604439852502
372.0,Josip Juranović,22,0.9498325111097737,2.7956908100482245,27,7,8,17,10,0,0.71328034704058,0.23655216406919385,0.0,0.03517898189295458,0.10354410407586016
463.0,David Raum,26,0.9252700378765888,3.258964153964373,26,9,6,19,7,0,0.6865286659042895,0.2387413719722993,0.0,0.03558730914909957,0.12534477515247588
1187.0,Illia Zabarnyi,44,0.9234848670377683,2.2880720361068643,19,1,2,11,8,0,0.4779121052405947,0.44557276179717376,0.0,0.04860446668619833,0.12042484400562443
1273.0,Milan Škriniar,49,0.9197700879481576,1.0296901223913486,8,3,1,4,4,0,0.23533236448552985,0.6844377234626278,0.0,0.1149712609935197,0.12871126529891858
529.0,Mario Götze,26,0.9000266595101638,2.3815313579562103,8,1,2,4,4,0,0.4516300806749054,0.4483965788352583,0.0,0.11250333243877048,0.2976914197445263
382.0,Pablo Martín Páez Gavira,23,0.8982868099455339,1.5246908707079794,11,2,2,7,4,0,0.6760288446485396,0.22225796529699424,0.0,0.0816624372677758,0.13860826097345266
101.0,Naïm Sliti,8,0.896317441782581,4.05363147260403,23,6,7,10,13,0,0.34995660642545195,0.546360835357129,0.0,0.038970323555764394,0.17624484663495782
307.0,Haris Seferović,3,0.8946689807482751,1.8190717854925413,29,10,9,12,17,0,0.5852434401585641,0.30942554058971095,0.0,0.03085065450856121,0.06272661329284625
721.0,Marcus Berg,35,0.8942035718834198,3.0527090441600597,18,8,3,9,9,0,0.4689112552431363,0.42529231664028344,0.0,0.049677976215745545,0.1695949468977811
401.0,Junya Ito,24,0.8927688347018494,2.59791634359062,11,5,4,7,4,0,0.8927688347018494,0.0,0.0,0.08116080315471358,0.23617421305369274
1524.0,Leonardo Spinazzola,51,0.8911166234361709,3.0034865190505875,33,10,7,15,18,0,0.42221403861041873,0.46890258482575226,0.0,0.027003534043520332,0.09101474300153295
235.0,Dayotchanculle Upamecano,16,0.8856254947138041,3.8428929277029913,33,1,3,20,13,0,0.6446193882733973,0.24100610644040693,0.0,0.02683713620344861,0.11645130083948459
1258.0,Georges Mikautadze,48,0.884191163013566,1.5190823355163754,16,2,4,7,9,0,0.5222420855587556,0.3619490774548104,0.0,0.05526194768834788,0.09494264596977346
283.0,Przemysław Frankowski,19,0.8778996571547567,3.0013703549219772,26,7,8,14,12,0,0.4600442490427378,0.41785540811201893,0.0,0.033765371429029106,0.11543732134315297
1325.0,Lorenzo Pellegrini,51,0.8743630923553785,1.3950367689058414,11,4,4,7,4,0,0.8743630923553785,0.0,0.0,0.07948755385048895,0.12682152444598557
790.0,Willian Borges da Silva,7,0.8713031634703872,2.81611150380511,23,7,4,11,12,0,0.4226724543993794,0.44863070907100777,0.0,0.03788274623784292,0.12243963060022217
720.0,Ola Toivonen,35,0.8549081991739329,1.587296623724742,11,4,3,8,3,0,0.2576627500442524,0.5972454491296806,0.0,0.07771892719763027,0.14429969306588564
1590.0,Ádám Szalai,53,0.848762165639821,0.5117163426326861,4,3,1,1,3,0,0.45551189169742967,0.39325027394239126,0.0,0.21219054140995525,0.12792908565817152
303.0,Yann Sommer,3,0.84232127413649,0.8851995964528329,5,0,1,3,2,0,0.3984736392852695,0.4438476348512205,0.0,0.16846425482729802,0.17703991929056656
174.0,Luis Alberto Suárez Díaz,12,0.8382168286333627,1.768327524785694,15,6,7,9,6,0,0.5812875370442072,0.25692929158915545,0.0,0.05588112190889084,0.1178885016523796
807.0,Abdalla Mahmoud El Said Bekhit,37,0.8357105857272566,0.7195061419216573,14,3,3,8,6,0,0.42320605080324153,0.4125045349240151,0.0,0.05969361326623262,0.05139329585154695
132.0,Moisés Isaac Caicedo Corozo,9,0.8318919795725161,1.017607581377654,10,2,2,5,5,0,0.4230582075256231,0.4088337720468931,0.0,0.08318919795725162,0.10176075813776539
468.0,Leroy Sané,26,0.8271104605736483,4.073223344632339,35,14,6,14,21,0,0.8271104605736483,0.0,0.0,0.023631727444961382,0.11637780984663826
238.0,Marcus Thuram,16,0.8234309094974024,2.7354720003189765,20,6,6,10,10,0,0.5979068210419096,0.22552408845549274,0.0,0.04117154547487012,0.13677360001594882
494.0,Yeltsin Ignacio Tejeda Valverde,28,0.8229290602398689,0.2430019983951178,3,1,1,1,2,0,0.4215744315022928,0.40135462873757616,0.0,0.274309686746623,0.08100066613170594
247.0,César Jasib Montes Castro,18,0.8183383722894013,1.0681627891682723,3,2,0,3,0,0,0.8183383722894013,0.0,0.0,0.2727794574298004,0.3560542630560908
677.0,Pau Francisco Torres,23,0.80765929383887,1.623812867976981,18,1,2,9,9,0,0.80765929383887,0.0,0.0,0.044869960768826114,0.09021182599872117
760.0,Ante Rebić,22,0.7954801539425889,2.2254622214611186,24,12,5,7,17,0,0.44208704132451093,0.353393112618078,0.0,0.033145006414274536,0.09272759256087994
1363.0,Riccardo Calafiori,51,0.792136101185211,0.7496880145529498,11,2,2,7,4,0,0.52121620341282,0.270919897772391,0.0,0.07201237283501918,0.06815345586844998
430.0,Christian Pulisic,25,0.7899887134896473,2.0151807259047594,19,11,4,9,10,0,0.5788355501431581,0.2111531633464892,0.0,0.04157835334156038,0.10606214346867154
1347.0,Dominik Szoboszlai,53,0.7860882562259701,4.549593530179666,23,7,8,14,9,0,0.5480706422821628,0.23801761394380724,0.0,0.034177750270694356,0.19780841435563765
370.0,Dejan Lovren,22,0.7794600206323321,1.8882480146734406,16,5,1,9,7,0,0.5363530277588353,0.24310699287349674,0.0,0.04871625128952076,0.11801550091709004
78.0,Mikkel Damsgaard,6,0.7748767143090258,1.448143584463204,24,9,7,10,14,0,0.24260691632253661,0.5322697979864892,0.0,0.032286529762876076,0.06033931601930017
1534.0,Vladimír Darida,45,0.7731397587342714,0.8130925435897234,12,4,1,8,4,0,0.3911338462062007,0.3820059125280707,0.0,0.06442831322785596,0.06775771196581028
154.0,Jurriën David Norman Timber,11,0.7722634727560258,1.8744714731227523,8,0,0,5,3,0,0.5031805125754663,0.2690829601805595,0.0,0.09653293409450323,0.23430893414034404
715.0,Blerim Džemaili,3,0.7600558671383919,0.782079410159001,17,1,3,9,8,0,0.2544191739697261,0.5056366931686658,0.0,0.04470916865519953,0.04600467118582358
632.0,Mehdi Taremi,33,0.7599899972637096,1.9611514341164524,15,3,5,9,6,0,0.371546918483981,0.3884430787797286,0.0,0.050665999817580645,0.13074342894109683
1181.0,Mykola Shaparenko,44,0.7596448640118085,2.310620936568883,25,7,3,14,11,0,0.5403394413862833,0.21930542262552516,0.0,0.030385794560472343,0.09242483746275532
212.0,José Diogo Dalot Teixeira,15,0.7575183534716239,1.1685144026685126,18,5,5,9,9,0,0.2608143691682858,0.49670398430333806,0.0,0.04208435297064577,0.06491746681491736
355.0,Josip Stanišić,22,0.7573642785790815,1.9175367635027971,10,1,1,4,6,0,0.2562116436596874,0.501152634919394,0.0,0.07573642785790816,0.1917536763502797
1606.0,Jere Juhani Uronen,55,0.7559995038656235,0.8953693715732954,10,3,3,7,3,0,0.5018725551939911,0.25412694867163244,0.0,0.07559995038656235,0.08953693715732955
703.0,Adnan Januzaj,29,0.7483123901007671,0.9712976026243538,9,3,1,3,6,0,0.24766766314623737,0.5006447269545298,0.0,0.08314582112230745,0.10792195584715042
1249.0,Diogo José Teixeira da Silva,15,0.7464910405175517,2.2230852945751685,20,5,7,10,10,0,0.4143940132517328,0.33209702726581886,0.0,0.03732455202587758,0.11115426472875842
722.0,Viktor Claesson,35,0.7399062687281206,2.80814907139032,24,3,6,13,11,0,0.25543745072806723,0.48446881800005337,0.0,0.030829427863671693,0.11700621130793
763.0,Milan Badelj,22,0.7375121933563953,0.3208463318375284,8,1,2,4,4,0,0.37964981805073883,0.35786237530565645,0.0,0.09218902416954941,0.04010579147969105
1495.0,Manuel Locatelli,51,0.7361375753574155,1.8316940030704845,14,5,3,7,7,0,0.4817947240319268,0.25434285132548873,0.0,0.05258125538267254,0.13083528593360602
447.0,Nuno Mendes,15,0.735995737178496,0.7461650202903193,22,2,5,11,11,0,0.4983837420875563,0.23761199509093958,0.0,0.03345435168993163,0.03391659183137815
739.0,Ricardo Andrade Quaresma Bernardo,15,0.7322135000667283,0.8149876440523651,12,4,2,5,7,0,0.24279288227944848,0.48942061778727974,0.0,0.06101779167222735,0.06791563700436376
1368.0,Luka Sučić,22,0.7291697929193346,1.6069708640843816,20,4,3,10,10,0,0.47166961849783895,0.2575001744214956,0.0,0.03645848964596673,0.08034854320421908
1017.0,Roman Zobnin,41,0.7266921237963959,1.6181703041348916,18,7,3,8,10,0,0.48792078470301475,0.2387713390933812,0.0,0.040371784655355326,0.0898983502297162
1581.0,Dejan Kulusevski,35,0.7244779733504358,1.1806097587100857,11,3,4,5,6,0,0.4878670388730561,0.23661093447737977,0.0,0.06586163394094871,0.10732815988273506
503.0,Ko Itakura,24,0.7225263052841929,0.7936358827283725,1,0,1,1,0,0,0.7225263052841929,0.0,0.0,0.7225263052841929,0.7936358827283725
1247.0,Žan Karničnik,47,0.7224965285134998,1.1851064306724544,7,1,0,3,4,0,0.22979423994679063,0.49270228856670917,0.0,0.10321378978764283,0.16930091866749347
206.0,Azzedine Ounahi,14,0.7027447033532026,2.95095578342497,30,7,6,13,17,0,0.23258419205351766,0.470160511299685,0.0,0.023424823445106754,0.09836519278083232
68.0,Andreas Christensen,6,0.693594592168881,1.1839181211723198,14,0,1,10,4,0,0.46807973174447803,0.22551486042440297,0.0,0.04954247086920578,0.08456558008373713
520.0,Thorgan Hazard,29,0.6829885771329619,1.887327240002937,28,9,9,17,11,0,0.25117734561756544,0.43181123151539647,0.0,0.024392449183320068,0.06740454428581918
274.0,Hattan Babhir,17,0.667856611282518,0.5936828629141049,6,4,1,2,4,0,0.667856611282518,0.0,0.0,0.11130943521375301,0.09894714381901748
1314.0,Bryan Cristante,51,0.6489488491805283,1.1009683184012036,6,5,1,3,3,0,0.6489488491805283,0.0,0.0,0.10815814153008806,0.18349471973353393
314.0,Davy Klaassen,11,0.6476126928467386,1.7324545816058445,8,3,2,5,3,0,0.6476126928467386,0.0,0.0,0.08095158660584233,0.21655682270073057
1338.0,Andrew Robertson,52,0.6380496279824425,2.936915457451004,27,14,4,22,5,0,0.32277545971658456,0.3152741682658579,0.0,0.023631467703053424,0.10877464657225941
76.0,Alexander Hartmann Bah,6,0.6377092784203603,0.7663276500890357,11,1,5,9,2,0,0.6377092784203603,0.0,0.0,0.0579735707654873,0.06966615000809416
86.0,Thiago Emiliano da Silva,7,0.6361906907677303,1.7597845470901279,13,2,7,8,5,0,0.6361906907677303,0.0,0.0,0.04893774544367156,0.135368042083856
1466.0,Gerard Moreno Balaguero,23,0.6350713771703906,1.6990678333102376,19,8,4,8,11,0,0.3020868587515958,0.33298451841879484,0.0,0.0334248093247574,0.08942462280580198
1336.0,Billy Gilmour,52,0.6340238157447616,0.29994116057034204,4,1,1,2,2,0,0.31888333544685077,0.31514048029791086,0.0,0.1585059539361904,0.07498529014258551
195.0,Rúben Diogo Da Silva Neves,15,0.6332176374268144,1.6099717343702307,13,3,4,9,4,0,0.37010593690592997,0.2631117005208844,0.0,0.04870904903283187,0.12384397956694082
1160.0,Morten Hjulmand,6,0.6318149695116444,1.3054477663648791,15,6,3,8,7,0,0.0,0.6318149695116444,0.0,0.04212099796744296,0.08702985109099194
108.0,Ellyes Joris Skhiri,8,0.6300326389231561,1.4114867686048453,21,2,7,12,9,0,0.31697689333562634,0.3130557455875297,0.0,0.030001554234436005,0.06721365564784978
1533.0,Tomáš Kalas,45,0.6284914949095147,0.6009334597436381,3,1,0,2,1,0,0.6284914949095147,0.0,0.0,0.20949716496983825,0.20031115324787938
1159.0,Victor Bernth Kristansen,6,0.6260171410376081,0.3686567869035162,3,1,2,3,0,0,0.6260171410376081,0.0,0.0,0.20867238034586935,0.1228855956345054
1097.0,Marc Guehi,21,0.6250611034302963,0.506531297980633,2,1,0,2,0,0,0.6250611034302963,0.0,0.0,0.31253055171514815,0.2532656489903165
560.0,Mohammed Al Burayk,17,0.6204025576791107,0.7617187498019896,11,4,3,6,5,0,0.6204025576791107,0.0,0.0,0.05640023251628279,0.06924715907290814
837.0,Abdullah Ibrahim Otayf,17,0.613931079435175,0.5277110681858128,8,2,0,4,4,0,0.613931079435175,0.0,0.0,0.07674138492939687,0.0659638835232266
1158.0,Jonas Older Wind,6,0.6104874650341853,0.6584955988488889,12,6,3,6,6,0,0.6104874650341853,0.0,0.0,0.05087395541951544,0.054874633237407405
940.0,Nicolai Jørgensen,6,0.6103774931215777,0.6747340752016738,9,4,3,5,4,0,0.6103774931215777,0.0,0.0,0.06781972145795308,0.07497045280018598
1282.0,Lukáš Haraslín,49,0.6077335955476637,1.2519354994717788,27,16,3,12,15,0,0.6077335955476637,0.0,0.0,0.022508651686950508,0.046367981461917736
939.0,Lasse Schöne,6,0.6054788990384222,0.31551169982590777,8,2,1,4,4,0,0.6054788990384222,0.0,0.0,0.07568486237980278,0.03943896247823847
341.0,Jordan Brian Henderson,21,0.6030131294598098,3.7825208632833136,33,7,9,20,13,0,0.33134653385159524,0.2716665956082146,0.0,0.01827312513514575,0.11462184434191859
597.0,César Azpilicueta Tanco,23,0.5992143856023888,2.1844668257947495,24,3,7,15,9,0,0.5992143856023888,0.0,0.0,0.024967266066766202,0.09101945107478122
609.0,Tajon Buchanan,32,0.5947238897716878,1.7329972560581008,10,5,2,5,5,0,0.3248196066977485,0.2699042830739393,0.0,0.05947238897716878,0.17329972560581008
1196.0,Antonín Barák,45,0.5944034662239123,1.030016026784829,11,4,4,8,3,0,0.5944034662239123,0.0,0.0,0.05403667874762839,0.09363782061680265
563.0,Mohammed Kudus,31,0.5940310061371237,1.1659889568676742,14,7,2,4,10,0,0.3240633106879467,0.2699676954491769,0.0,0.04243078615265169,0.08328492549054815
199.0,Achraf Hakimi Mouh,14,0.5930463244883438,3.47387875720166,37,7,10,20,17,0,0.32614110674271724,0.2669052177456266,0.0,0.01602827904022551,0.09388861505950433
358.0,Lovro Majer,22,0.5929329228822876,0.5890081677361745,14,4,2,8,6,0,0.5929329228822876,0.0,0.0,0.042352351634449115,0.04207201198115532
1009.0,Aleksey Miranchuk,41,0.5914239764116714,0.5730862671399278,11,2,4,5,6,0,0.0,0.5914239764116714,0.0,0.053765816037424675,0.052098751558175255
472.0,Ngoran Suiru Fai Collins,27,0.585717864167211,1.145438955050696,5,2,1,3,2,0,0.2955610693740183,0.29015679479319273,0.0,0.1171435728334422,0.2290877910101392
1467.0,Kevin Mbabu,3,0.5851381578565676,1.3274645288172144,8,3,3,5,3,0,0.3181346812927012,0.2670034765638664,0.0,0.07314226973207096,0.1659330661021518
1278.0,Dávid Hancko,49,0.5829976875363363,0.3319586633218641,6,0,2,5,1,0,0.5829976875363363,0.0,0.0,0.09716628125605604,0.05532644388697735
72.0,Mathias Jensen,6,0.5783172211109869,1.8999269552889273,29,7,5,14,15,0,0.2958159318480086,0.28250128926297835,0.0,0.01994197314175817,0.0655147225961699
213.0,Yahia Attiyat allah,14,0.5746070276558599,1.7668119465411714,12,4,3,8,4,0,0.32191422459444224,0.2526928030614176,0.0,0.04788391897132166,0.14723432887843094
1432.0,Petr Ševčík,45,0.5724449739171065,2.1255148839203457,23,3,6,13,10,0,0.2976383549895801,0.27480661892752645,0.0,0.024888911909439412,0.09241369060523243
469.0,Nico Schlotterbeck,26,0.572267594086679,1.3490301280765027,10,0,4,7,3,0,0.3309943523126729,0.2412732417740062,0.0,0.05722675940866791,0.13490301280765027
1639.0,Owen Wijndal,11,0.5721047892455242,0.14619300854580425,2,0,0,1,1,0,0.28798301245800056,0.2841217767875237,0.0,0.2860523946227621,0.07309650427290212
556.0,Abdulelah Saad Hameed Al-Malki,17,0.568426046305766,1.5583368394286297,6,0,0,4,2,0,0.29816480039663595,0.27026124590913003,0.0,0.09473767438429433,0.25972280657143826
1300.0,Jasir Asani,50,0.5640276795778633,1.053540442279979,12,7,3,4,8,0,0.2753083096971444,0.28871936988071883,0.0,0.047002306631488605,0.08779503685666491
780.0,Stephan Lichtsteiner,3,0.561344289953088,1.508204042963123,9,2,3,5,4,0,0.32574362947504354,0.23560066047804448,0.0,0.06237158777256534,0.16757822699590255
669.0,Callum Wilson,21,0.5572068402945648,1.7364981986974297,8,4,4,4,4,0,0.3230448526850394,0.2341619876095254,0.0,0.0696508550368206,0.21706227483717871
234.0,Hugo Lloris,16,0.5555457522279671,0.9962944390659618,3,0,0,2,1,0,0.27184633681508535,0.28369941541288174,0.0,0.18518191740932236,0.3320981463553206
294.0,José Andrés Guardado Hernández,18,0.5475914110146021,0.6058067618105251,15,5,1,9,6,0,0.5475914110146021,0.0,0.0,0.03650609406764014,0.040387117454035004
926.0,Gabriel Iván Mercado,4,0.5467625015792232,0.4810437290549118,2,1,1,1,1,0,0.288980746688686,0.2577817548905373,0.0,0.2733812507896116,0.2405218645274559
460.0,Serge Gnabry,26,0.5385140165304241,3.1107884044807697,28,13,6,13,15,0,0.2784275556800655,0.2600864608503586,0.0,0.019232643447515147,0.1110995858743132
475.0,Jean-Charles Castelletto,27,0.5375207407924423,1.0269399633643985,2,0,0,1,1,0,0.2997929606680699,0.23772778012437246,0.0,0.26876037039622114,0.5134699816821993
335.0,Krépin Diatta,10,0.5360642614420221,1.482421150469022,11,7,4,5,6,0,0.2817724427167289,0.2542918187252932,0.0,0.048733114676547465,0.13476555913354746
1272.0,David Strelec,49,0.5320527950260197,1.0128681191268596,8,2,3,4,4,0,0.29537549887638903,0.23667729614963062,0.0,0.06650659937825246,0.12660851489085745
1527.0,Mateusz Andrzej Klich,19,0.5283192325183466,0.9013983405850419,7,2,1,5,2,0,0.2645711324213441,0.26374810009700245,0.0,0.0754741760740495,0.12877119151214883
1156.0,Jannik Vestergaard,6,0.5264993441881386,1.0297565718586803,10,1,2,7,3,0,0.2932293827855152,0.23326996140262343,0.0,0.05264993441881386,0.10297565718586803
412.0,Takuma Asano,24,0.5249296792853347,1.4195841517429306,6,4,0,1,5,0,0.0,0.5249296792853347,0.0,0.08748827988088913,0.23659735862382178
391.0,Marco Asensio Willemsen,23,0.5248962318399326,0.9939601500488702,14,11,3,6,8,0,0.5248962318399326,0.0,0.0,0.03749258798856662,0.0709971535749193
53.0,Alexis Mac Allister,4,0.5198485435864157,1.7950728799133684,26,4,8,15,11,0,0.5198485435864157,0.0,0.0,0.01999417475332368,0.06904126461205264
1518.0,Cengiz Ünder,42,0.5188867758644857,2.02141262996194,27,13,6,10,17,0,0.2659476213093076,0.2529391545551782,0.0,0.019218028735721693,0.07486713444303482
824.0,Yong Lee,13,0.5160021864906381,1.0365653036404407,6,1,1,3,3,0,0.2677168594135932,0.24828532707704498,0.0,0.08600036441510635,0.17276088394007347
1245.0,Timi Elšnik,47,0.5123880407886487,1.453948857044495,14,3,4,6,8,0,0.2785197329587403,0.23386830782990847,0.0,0.03659914577061777,0.1038534897888925
638.0,Ali Gholizadeh,33,0.5122590264092375,1.123803129221226,10,3,4,4,6,0,0.26690727035753553,0.24535175605170198,0.0,0.05122590264092375,0.11238031292212261
911.0,Timo Werner,26,0.511390364214406,1.559567458467714,22,6,6,12,10,0,0.2538293002872006,0.25756106392720535,0.0,0.02324501655520027,0.07088942993035063
50.0,Riley McGree,5,0.5110086475524348,0.7127587998886273,9,6,1,5,4,0,0.2568035884685487,0.2542050590838861,0.0,0.0567787386169372,0.07919542220984749
369.0,Mario Pašalić,22,0.5105648465055832,1.7223418702172872,14,3,2,9,5,0,0.2502591942461066,0.26030565225947655,0.0,0.03646891760754166,0.1230244193012348
588.0,Leander Dendoncker,29,0.5102993833721514,1.8196376519014814,14,2,0,9,5,0,0.25555949418122353,0.25473988919092794,0.0,0.03644995595515367,0.12997411799296296
338.0,Declan Rice,21,0.5074256062544276,2.275746725087056,40,6,8,22,18,0,0.254557601460277,0.2528680047941505,0.0,0.01268564015636069,0.0568936681271764
319.0,Ismaeel Mohammad Mohammad,20,0.5061565143656157,0.6936635381967796,3,2,1,1,2,0,0.2794142125937383,0.22674230177187737,0.0,0.1687188381218719,0.23122117939892653
879.0,Moussa Wagué,10,0.5052321715319319,0.914602718136466,10,4,4,7,3,0,0.24997504690119793,0.2552571246307339,0.0,0.05052321715319319,0.0914602718136466
1292.0,Ylber Ramadani,50,0.5026609467986922,0.7817619428825414,4,0,1,3,1,0,0.2561552302787491,0.24650571651994313,0.0,0.12566523669967306,0.19544048572063535
668.0,Sadegh Moharrami,33,0.502463730532447,1.0045164945500593,2,0,0,1,1,0,0.24539745734919854,0.25706627318324843,0.0,0.2512318652662235,0.5022582472750297
1180.0,Georgiy Sudakov,44,0.5010106486517013,1.634719711761618,28,5,6,12,16,0,0.25455528429505925,0.24645536435664203,0.0,0.017893237451846476,0.05838284684862921
1421.0,Jakub Moder,19,0.4989486911517799,1.2585710760414675,12,3,0,6,6,0,0.2559484021653664,0.24300028898641352,0.0,0.04157905759598166,0.10488092300345563
627.0,Jerome Ngom Mbekeli,27,0.498786559935189,0.274742781907386,2,1,1,1,1,0,0.23623650986231115,0.26255005007287785,0.0,0.2493932799675945,0.137371390953693
1511.0,Rafael Alexandre Fernandes Ferreira da Silva,15,0.49784656521784276,0.4467735856580442,2,1,0,2,0,0,0.49784656521784276,0.0,0.0,0.24892328260892138,0.2233867928290221
48.0,Harry Souttar,5,0.49746947663776686,0.8327487209976089,3,0,1,2,1,0,0.25263050881463667,0.24483896782313022,0.0,0.1658231588792556,0.27758290699920296
519.0,Thibaut Courtois,29,0.496919957543317,1.1467497075682203,6,0,0,4,2,0,0.2472669293880335,0.24965302815528354,0.0,0.08281999292388617,0.19112495126137005
90.0,Marcos Aoás Corrêa,7,0.4968041590387846,1.2340528809330382,14,3,1,9,5,0,0.24861440524790793,0.24818975379087668,0.0,0.03548601135991319,0.08814663435235988
942.0,Pione Sisto Ifolo Emirmija,6,0.49618757356683996,0.7584482262388513,10,5,1,4,6,0,0.24790189913898766,0.2482856744278523,0.0,0.049618757356683994,0.07584482262388513
546.0,Joseff Morrell,30,0.49555699189120633,0.9268784838063767,10,3,2,6,4,0,0.49555699189120633,0.0,0.0,0.04955569918912063,0.09268784838063768
405.0,Yuto Nagatomo,24,0.4944321909526739,1.3364838727622734,11,3,3,6,5,0,0.2523638763427919,0.24206831460988196,0.0,0.044948380995697625,0.1214985338874794
1555.0,Andreas Ulmer,43,0.49390445748400164,0.7593613566988706,4,0,0,3,1,0,0.24616502454149328,0.24773943294250836,0.0,0.12347611437100041,0.18984033917471765
861.0,José Paolo Guerrero Gonzáles,38,0.4930993266811373,1.1670862944696794,7,4,1,3,4,0,0.24858431834459746,0.24451500833653989,0.0,0.0704427609544482,0.16672661349566847
1605.0,Teemu Pukki,55,0.4928401525469118,1.2014019503168831,15,5,3,6,9,0,0.24360419028818392,0.24923596225872793,0.0,0.03285601016979412,0.08009346335445887
822.0,Javier Hernández Balcázar,18,0.49020841074343524,0.916632079741727,19,3,5,12,7,0,0.24732338032800405,0.2428850304154312,0.0,0.025800442670707118,0.04824379367061721
925.0,Faustino Marcos Alberto Rojo,4,0.4899221836318223,0.6638279797374181,4,2,0,2,2,0,0.2437667899937328,0.24615539363808947,0.0,0.12248054590795557,0.16595699493435453
133.0,Abdou Diallo,10,0.4898974270718123,1.189799396049165,7,1,1,4,3,0,0.249603115788192,0.24029431128362028,0.0,0.06998534672454461,0.16997134229273786
408.0,Daichi Kamada,24,0.48927454781353796,1.7194959091120205,10,4,0,5,5,0,0.24124333174133414,0.24803121607220385,0.0,0.048927454781353796,0.17194959091120204
315.0,Abdelkarim Hassan Al Haj Fadlalla,20,0.4879403843605904,1.536287981619904,9,4,1,3,6,0,0.24962309043300307,0.23831729392758733,0.0,0.05421559826228782,0.17069866462443378
1136.0,Nélson Cabral Semedo,15,0.4870378251327667,1.1418042365226935,11,1,3,6,5,0,0.24964712969429467,0.23739069543847202,0.0,0.04427616592116061,0.10380038513842668
196.0,Kléper Laveran Lima Ferreira,15,0.4865297010564136,1.785839505129575,23,0,1,15,8,0,0.24606649382979384,0.24046320722661976,0.0,0.02115346526332233,0.07764519587519891
857.0,N''Golo Kanté,16,0.4865103218410298,3.773561536135773,56,11,9,33,23,0,0.4865103218410298,0.0,0.0,0.008687684318589819,0.06738502743099595
1119.0,Hakan Çalhanoğlu,42,0.4859389297597696,2.2262484587231426,34,16,7,18,16,0,0.24183343620886746,0.2441054935509021,0.0,0.014292321463522635,0.06547789584479831
854.0,Víctor Yoshimar Yotún Flores,38,0.4857567390907527,1.107260372766314,13,5,0,7,6,0,0.24738286904755988,0.2383738700431928,0.0,0.03736590300698098,0.085173874828178
704.0,Marouane Fellaini-Bakkioui,29,0.4852659284019665,2.3843190594568404,11,4,1,7,4,0,0.25018296352250285,0.23508296487946362,0.0,0.04411508440017877,0.21675627813244003
1493.0,Lorenzo Insigne,51,0.4841072246170971,2.840164099493633,53,22,10,25,28,0,0.0,0.4841072246170971,0.0,0.009134098577681077,0.05358800187723836
1176.0,Artem Dovbyk,44,0.48316001086169313,1.810793217253981,23,12,7,8,15,0,0.23891276627425487,0.2442472445874383,0.0,0.021006956993986657,0.07873013988060787
184.0,Jae-Sung Lee,13,0.4797828109014175,1.152450157415654,20,3,5,10,10,0,0.2297332576205993,0.25004955328081824,0.0,0.023989140545070876,0.0576225078707827
205.0,Hakim Ziyech,14,0.4796394515161086,4.732527896469442,52,20,11,26,26,0,0.24532640436808867,0.23431304714801993,0.0,0.009223835606079011,0.09101015185518158
31.0,Christian Fassnacht,3,0.47844588550276534,1.3163019908823461,3,1,0,1,2,0,0.24468115031812196,0.23376473518464336,0.0,0.15948196183425511,0.43876733029411535
187.0,Edinson Roberto Cavani Gómez,12,0.47809700723798815,3.046063787115095,28,11,8,9,19,0,0.2377840066813199,0.24031300055666824,0.0,0.017074893115642434,0.10878799239696768
569.0,Gideon Mensah,31,0.4779386333172745,0.38982664299293845,3,1,0,2,1,0,0.23614169961989329,0.2417969336973812,0.0,0.15931287777242484,0.1299422143309795
917.0,Fakhreddine Ben Youssef,8,0.47251506323046505,2.209616341774284,9,3,4,5,4,0,0.26078986337283794,0.2117251998576271,0.0,0.0525016736922739,0.24551292686380932
183.0,Facundo Pellistri Rebollo,12,0.47244622862874086,0.9230549273817918,10,3,3,5,5,0,0.24489998781731068,0.2275462408114302,0.0,0.047244622862874085,0.09230549273817919
1280.0,Peter Pekarík,49,0.4702274698529991,0.8937085025016389,18,4,6,10,8,0,0.22543655148326514,0.24479091836973396,0.0,0.026123748325166618,0.04965047236120216
1218.0,Orkun Kökçü,42,0.4684337139063975,1.1285236535452907,16,3,2,9,7,0,0.23349112015186413,0.23494259375453336,0.0,0.029277107119149843,0.07053272834658067
757.0,Ivan Strinić,22,0.46719309726649294,0.7795024990276739,14,1,3,8,6,0,0.23835094088842737,0.2288421563780656,0.0,0.03337093551903521,0.05567874993054813
611.0,Cyle Larin,32,0.46661913549911227,2.021853117404418,8,1,1,4,4,0,0.24081698171033447,0.22580215378877783,0.0,0.058327391937389034,0.25273163967555223
456.0,Leon Goretzka,26,0.46659342731184744,1.4371548356548816,14,4,2,7,7,0,0.0,0.46659342731184744,0.0,0.03332810195084625,0.10265391683249155
329.0,William Silva de Carvalho,15,0.4647101651632367,0.5952994606725545,16,1,3,8,8,0,0.23028351393061638,0.2344266512326203,0.0,0.029044385322702294,0.037206216292034654
589.0,Jeremy Doku,29,0.46416480097180945,4.694203036060297,50,15,14,18,32,0,0.23643079640493275,0.2277340045668767,0.0,0.009283296019436189,0.09388406072120593
13.0,Manuel Obafemi Akanji,3,0.46301535446664394,2.2890042382471223,29,5,2,18,11,0,0.23348941885806862,0.22952593560857532,0.0,0.01596604670574634,0.07893118062921112
626.0,Jules Olivier Ntcham,27,0.46235477409577974,0.22114362420618908,5,1,1,2,3,0,0.23216098383819855,0.2301937902575812,0.0,0.09247095481915595,0.04422872484123781
577.0,Abdul Rahman Baba,31,0.4613135796683406,0.7692132011953082,8,0,2,3,5,0,0.23978008160197956,0.22153349806636102,0.0,0.05766419745854257,0.09615165014941353
791.0,Marcelo Vieira da Silva Júnior,7,0.45944362361210667,2.291087432325461,33,4,7,16,17,0,0.2439267361210937,0.21551688749101294,0.0,0.013922534048851716,0.06942689188865032
1279.0,Juraj Kucka,49,0.4547203805984694,0.7102265814356401,15,4,3,9,6,0,0.4547203805984694,0.0,0.0,0.03031469203989796,0.04734843876237601
461.0,Manuel Neuer,26,0.4540615960892518,0.5644970821761314,2,0,0,1,1,0,0.22710532599036887,0.22695627009888295,0.0,0.2270307980446259,0.2822485410880657
19.0,Filip Kostić,2,0.45100990601242347,1.6578993395575785,13,4,1,7,6,0,0.2359673981854591,0.21504250782696438,0.0,0.03469306969326334,0.12753071842750605
684.0,Santiago Arias Naranjo,34,0.4505122285522952,1.056901505772451,11,1,1,6,5,0,0.22913615406528803,0.22137607448700716,0.0,0.04095565714111775,0.09608195507022281
963.0,Victor Moses,39,0.44961642656243883,0.9085673104441484,14,6,3,4,10,0,0.22379995835620567,0.22581646820623313,0.0,0.0321154590401742,0.06489766503172488
1010.0,Sergei Ignashevich,41,0.4487626326330137,0.274509805344685,1,0,0,1,0,0,0.4487626326330137,0.0,0.0,0.4487626326330137,0.274509805344685
150.0,Marten de Roon,11,0.44593415280919313,1.2917380946703612,12,0,4,8,4,0,0.22382908972141832,0.22210506308777483,0.0,0.037161179400766096,0.1076448412225301
897.0,Francisco Román Alarcón Suárez,23,0.4452371521222329,3.3995773945202763,40,14,8,21,19,0,0.22452349918287431,0.22071365293935863,0.0,0.011130928803055823,0.0849894348630069
1222.0,Andrei Florin Ratiu,46,0.4450910945210747,0.3003870844575004,10,2,3,3,7,0,0.22386501162208725,0.22122608289898746,0.0,0.04450910945210747,0.03003870844575004
633.0,Ramin Rezaeian,33,0.44417460240854045,2.1708111791843505,15,7,3,9,6,0,0.0,0.44417460240854045,0.0,0.029611640160569365,0.1447207452789567
514.0,Jan Vertonghen,29,0.4440132958911833,1.7010758222864006,14,1,2,8,6,0,0.22685417599182273,0.2171591198993606,0.0,0.03171523542079881,0.12150541587760004
952.0,Kelechi Promise Iheanacho,39,0.44097595315047367,1.5008196878724283,12,5,3,5,7,0,0.22268689115675097,0.21828906199372272,0.0,0.03674799609587281,0.12506830732270235
60.0,Lautaro Javier Martínez,4,0.4399104118856835,1.8030980553901208,13,9,2,3,10,0,0.0,0.4399104118856835,0.0,0.033839262452744885,0.13869985041462468
245.0,Luis Gerardo Chávez Magallón,18,0.4395236055081568,1.562989029034558,19,7,3,10,9,0,0.4395236055081568,0.0,0.0,0.023132821342534568,0.08226258047550306
1655.0,Jakub Świerczok,19,0.4367739509411541,1.0181002787157303,2,0,0,1,1,0,0.22175597845365477,0.21501797248749938,0.0,0.21838697547057706,0.5090501393578651
1143.0,Florian Grillitsch,43,0.43113039132028746,1.0295829693385736,16,6,2,8,8,0,0.43113039132028746,0.0,0.0,0.026945649457517967,0.06434893558366085
168.0,Sang-Ho Na,13,0.4301426349190814,0.5607191680546192,6,0,3,4,2,0,0.21658921149965793,0.21355342341942346,0.0,0.07169043915318023,0.09345319467576986
1018.0,Ilya Kutepov,41,0.4301009588605868,0.7530399707432196,6,1,1,5,1,0,0.4301009588605868,0.0,0.0,0.07168349314343113,0.1255066617905366
1465.0,Pascal Groß,26,0.4247307094652367,0.8880462971974652,5,0,0,3,2,0,0.2167427245548146,0.20798798491042214,0.0,0.08494614189304735,0.17760925943949304
1589.0,Loïc Négo,53,0.4246568908576331,0.9217101073077686,7,0,1,4,3,0,0.20857930622763785,0.21607758462999524,0.0,0.06066527012251901,0.13167287247253837
687.0,Jesse Lingard,21,0.42416533954632585,1.1475433688113457,22,8,7,11,11,0,0.42416533954632585,0.0,0.0,0.019280242706651175,0.05216106221869753
435.0,Tyler Adams,25,0.42388729477028686,0.5860382820514868,6,2,0,4,2,0,0.21369830155863273,0.21018899321165413,0.0,0.07064788246171448,0.09767304700858113
1100.0,Ollie Watkins,21,0.42370056285547003,0.09282374318222507,1,1,0,0,1,0,0.0,0.42370056285547003,0.0,0.42370056285547003,0.09282374318222507
122.0,Angelo Smit Preciado Quiñónez,9,0.42355806256103207,0.7219214444277572,7,3,3,4,3,0,0.42355806256103207,0.0,0.0,0.06050829465157601,0.10313163491825103
1082.0,Mohamed Salah,37,0.4221513920703015,1.3414425213105454,15,6,5,6,9,0,0.0,0.4221513920703015,0.0,0.0281434261380201,0.08942950142070302
1359.0,Kevin Csoboth,53,0.415744414820136,1.9512948700001749,5,1,0,2,3,0,0.22298399721941112,0.1927604176007249,0.0,0.0831488829640272,0.39025897400003495
1496.0,Marek Hamšík,49,0.4114575611454095,1.1820557924834991,13,4,2,7,6,0,0.4114575611454095,0.0,0.0,0.03165058162656996,0.09092736865257686
1055.0,Saîf-Eddine Khaoui,8,0.40827204637233466,2.0584654202665873,6,1,0,3,3,0,0.21704876440742066,0.191223281964914,0.0,0.06804534106205577,0.34307757004443123
663.0,Joe Allen,30,0.40444441814551413,0.9152124950581252,16,2,3,8,8,0,0.40444441814551413,0.0,0.0,0.025277776134094633,0.057200780941132824
537.0,Connor Roberts,30,0.4034308473316557,1.9931615496189048,24,3,4,14,10,0,0.2018751418170288,0.20155570551462684,0.0,0.016809618638818986,0.0830483979007877
1329.0,András Schäfer,53,0.3986938189297068,1.1032307142687754,15,3,3,7,8,0,0.3986938189297068,0.0,0.0,0.02657958792864712,0.07354871428458502
259.0,Saleh Khalid Al Shehri,17,0.39685243255282127,1.0061839158930046,5,3,1,2,2,1,0.0,0.39685243255282127,0.0,0.07937048651056425,0.20123678317860091
795.0,João Miranda de Souza Filho,7,0.393567361480748,0.3527428188755123,4,1,1,2,2,0,0.393567361480748,0.0,0.0,0.098391840370187,0.08818570471887807
1265.0,Khvicha Kvaratskhelia,48,0.3931605679954965,2.36119905849397,26,8,9,11,15,0,0.0,0.3931605679954965,0.0,0.015121560307519096,0.09081534840361424
938.0,Jonas Knudsen,6,0.3905337030291937,0.7734746769308815,2,0,0,2,0,0,0.3905337030291937,0.0,0.0,0.19526685151459686,0.3867373384654407
534.0,Daniel James,30,0.3720720336904836,1.6530924364577375,24,14,7,16,8,0,0.3720720336904836,0.0,0.0,0.01550300140377015,0.0688788515190724
181.0,Jin-Su Kim,13,0.3592008469723789,1.3337161600991876,11,5,4,6,5,0,0.3592008469723789,0.0,0.0,0.032654622452034446,0.12124692364538069
413.0,Kaoru Mitoma,24,0.35872128142502213,1.376217791869295,11,5,4,5,6,0,0.35872128142502213,0.0,0.0,0.03261102558409292,0.12511070835175409
1504.0,Róbert Mak,49,0.3529185388609545,0.4715394416473516,4,1,2,2,2,0,0.3529185388609545,0.0,0.0,0.08822963471523862,0.1178848604118379
261.0,Firas Tariq Nasser Al Albirakan,17,0.3347215211414128,0.7616516156664213,4,1,1,2,2,0,0.3347215211414128,0.0,0.0,0.0836803802853532,0.19041290391660531
707.0,Ruben Loftus-Cheek,21,0.3301383715157759,1.325331172626346,7,2,1,3,4,0,0.0,0.3301383715157759,0.0,0.047162624502253704,0.18933302466090657
99.0,Gabriel Fernando de Jesus,7,0.32958010017601297,3.3711136615140855,27,9,12,11,16,0,0.0,0.32958010017601297,0.0,0.01220667037688937,0.12485606153755872
104.0,Aïssa Bilal Laïdouni,8,0.3284169180689261,0.888603474879058,11,2,3,7,4,0,0.3284169180689261,0.0,0.0,0.029856083460811464,0.08078213407991436
895.0,David Josué Jiménez Silva,23,0.32391491227708374,2.4802675238611656,20,6,5,13,7,0,0.32391491227708374,0.0,0.0,0.016195745613854187,0.12401337619305827
381.0,Ante Budimir,22,0.321846764411612,0.8450812756943169,4,2,2,2,2,0,0.321846764411612,0.0,0.0,0.080461691102903,0.21127031892357923
45.0,Rodrigo Javier De Paul,4,0.321343907089197,2.042853485752166,32,4,9,17,15,0,0.321343907089197,0.0,0.0,0.010041997096537407,0.06383917142975519
533.0,Harry Wilson,30,0.3128296931997411,1.810810855362952,9,3,1,6,3,0,0.3128296931997411,0.0,0.0,0.034758854799971234,0.2012012061514391
1638.0,Nicolai Møller Boilesen,6,0.31055144569829013,0.3047740424959309,1,0,0,1,0,0,0.31055144569829013,0.0,0.0,0.31055144569829013,0.3047740424959309
3.0,Silvan Widmer,3,0.30399607512378385,1.8547338406875036,14,4,2,9,5,0,0.30399607512378385,0.0,0.0,0.02171400536598456,0.13248098862053598
431.0,Sergino Dest,25,0.3022579107600193,1.3637335615540722,11,7,1,4,7,0,0.3022579107600193,0.0,0.0,0.02747799188727448,0.12397577832309747
1509.0,Robin Gosens,26,0.2988350143436413,2.0079183444274973,15,6,3,9,6,0,0.2988350143436413,0.0,0.0,0.019922334289576085,0.13386122296183314
949.0,Hörður Björgvin Magnússon,40,0.29327647504339993,0.5498888128006478,4,0,0,3,1,0,0.29327647504339993,0.0,0.0,0.07331911876084998,0.13747220320016196
1364.0,Federico Dimarco,51,0.2913078213668439,0.20588290401297124,7,4,2,4,3,0,0.2913078213668439,0.0,0.0,0.041615403052406276,0.029411843430424463
1112.0,Mikel Merino Zazón,23,0.2895078089658416,0.9538422016737521,17,1,3,9,8,0,0.2895078089658416,0.0,0.0,0.01702987111563774,0.05610836480433836
233.0,Jules Koundé,16,0.289124280447498,3.6349313280833417,44,11,9,22,22,0,0.289124280447498,0.0,0.0,0.006571006373806773,0.08261207563825777
535.0,Aaron Ramsey,30,0.2881207558917237,2.1786640734998257,22,8,4,10,12,0,0.0,0.2881207558917237,0.0,0.01309639799507835,0.09903018515908299
437.0,Weston McKennie,25,0.28641829673556435,1.3237041587676155,20,2,4,10,10,0,0.28641829673556435,0.0,0.0,0.014320914836778217,0.06618520793838077
997.0,Hamdi Nagguez,8,0.2856116808468393,0.9228947552480391,7,3,3,5,2,0,0.2856116808468393,0.0,0.0,0.04080166869240561,0.13184210789257703
1537.0,Josip Brekalo,22,0.2846575653934836,0.9506081485804528,2,0,0,2,0,0,0.2846575653934836,0.0,0.0,0.1423287826967418,0.4753040742902264
277.0,Matty Cash,19,0.28002194227489696,1.8086386733854574,12,1,2,8,4,0,0.28002194227489696,0.0,0.0,0.023335161856241415,0.1507198894487881
681.0,Radamel Falcao García Zárate,34,0.2794542107218903,0.7142513699638894,8,3,0,4,4,0,0.0,0.2794542107218903,0.0,0.03493177634023629,0.08928142124548617
800.0,Roberto Firmino Barbosa de Oliveira,7,0.27397362280732884,1.5792253089842863,12,2,2,6,6,0,0.27397362280732884,0.0,0.0,0.02283113523394407,0.13160210908202385
344.0,Pape Matar Sarr,10,0.2727738212901874,0.7509153049482394,3,2,1,2,1,0,0.2727738212901874,0.0,0.0,0.09092460709672913,0.25030510164941316
1525.0,Kamil Jóźwiak,19,0.27273207632987345,0.5864579012444109,12,1,5,7,5,0,0.27273207632987345,0.0,0.0,0.022727673027489455,0.04887149177036757
157.0,Wout Weghorst,11,0.2722164628266632,1.616282687475671,8,5,1,6,2,0,0.2722164628266632,0.0,0.0,0.0340270578533329,0.20203533593445888
1168.0,Emre Can,26,0.27138896577599764,0.7843533846003055,5,1,1,3,2,0,0.0,0.27138896577599764,0.0,0.054277793155199525,0.1568706769200611
1132.0,Cenk Tosun,42,0.2690305049481816,0.2386165667017116,2,1,0,1,1,0,0.0,0.2690305049481816,0.0,0.1345152524740908,0.1193082833508558
1221.0,İrfan Can Kahveci,42,0.267247738102949,0.808091562361893,16,1,1,10,6,0,0.0,0.267247738102949,0.0,0.016702983631434312,0.05050572264761831
96.0,Rodrygo Silva de Goes,7,0.26266719473073064,1.759347654949471,19,9,5,9,10,0,0.26266719473073064,0.0,0.0,0.013824589196354244,0.09259724499734058
173.0,Darwin Gabriel Núñez Ribeiro,12,0.26037928395273197,0.8399283266745814,9,2,2,5,4,0,0.26037928395273197,0.0,0.0,0.028931031550303552,0.09332536963050904
65.0,Martin Braithwaite Christensen,6,0.25969428565722086,1.436005598328636,27,10,7,14,13,0,0.0,0.25969428565722086,0.0,0.009618306876193364,0.05318539253069022
1012.0,Yury Gazinskiy,41,0.2596134689097536,0.7690781821205885,5,1,1,2,3,0,0.2596134689097536,0.0,0.0,0.051922693781950725,0.15381563642411772
28.0,Denis Lemi Zakaria Lako Lado,3,0.2589664453883846,0.10246564056423259,2,2,0,1,1,0,0.2589664453883846,0.0,0.0,0.1294832226941923,0.051232820282116294
1281.0,Ivan Schranz,49,0.2586542497372533,0.6166065959581607,11,5,2,7,4,0,0.0,0.2586542497372533,0.0,0.023514022703386664,0.05605514508710552
756.0,Domagoj Vida,22,0.25753733349826186,0.5846437874061141,8,0,1,5,3,0,0.25753733349826186,0.0,0.0,0.03219216668728273,0.07308047342576426
936.0,Yussuf Yurary Poulsen,6,0.2573358111404295,1.5156909500097535,27,9,9,13,14,0,0.0,0.2573358111404295,0.0,0.009530955968164057,0.056136701852213096
58.0,Nicolás Alejandro Tagliafico,4,0.256018613492419,1.1832231978574992,16,3,4,11,5,0,0.256018613492419,0.0,0.0,0.016001163343276188,0.0739514498660937
80.0,Andreas Evald Cornelius,6,0.2545138670006272,0.8130094202820313,13,3,4,7,6,0,0.2545138670006272,0.0,0.0,0.019577989769279016,0.06253918617554087
801.0,Fernando Luiz Rosa,7,0.2531979940805615,1.1489883277893502,14,3,5,6,8,0,0.2531979940805615,0.0,0.0,0.01808557100575439,0.08207059484209644
33.0,Jackson Irvine,5,0.24967564573217105,0.5889730941002311,9,2,3,5,4,0,0.24967564573217105,0.0,0.0,0.027741738414685673,0.06544145490002568
339.0,Jordan Pickford,21,0.24888194333810185,0.8625214720938434,4,0,0,4,0,0,0.24888194333810185,0.0,0.0,0.06222048583452546,0.21563036802346086
37.0,Mitchell Thomas Duke,5,0.24804535683558537,0.2932150810364996,4,2,1,2,2,0,0.24804535683558537,0.0,0.0,0.06201133920889634,0.0733037702591249
738.0,Adrien Sebastian Perruchet Silva,15,0.2478160282545237,0.6629795519497452,14,3,4,7,7,0,0.2478160282545237,0.0,0.0,0.01770114487532312,0.04735568228212466
1169.0,Florian Wirtz,26,0.24577550746160476,2.3171862570966737,24,7,7,13,11,0,0.24577550746160476,0.0,0.0,0.010240646144233532,0.09654942737902807
565.0,Salis Abdul Samed,31,0.24574606158325632,0.5887842590891281,8,0,1,5,3,0,0.24574606158325632,0.0,0.0,0.03071825769790704,0.07359803238614102
1274.0,Denis Vavro,49,0.24496876064206416,0.720260672584864,8,2,0,4,4,0,0.24496876064206416,0.0,0.0,0.03062109508025802,0.090032584073108
1152.0,Konrad Laimer,43,0.244013291968737,1.8820786806544691,17,5,6,7,10,0,0.244013291968737,0.0,0.0,0.014353723056984529,0.11071051062673348
639.0,Ahmad Nourollahi,33,0.24310935360756805,0.6517508812916398,4,3,0,1,3,0,0.24310935360756805,0.0,0.0,0.06077733840189201,0.16293772032290996
802.0,Nahitan Michel Nández Acosta,12,0.2416851666684761,1.1327713263306731,7,1,2,4,3,0,0.2416851666684761,0.0,0.0,0.03452645238121087,0.16182447519009616
711.0,Vincent Kompany,29,0.24164367539834597,0.9521163156032527,11,0,1,6,5,0,0.24164367539834597,0.0,0.0,0.021967606854395087,0.0865560286912048
121.0,Ismaïla Sarr,10,0.2405016323376935,2.1638534863376133,33,10,8,14,19,0,0.2405016323376935,0.0,0.0,0.007287928252657379,0.06557131776780646
312.0,Boualem Khoukhi,20,0.23927049141344928,1.0212761264784813,4,0,0,3,1,0,0.23927049141344928,0.0,0.0,0.05981762285336232,0.25531903161962033
733.0,Cédric Ricardo Alves Soares,15,0.23895987437118718,0.4197819063502675,8,2,1,6,2,0,0.23895987437118718,0.0,0.0,0.029869984296398398,0.05247273829378344
605.0,Milan Borjan,32,0.2386569747291997,0.9543153008992463,3,0,0,2,1,0,0.2386569747291997,0.0,0.0,0.07955232490973323,0.31810510029974876
224.0,Zakaria Aboukhlal,14,0.23806668379869814,0.3674323511082403,2,1,0,1,1,0,0.23806668379869814,0.0,0.0,0.11903334189934907,0.18371617555412015
478.0,Nicolas Alexis Julio N'Koulou Ndoubena,27,0.2373359442127612,0.5198564993954115,3,0,0,3,0,0,0.2373359442127612,0.0,0.0,0.07911198140425373,0.1732854997984705
867.0,Christian Guillermo Martín Ramos Garagay,38,0.23700032638811006,0.08807170096874248,2,0,1,2,0,0,0.23700032638811006,0.0,0.0,0.11850016319405503,0.04403585048437124
1019.0,Aleksandr Samedov,41,0.23611800456894685,0.7899873445387094,10,5,1,8,2,0,0.23611800456894685,0.0,0.0,0.023611800456894684,0.07899873445387094
886.0,Sebastian Larsson,35,0.23548843616987866,2.6819987830600605,26,11,2,17,9,0,0.23548843616987866,0.0,0.0,0.009057247544995333,0.10315379934846386
710.0,Anga Dedryck Boyata,29,0.2353268622273291,0.966494072701703,5,0,1,3,2,0,0.2353268622273291,0.0,0.0,0.04706537244546582,0.1932988145403406
92.0,Lucas Tolentino Coelho de Lima,7,0.235214582063623,2.1676439292451417,21,2,7,14,7,0,0.235214582063623,0.0,0.0,0.011200694383982048,0.10322113948786389
1094.0,Stefan de Vrij,11,0.23418709077828653,0.6349031277484826,8,0,1,6,2,0,0.23418709077828653,0.0,0.0,0.029273386347285817,0.07936289096856032
1297.0,Kristjan Asllani,50,0.23331137362344453,1.8210199472516084,25,7,6,14,11,0,0.23331137362344453,0.0,0.0,0.009332454944937781,0.07284079789006434
242.0,Ibrahima Konaté,16,0.23323234309052585,0.7892166494659928,5,1,2,4,1,0,0.23323234309052585,0.0,0.0,0.04664646861810517,0.15784332989319855
390.0,Nayef Aguerd,14,0.23130817469401532,0.48138170320782797,5,0,1,3,2,0,0.23130817469401532,0.0,0.0,0.046261634938803066,0.0962763406415656
462.0,Antonio Rüdiger,26,0.23076524364895654,3.152788024552481,25,7,4,12,13,0,0.23076524364895654,0.0,0.0,0.009230609745958261,0.12611152098209924
185.0,Federico Santiago Valverde Dipetta,12,0.22999475641185377,1.8608074140920026,21,7,3,12,9,0,0.22999475641185377,0.0,0.0,0.010952131257707323,0.08860987686152393
138.0,Boulaye Dia,10,0.22948835361971415,0.8562468176403294,9,2,1,5,4,0,0.22948835361971415,0.0,0.0,0.025498705957746018,0.09513853529336994
477.0,André-Frank Zambo Anguissa,27,0.22896384394216376,0.39571401689124763,4,0,0,3,1,0,0.22896384394216376,0.0,0.0,0.05724096098554094,0.09892850422281191
1051.0,Yuri Zhirkov,41,0.22761634356019386,0.322839247406764,4,2,0,2,2,0,0.22761634356019386,0.0,0.0,0.056904085890048466,0.080709811851691
521.0,Munir Mohand Mohamedi,14,0.22746077751984614,0.3713176675958382,1,0,0,1,0,0,0.22746077751984614,0.0,0.0,0.22746077751984614,0.3713176675958382
293.0,Christian Nørgaard,6,0.22688122094485352,0.851557662928946,12,1,2,8,4,0,0.22688122094485352,0.0,0.0,0.018906768412071128,0.07096313857741217
203.0,Youssef En-Nesyri,14,0.22679448267221272,0.443111260291104,7,4,0,3,4,0,0.0,0.22679448267221272,0.0,0.0323992118103161,0.06330160861301486
675.0,Trent Alexander-Arnold,21,0.22375966968393848,0.8373645106935553,12,7,1,7,5,0,0.22375966968393848,0.0,0.0,0.018646639140328207,0.0697803758911296
1226.0,Denis Mihai Drăguş,46,0.2222698757250781,0.360897268874909,8,4,2,4,4,0,0.2222698757250781,0.0,0.0,0.02778373446563476,0.04511215860936363
570.0,Mohamed Salisu,31,0.2220071452035983,0.3426552819075776,1,0,0,1,0,0,0.2220071452035983,0.0,0.0,0.2220071452035983,0.3426552819075776
1167.0,Jonathan Tah,26,0.22187170485163754,0.8942094128302234,8,0,1,6,2,0,0.22187170485163754,0.0,0.0,0.027733963106454693,0.11177617660377792
718.0,Mikael Lustig,35,0.2212344320075862,2.2382524124460788,19,9,4,12,7,0,0.2212344320075862,0.0,0.0,0.011643917474083484,0.11780275854979362
378.0,Abderrazak Hamdallah,14,0.22123187761498583,0.267271549601298,1,0,0,1,0,0,0.22123187761498583,0.0,0.0,0.22123187761498583,0.267271549601298
959.0,Kenneth Josiah Omeruo,39,0.22095585290740724,0.4980941117585301,2,0,0,2,0,0,0.22095585290740724,0.0,0.0,0.11047792645370362,0.24904705587926504
1020.0,Mário Figueira Fernandes,41,0.21952247169102126,0.8892277448621374,16,4,1,10,6,0,0.21952247169102126,0.0,0.0,0.013720154480688829,0.05557673405388359
416.0,Ao Tanaka,24,0.21804752878074093,0.6348174031169749,3,0,1,3,0,0,0.21804752878074093,0.0,0.0,0.07268250959358032,0.21160580103899163
215.0,Romain Saïss,14,0.21726402160060038,0.7250228363411579,8,0,0,6,2,0,0.21726402160060038,0.0,0.0,0.027158002700075047,0.09062785454264474
1115.0,Daniel Vivian Moreno,23,0.21701948307488328,0.14064751631598,3,0,0,3,0,0,0.21701948307488328,0.0,0.0,0.07233982769162776,0.046882505438659995
239.0,Kingsley Coman,16,0.21618793564787397,2.0716506561621078,24,8,4,9,14,1,0.21618793564787397,0.0,0.0,0.00900783065199475,0.08631877734008782
1339.0,Bendegúz Bolla,53,0.21582385725941947,1.2802724858471424,9,2,2,5,4,0,0.21582385725941947,0.0,0.0,0.023980428584379942,0.14225249842746027
342.0,John Stones,21,0.21013830008441303,1.6788326640141769,19,0,2,12,7,0,0.21013830008441303,0.0,0.0,0.01105991053075858,0.088359613895483
909.0,Jérôme Boateng,26,0.20895307597585275,0.8445267606280965,18,4,3,9,9,0,0.20895307597585275,0.0,0.0,0.011608504220880708,0.046918153368227584
438.0,Yunus Dimoara Musah,25,0.20781440415746258,0.9188205743110184,13,2,3,8,5,0,0.20781440415746258,0.0,0.0,0.01598572339672789,0.07067850571623219
436.0,Antonee Robinson,25,0.20642590042656847,0.4752791512746666,8,1,2,6,2,0,0.20642590042656847,0.0,0.0,0.02580323755332106,0.05940989390933332
531.0,Joshua Sargent,25,0.20636148202514043,0.2873448729377572,5,3,1,2,3,0,0.20636148202514043,0.0,0.0,0.04127229640502809,0.05746897458755144
1183.0,Mykola Matvienko,44,0.20576733747774073,1.2681927155601587,15,0,4,11,4,0,0.20576733747774073,0.0,0.0,0.013717822498516049,0.08454618103734392
1510.0,Renato Júnior Luz Sanches,15,0.20470950356747702,1.414587152831419,13,5,3,6,7,0,0.20470950356747702,0.0,0.0,0.015746884889805926,0.10881439637164761
353.0,Joško Gvardiol,22,0.19901641823101357,2.8633980589635484,28,4,3,17,11,0,0.19901641823101357,0.0,0.0,0.007107729222536199,0.1022642163915553
1128.0,Micky van de Ven,11,0.19273858164285965,0.14837408807790398,1,0,0,1,0,0,0.19273858164285965,0.0,0.0,0.19273858164285965,0.14837408807790398
480.0,Karl Brillant Toko Ekambi,27,0.0,0.4443475220286963,8,3,1,4,4,0,0.0,0.0,0.0,0.0,0.05554344025358704
481.0,Bryan Mbeumo,27,0.0,1.019924629559328,10,2,4,7,3,0,0.0,0.0,0.0,0.0,0.10199246295593281
486.0,Marko Grujić,2,0.0,0.3368090882800305,3,1,0,1,2,0,0.0,0.0,0.0,0.0,0.11226969609334349
470.0,Jonas Hofmann,26,0.0,0.3550844361050526,7,1,2,4,3,0,0.0,0.0,0.0,0.0,0.050726348015007514
471.0,Jean-Eric Maxim Choupo-Moting,27,0.0,0.899794368891743,11,2,2,4,7,0,0.0,0.0,0.0,0.0,0.08179948808106755
473.0,Martin Hongla Yma II,27,0.0,0.7665821260489413,13,3,3,5,8,0,0.0,0.0,0.0,0.0,0.05896785584991856
476.0,Pierre Kunde Malong,27,0.0,0.32885069597083955,10,6,1,4,6,0,0.0,0.0,0.0,0.0,0.032885069597083955
466.0,Lukas Klostermann,26,0.0,0.07922972554816289,1,0,0,1,0,0,0.0,0.0,0.0,0.0,0.07922972554816289
451.0,João Maria Lobo Alves Palhinha Gonçalves,15,0.0,0.5964275819858609,15,5,3,6,9,0,0.0,0.0,0.0,0.0,0.03976183879905739
452.0,Matheus Luiz Nunes,15,0.0,0.34987824611773444,5,1,1,2,3,0,0.0,0.0,0.0,0.0,0.06997564922354689
453.0,Niklas Süle,26,0.0,0.9820726024099646,14,1,1,9,5,0,0.0,0.0,0.0,0.0,0.0701480430292832
286.0,Jakub Kamiński,19,0.0,1.33886776854106,10,3,0,6,4,0,0.0,0.0,0.0,0.0,0.133886776854106
287.0,Michał Skóraś,19,0.0,0.05446721130970611,1,1,0,0,1,0,0.0,0.0,0.0,0.0,0.05446721130970611
289.0,Artur Jędrzejczyk,19,0.0,0.0869566703551494,2,1,1,1,1,0,0.0,0.0,0.0,0.0,0.0434783351775747
291.0,Thiago Ezequiel Almada,4,0.0,0.20441460420837723,1,1,0,1,0,0,0.0,0.0,0.0,0.0,0.20441460420837723
295.0,Héctor Miguel Herrera López,18,0.0,1.4696675421240561,22,7,6,8,14,0,0.0,0.0,0.0,0.0,0.06680307009654801
278.0,Grzegorz Krychowiak,19,0.0,1.7428071174201512,24,6,5,12,12,0,0.0,0.0,0.0,0.0,0.07261696322583963
280.0,Kamil Glik,19,0.0,0.1524309433885312,2,1,1,1,1,0,0.0,0.0,0.0,0.0,0.0762154716942656
281.0,Wojciech Szczęsny,19,0.0,0.44648421809253935,3,0,0,2,1,0,0.0,0.0,0.0,0.0,0.1488280726975131
282.0,Bartosz Bereszyński,19,0.0,1.5436035377729418,18,2,3,10,8,0,0.0,0.0,0.0,0.0,0.08575575209849677
285.0,Krystian Bielik,19,0.0,0.2805015857676154,2,0,0,1,1,0,0.0,0.0,0.0,0.0,0.1402507928838077
266.0,Riyadh Sharahili,17,0.0,0.09738991845820007,2,0,1,1,1,0,0.0,0.0,0.0,0.0,0.048694959229100034
267.0,Carlos Uriel Antuna Romero,18,0.0,0.08446846795247152,3,1,1,1,2,0,0.0,0.0,0.0,0.0,0.028156155984157175
269.0,Abdulrahman Al-Obood,17,0.0,0.0626576454800604,1,1,0,1,0,0,0.0,0.0,0.0,0.0,0.0626576454800604
270.0,Raúl Alonso Jiménez Rodríguez,18,0.0,0.1228434405411524,2,1,1,1,1,0,0.0,0.0,0.0,0.0,0.0614217202705762
275.0,Karol Świderski,19,0.0,0.22284556616564277,5,3,1,2,3,0,0.0,0.0,0.0,0.0,0.04456911323312855
276.0,Jakub Piotr Kiwior,19,0.0,1.3428580961981817,16,3,3,7,9,0,0.0,0.0,0.0,0.0,0.08392863101238636
258.0,Abdulelah Al Amri,17,0.0,0.02830347794120516,1,0,0,1,0,0,0.0,0.0,0.0,0.0,0.02830347794120516
260.0,Sultan Abdullah Salim Al Ghannam,17,0.0,0.27223762833083,4,2,2,2,2,0,0.0,0.0,0.0,0.0,0.0680594070827075
262.0,Saud Abdullah Abdul Hamid,17,0.0,1.034607605272119,16,3,5,8,8,0,0.0,0.0,0.0,0.0,0.06466297532950743
263.0,Ali Al Hassan,17,0.0,0.04891875580117732,2,0,0,1,1,0,0.0,0.0,0.0,0.0,0.02445937790058866
264.0,Jesús Daniel Gallardo Vasconcelos,18,0.0,0.8859023502479465,13,2,2,8,5,0,0.0,0.0,0.0,0.0,0.06814633463445742
524.0,Leandro Trossard,29,0.0,1.98959952361301,29,5,6,15,14,0,0.0,0.0,0.0,0.0,0.06860688012458654
513.0,Amadou Onana,29,0.0,0.30925335734883885,7,0,1,5,2,0,0.0,0.0,0.0,0.0,0.04417905104983412
518.0,Timothy Castagne,29,0.0,0.6290356309924253,8,1,2,5,3,0,0.0,0.0,0.0,0.0,0.07862945387405317
499.0,Óscar Esau Duarte Gaitán,28,0.0,0.5972054174405725,4,2,1,3,1,0,0.0,0.0,0.0,0.0,0.14930135436014313
500.0,Celso Borges Mora,28,0.0,0.6557996703669444,10,3,2,6,4,0,0.0,0.0,0.0,0.0,0.06557996703669444
502.0,Bryan Oviedo,28,0.0,0.4888195361425782,10,3,2,4,6,0,0.0,0.0,0.0,0.0,0.048881953614257824
504.0,Miki Yamane,24,0.0,0.09576016826377796,1,1,0,1,0,0,0.0,0.0,0.0,0.0,0.09576016826377796
505.0,Hiroki Ito,24,0.0,0.17324228480591408,4,0,1,2,2,0,0.0,0.0,0.0,0.0,0.04331057120147852
510.0,Michy Batshuayi Tunga,29,0.0,0.8365373978769145,12,6,2,4,8,0,0.0,0.0,0.0,0.0,0.06971144982307621
491.0,Francisco Javier Calvo Quesada,28,0.0,0.06877941436395228,2,1,0,1,1,0,0.0,0.0,0.0,0.0,0.03438970718197614
492.0,Anthony Daniel Contreras Enríquez,28,0.0,0.09237498314385878,2,1,1,1,1,0,0.0,0.0,0.0,0.0,0.04618749157192939
493.0,Kendall Jamaal Waston Manley,28,0.0,0.3458883717842683,1,1,0,1,0,0,0.0,0.0,0.0,0.0,0.3458883717842683
495.0,Ayase Ueda,24,0.0,0.019771656415336174,1,1,0,1,0,0,0.0,0.0,0.0,0.0,0.019771656415336174
497.0,Yuki Soma,24,0.0,0.11168234936493494,2,2,0,0,2,0,0.0,0.0,0.0,0.0,0.05584117468246747
498.0,Gerson Torres Barrantes,28,0.0,0.048187582792018915,2,0,0,1,1,0,0.0,0.0,0.0,0.0,0.024093791396009458
566.0,Daniel Amartey,31,0.0,0.14653399922195876,6,0,3,4,2,0,0.0,0.0,0.0,0.0,0.02442233320365979
567.0,Thomas Teye Partey,31,0.0,0.5349710734937845,10,2,1,5,5,0,0.0,0.0,0.0,0.0,0.053497107349378445
571.0,Iñaki Williams Arthuer,31,0.0,0.05840884625561232,3,1,1,1,2,0,0.0,0.0,0.0,0.0,0.01946961541853744
551.0,Romario Andrés Ibarra Mina,9,0.0,0.43708102718666886,2,2,0,0,2,0,0.0,0.0,0.0,0.0,0.21854051359333443
552.0,Mohammed Waed Abdulwahhab Al Bayati,20,0.0,0.05980540650114354,1,0,0,1,0,0,0.0,0.0,0.0,0.0,0.05980540650114354
555.0,Salman Mohammed Al Faraj,17,0.0,1.3235638472341416,26,5,6,15,11,0,0.0,0.0,0.0,0.0,0.05090630181669775
557.0,Yasir Gharsan Al Shahrani,17,0.0,0.26596217473575107,9,5,2,4,5,0,0.0,0.0,0.0,0.0,0.029551352748416786
558.0,Nawaf Shaker Al Abid,17,0.0,0.3472063015345034,6,1,1,3,3,0,0.0,0.0,0.0,0.0,0.05786771692241723
561.0,Woo-Yeong Jeong,13,0.0,0.24810537535295624,3,1,0,1,2,0,0.0,0.0,0.0,0.0,0.08270179178431875
539.0,Ethan Ampadu,30,0.0,0.36671999686557566,8,0,3,6,2,0,0.0,0.0,0.0,0.0,0.04583999960819696
540.0,Neco Williams,30,0.0,0.17558987224035386,4,2,0,3,1,0,0.0,0.0,0.0,0.0,0.043897468060088464
541.0,Joe Rodon,30,0.0,0.47669806637218004,8,1,0,5,3,0,0.0,0.0,0.0,0.0,0.059587258296522505
543.0,Kieffer Roberto Francisco Moore,30,0.0,0.9168316641580283,15,6,2,9,6,0,0.0,0.0,0.0,0.0,0.06112211094386855
545.0,Brennan Johnson,30,0.0,0.27347419351603647,3,3,0,0,3,0,0.0,0.0,0.0,0.0,0.09115806450534548
548.0,Bassam Hisham Al Rawi,20,0.0,0.4759934976768987,5,1,1,3,2,0,0.0,0.0,0.0,0.0,0.09519869953537974
549.0,Jhegson Sebastián Méndez Carabalí,9,0.0,0.3776095407100756,3,0,2,2,1,0,0.0,0.0,0.0,0.0,0.12586984690335853
532.0,Ben Davies,30,0.0,1.012785694321922,15,1,2,9,6,0,0.0,0.0,0.0,0.0,0.06751904628812813
536.0,Chris Mepham,30,0.0,0.6999426178200662,9,1,2,5,4,0,0.0,0.0,0.0,0.0,0.07777140198000736
607.0,Alistair Johnston,32,0.0,1.0605044118519342,16,3,5,9,7,0,0.0,0.0,0.0,0.0,0.06628152574074589
608.0,Jonathan David,32,0.0,0.1901999178641537,2,2,0,0,2,0,0.0,0.0,0.0,0.0,0.09509995893207684
610.0,Steven de Sousa Vitoria,32,0.0,0.0962724350870579,1,0,0,1,0,0,0.0,0.0,0.0,0.0,0.0962724350870579
612.0,Alphonso Davies,32,0.0,0.26694664947786584,11,2,4,6,5,0,0.0,0.0,0.0,0.0,0.02426787722526053
613.0,Richie Laryea,32,0.0,0.28646378433433695,7,4,2,3,4,0,0.0,0.0,0.0,0.0,0.04092339776204813
592.0,Johan Alberto Venegas Ulloa,28,0.0,0.3307387123168694,4,0,2,3,1,0,0.0,0.0,0.0,0.0,0.08268467807921735
596.0,Matthias Ginter,26,0.0,0.5256848200451827,7,0,1,4,3,0,0.0,0.0,0.0,0.0,0.0750978314350261
599.0,Bryan Ruiz González,28,0.0,0.2634897097245014,7,0,2,3,4,0,0.0,0.0,0.0,0.0,0.0376413871035002
601.0,André Onana,27,0.0,0.05658125677284994,2,0,0,2,0,0,0.0,0.0,0.0,0.0,0.02829062838642497
602.0,Nicolas Moumi Ngamaleu,27,0.0,0.2961279487453485,2,1,1,1,1,0,0.0,0.0,0.0,0.0,0.14806397437267424
603.0,Cheikhou Kouyaté,10,0.0,0.3132517747756153,6,0,1,4,2,0,0.0,0.0,0.0,0.0,0.05220862912926921
604.0,Nicolas Jackson,10,0.0,0.3464032652885285,4,0,0,2,2,0,0.0,0.0,0.0,0.0,0.08660081632213212
582.0,Osman Bukari,31,0.0,0.06515794838548691,4,2,1,1,3,0,0.0,0.0,0.0,0.0,0.01628948709637173
583.0,João Mário Naval da Costa Eduardo,15,0.0,0.9071146094477063,18,2,3,11,7,0,0.0,0.0,0.0,0.0,0.05039525608042813
584.0,Antoine Semenyo,31,0.0,0.024603991361268625,1,1,0,0,1,0,0.0,0.0,0.0,0.0,0.024603991361268625
585.0,Sami Khalil Al Naji,17,0.0,0.06630786764556454,1,1,0,1,0,0,0.0,0.0,0.0,0.0,0.06630786764556454
586.0,Nasser Al Dawsari,17,0.0,0.1122253485385606,1,1,0,1,0,0,0.0,0.0,0.0,0.0,0.1122253485385606
587.0,Yannick Ferreira Carrasco,29,0.0,3.692610444773986,41,15,8,15,26,0,0.0,0.0,0.0,0.0,0.09006366938473136
572.0,Tariq Lamptey,31,0.0,0.1393466620792211,2,1,1,0,2,0,0.0,0.0,0.0,0.0,0.06967333103961056
573.0,Chang-Hoon Kwon,13,0.0,0.3324354962408682,2,1,0,2,0,0,0.0,0.0,0.0,0.0,0.1662177481204341
575.0,Daniel-Kofi Kyereh,31,0.0,0.015553073626835093,1,0,0,1,0,0,0.0,0.0,0.0,0.0,0.015553073626835093
576.0,Kamaldeen Sulemana,31,0.0,0.014672197030010124,1,1,0,0,1,0,0.0,0.0,0.0,0.0,0.014672197030010124
579.0,Kyung-Won Kwon,13,0.0,0.03572874308750584,1,1,0,0,1,0,0.0,0.0,0.0,0.0,0.03572874308750584
580.0,Danilo Luís Hélio Pereira,15,0.0,0.6202817597217793,8,2,1,5,3,0,0.0,0.0,0.0,0.0,0.07753521996522242
581.0,Alidu Seidu,31,0.0,0.0419009751900469,1,0,0,1,0,0,0.0,0.0,0.0,0.0,0.0419009751900469
643.0,Alireza Safar Beiranvand,33,0.0,0.03022152318404062,1,0,1,1,0,0,0.0,0.0,0.0,0.0,0.03022152318404062
644.0,Ali Karimi,33,0.0,0.29767227958503967,2,0,0,1,1,0,0.0,0.0,0.0,0.0,0.14883613979251983
645.0,Saman Ghoddos,33,0.0,0.3786611269840556,7,2,1,3,4,0,0.0,0.0,0.0,0.0,0.054094446712007936
647.0,Mehdi Torabi,33,0.0,0.7164536121541717,11,2,2,5,6,0,0.0,0.0,0.0,0.0,0.06513214655947015
648.0,Karim Ansarifard,33,0.0,1.2023119953896388,8,3,2,4,4,0,0.0,0.0,0.0,0.0,0.15028899942370486
653.0,Anis Ben Slimane,8,0.0,0.3196159316392357,10,4,0,8,2,0,0.0,0.0,0.0,0.0,0.031961593163923566
655.0,Ali Maâloul,8,0.0,0.9219626644813496,13,3,3,8,5,0,0.0,0.0,0.0,0.0,0.07092020496010382
657.0,Mohamed Ali Ben Romdhane,8,0.0,0.02505681279666011,1,0,0,1,0,0,0.0,0.0,0.0,0.0,0.02505681279666011
635.0,Seyed Majid Hosseini,33,0.0,0.33800615726997973,7,0,2,4,3,0,0.0,0.0,0.0,0.0,0.04828659389571139
636.0,Morteza Pouraliganji,33,0.0,0.23548603881630562,4,1,1,3,1,0,0.0,0.0,0.0,0.0,0.058871509704076404
637.0,Milad Mohammadi,33,0.0,0.436178997806904,1,0,0,1,0,0,0.0,0.0,0.0,0.0,0.436178997806904
640.0,Sardar Azmoun,33,0.0,0.5507249314983401,9,6,2,4,5,0,0.0,0.0,0.0,0.0,0.06119165905537113
641.0,Cameron Carter-Vickers,25,0.0,0.09513141388814716,1,0,0,1,0,0,0.0,0.0,0.0,0.0,0.09513141388814716
642.0,Saeid Ezatolahi Afagh,33,0.0,0.7918609300516901,13,4,2,7,6,0,0.0,0.0,0.0,0.0,0.06091237923474539
625.0,Éverton Augusto de Barros Ribeiro,7,0.0,0.47222568469743953,4,0,2,2,2,0,0.0,0.0,0.0,0.0,0.11805642117435988
628.0,Benjamin Pavard,16,0.0,1.089273162951921,21,2,5,13,8,0,0.0,0.0,0.0,0.0,0.05187015061675814
634.0,Ehsan Hajsafi,33,0.0,0.5641123717919891,6,2,2,3,3,0,0.0,0.0,0.0,0.0,0.09401872863199819
614.0,Atiba Hutchinson,32,0.0,0.1830595545609758,3,0,0,2,1,0,0.0,0.0,0.0,0.0,0.06101985152032527
615.0,Stephen Antunes Eustáquio,32,0.0,0.5875270140844322,12,4,3,5,7,0,0.0,0.0,0.0,0.0,0.04896058450703602
616.0,Ismael Koné,32,0.0,0.4920842505993057,5,0,0,3,2,0,0.0,0.0,0.0,0.0,0.09841685011986115
617.0,Jonathan Osorio,32,0.0,0.7880485036880533,8,1,1,4,4,0,0.0,0.0,0.0,0.0,0.09850606296100667
618.0,David Junior Hoilett,32,0.0,0.8583541508471927,14,7,4,8,6,0,0.0,0.0,0.0,0.0,0.06131101077479948
619.0,Sam Adekugbe,32,0.0,0.35918657381661956,3,1,1,2,1,0,0.0,0.0,0.0,0.0,0.11972885793887318
621.0,Fábio Henrique Tavares,7,0.0,1.0068855000610313,7,0,0,5,2,0,0.0,0.0,0.0,0.0,0.14384078572300446
248.0,Francisco Guillermo Ochoa Magaña,18,0.0,0.10317608564717023,3,0,0,2,1,0,0.0,0.0,0.0,0.0,0.03439202854905674
249.0,Héctor Alfredo Moreno Herrera,18,0.0,0.574456413555666,7,0,2,4,3,0,0.0,0.0,0.0,0.0,0.08206520193652371
250.0,Edson Omar Álvarez Velázquez,18,0.0,0.44259251730994087,7,2,2,5,2,0,0.0,0.0,0.0,0.0,0.0632275024728487
254.0,Orbelín Pineda Alvarado,18,0.0,0.19843344706836036,2,2,0,0,2,0,0.0,0.0,0.0,0.0,0.09921672353418018
255.0,Mohammed Kanoo,17,0.0,0.7161656146536889,12,2,0,5,7,0,0.0,0.0,0.0,0.0,0.059680467887807405
240.0,Eduardo Camavinga,16,0.0,1.1371517395389068,14,5,3,7,7,0,0.0,0.0,0.0,0.0,0.08122512425277906
241.0,Youssouf Fofana,16,0.0,0.621438450055768,13,3,2,6,7,0,0.0,0.0,0.0,0.0,0.047802957696597544
243.0,Paulo Bruno Exequiel Dybala,4,0.0,0.23896816705287524,2,2,0,1,1,0,0.0,0.0,0.0,0.0,0.11948408352643762
244.0,Henry Josué Martín Mex,18,0.0,0.3900282715041302,6,2,3,4,2,0,0.0,0.0,0.0,0.0,0.06500471191735503
246.0,Jorge Eduardo Sánchez Ramos,18,0.0,0.34716729231047033,6,1,1,3,2,1,0.0,0.0,0.0,0.0,0.057861215385078386
232.0,Raphaël Varane,16,0.0,0.8595286090674297,20,1,2,12,8,0,0.0,0.0,0.0,0.0,0.04297643045337148
237.0,Randal Kolo Muani,16,0.0,0.2697448772859591,6,2,1,3,3,0,0.0,0.0,0.0,0.0,0.04495747954765985
223.0,Ricardo Jorge Luz Horta,15,0.0,0.43192664189062535,8,3,2,3,5,0,0.0,0.0,0.0,0.0,0.05399083023632817
227.0,Aurélien Djani Tchouaméni,16,0.0,2.6149810238347535,45,11,7,25,20,0,0.0,0.0,0.0,0.0,0.05811068941855008
622.0,Ederson Santana de Moraes,7,0.0,0.3111248910014736,1,0,0,1,0,0,0.0,0.0,0.0,0.0,0.3111248910014736
690.0,Jefferson Andrés Lerma Solís,34,0.0,0.5511506431767159,8,1,2,3,4,1,0.0,0.0,0.0,0.0,0.06889383039708949
692.0,Wílmar Enrique Barrios Terán,34,0.0,0.3145156554310621,6,0,0,4,2,0,0.0,0.0,0.0,0.0,0.05241927590517701
693.0,Johan Andrés Mojica Palacio,34,0.0,0.5487352417877945,9,4,2,4,5,0,0.0,0.0,0.0,0.0,0.06097058242086606
695.0,Carlos Arturo Bacca Ahumada,34,0.0,0.24411151146082422,4,1,2,2,2,0,0.0,0.0,0.0,0.0,0.061027877865206054
696.0,Andrés Mateus Uribe Villa,34,0.0,0.050504412278034386,2,0,0,1,1,0,0.0,0.0,0.0,0.0,0.025252206139017193
697.0,Jamie Vardy,21,0.0,0.14164581882631233,3,1,1,1,2,0,0.0,0.0,0.0,0.0,0.04721527294210411
698.0,Luis Fernando Muriel Fruto,34,0.0,0.04240349725515668,2,0,1,1,1,0,0.0,0.0,0.0,0.0,0.02120174862757834
683.0,Carlos Alberto Sánchez Moreno,34,0.0,0.021616496004203522,1,0,1,1,0,0,0.0,0.0,0.0,0.0,0.021616496004203522
685.0,Bamidele Alli,21,0.0,0.7070213540826042,9,3,3,4,5,0,0.0,0.0,0.0,0.0,0.07855792823140047
689.0,Davinson Sánchez Mina,34,0.0,0.022604917811237035,1,0,1,1,0,0,0.0,0.0,0.0,0.0,0.022604917811237035
670.0,Ikoma Loïs Openda,29,0.0,0.17632824285249185,4,0,1,2,2,0,0.0,0.0,0.0,0.0,0.04408206071312296
672.0,António João Pereira Albuquerque Tavares Silva,15,0.0,0.21323585957287466,3,1,0,2,1,0,0.0,0.0,0.0,0.0,0.07107861985762488
673.0,André Miguel Valente Silva,15,0.0,0.2581128480201715,8,1,3,4,4,0,0.0,0.0,0.0,0.0,0.032264106002521435
676.0,Rubin Colwill,30,0.0,0.03476255725646957,1,0,0,1,0,0,0.0,0.0,0.0,0.0,0.03476255725646957
678.0,Simon Thorup Kjær,6,0.0,1.006478362115664,10,3,3,6,4,0,0.0,0.0,0.0,0.0,0.10064783621156641
660.0,William Saliba,16,0.0,0.4160018205409519,9,1,3,7,2,0,0.0,0.0,0.0,0.0,0.04622242450455021
661.0,Ghilane Chalali,8,0.0,0.7565741829474704,4,1,0,4,0,0,0.0,0.0,0.0,0.0,0.1891435457368676
664.0,Alireza Jahanbakhsh,33,0.0,0.6685633242733056,10,5,1,5,5,0,0.0,0.0,0.0,0.0,0.06685633242733055
725.0,Michael Lang,3,0.0,0.009854971300506615,1,0,0,1,0,0,0.0,0.0,0.0,0.0,0.009854971300506615
726.0,Gustav Svensson,35,0.0,0.49142826144306095,6,0,4,4,2,0,0.0,0.0,0.0,0.0,0.08190471024051016
727.0,Valon Behrami,3,0.0,0.036196621049613124,1,1,0,0,1,0,0.0,0.0,0.0,0.0,0.036196621049613124
731.0,Emil Krafth,35,0.0,0.36279845349791695,3,1,0,2,1,0,0.0,0.0,0.0,0.0,0.12093281783263898
734.0,Vahid Amiri,33,0.0,0.669901125423469,9,1,4,4,5,0,0.0,0.0,0.0,0.0,0.07443345838038545
735.0,José Miguel da Rocha Fonte,15,0.0,0.23033374294091272,7,0,1,4,3,0,0.0,0.0,0.0,0.0,0.03290482042013039
717.0,Josip Drmic,3,0.0,0.17697330132537975,4,2,1,1,3,0,0.0,0.0,0.0,0.0,0.04424332533134494
719.0,Robin Olsen,35,0.0,0.13767016146266545,1,0,0,1,0,0,0.0,0.0,0.0,0.0,0.13767016146266545
723.0,Ludwig Augustinsson,35,0.0,1.4982175393039336,18,8,5,11,7,0,0.0,0.0,0.0,0.0,0.08323430773910742
724.0,Albin Ekdal,35,0.0,0.8653468716908299,10,2,2,5,5,0,0.0,0.0,0.0,0.0,0.086534687169083
712.0,Daniel Nii Tackie Mensah Welbeck,21,0.0,0.14070935721159641,1,1,0,0,1,0,0.0,0.0,0.0,0.0,0.14070935721159641
714.0,Andreas Granqvist,35,0.0,0.6621402678849047,7,0,3,4,3,0,0.0,0.0,0.0,0.0,0.09459146684070066
716.0,Victor Nilsson Lindelöf,35,0.0,0.7806070038488195,9,0,1,5,4,0,0.0,0.0,0.0,0.0,0.08673411153875772
699.0,Danny Rose,21,0.0,0.26646624575461364,7,1,3,4,3,0,0.0,0.0,0.0,0.0,0.03806660653637338
701.0,Phil Jones,21,0.0,0.0312995076958205,2,0,0,1,1,0,0.0,0.0,0.0,0.0,0.01564975384791025
705.0,Thomas Vermaelen,29,0.0,0.32524615702276255,4,0,0,3,1,0,0.0,0.0,0.0,0.0,0.08131153925569064
706.0,Fabian Delph,21,0.0,0.09612759121844809,7,2,1,3,4,0,0.0,0.0,0.0,0.0,0.01373251303120687
708.0,Mousa Sidi Yaya Dembélé,29,0.0,0.027529887039342383,1,0,1,1,0,0,0.0,0.0,0.0,0.0,0.027529887039342383
764.0,Edgar Yoel Bárcenas Herrera,36,0.0,0.8250242867917572,13,7,5,6,7,0,0.0,0.0,0.0,0.0,0.06346340667628901
765.0,Gabriel Enrique Gómez Girón,36,0.0,0.3773672231163251,4,1,0,3,1,0,0.0,0.0,0.0,0.0,0.09434180577908127
767.0,Armando Enrique Cooper Whitaker,36,0.0,0.40735927348676104,7,1,2,3,4,0,0.0,0.0,0.0,0.0,0.05819418192668015
768.0,Blas Antonio Miguel Pérez Ortega,36,0.0,0.2316778019968856,3,2,1,2,1,0,0.0,0.0,0.0,0.0,0.07722593399896187
769.0,José Luis Rodríguez Francis,36,0.0,0.43171932777168354,8,3,0,4,4,0,0.0,0.0,0.0,0.0,0.05396491597146044
770.0,Erick Javier Davis Grajales,36,0.0,0.10284124603268273,1,0,1,1,0,0,0.0,0.0,0.0,0.0,0.10284124603268273
772.0,Jaime Manuel Penedo Cano,36,0.0,0.07607815507650878,1,0,1,1,0,0,0.0,0.0,0.0,0.0,0.07607815507650878
759.0,Danijel Subašić,22,0.0,0.1773993210934502,4,0,1,3,1,0,0.0,0.0,0.0,0.0,0.04434983027336255
761.0,Josip Pivarić,22,0.0,0.28638805934827927,7,3,2,3,4,0,0.0,0.0,0.0,0.0,0.04091257990689704
762.0,Vedran Ćorluka,22,0.0,0.03516858157203842,2,0,0,1,1,0,0.0,0.0,0.0,0.0,0.01758429078601921
745.0,Younès Belhanda,14,0.0,0.790877002715241,16,6,3,7,8,1,0.0,0.0,0.0,0.0,0.04942981266970256
746.0,Medhi Amine El Mouttaqi Benatia,14,0.0,0.8123879569129995,8,2,1,4,4,0,0.0,0.0,0.0,0.0,0.10154849461412493
747.0,Nordin Amrabat,14,0.0,0.2516761730483336,4,2,1,2,2,0,0.0,0.0,0.0,0.0,0.0629190432620834
748.0,Nabil Dirar,14,0.0,0.6211523700789477,7,3,2,3,3,1,0.0,0.0,0.0,0.0,0.08873605286842111
749.0,Karim El Ahmadi Al Aroos,14,0.0,0.17168556570755567,5,1,1,3,2,0,0.0,0.0,0.0,0.0,0.03433711314151113
750.0,Gelson Dany Batalha Martins,15,0.0,0.1152005317434826,4,0,1,2,2,0,0.0,0.0,0.0,0.0,0.02880013293587065
736.0,Omid Ebrahimi,33,0.0,0.32274445534685214,3,1,0,2,1,0,0.0,0.0,0.0,0.0,0.10758148511561738
741.0,Gonçalo Manuel Ganchinho Guedes,15,0.0,0.2882637143740399,7,3,1,3,4,0,0.0,0.0,0.0,0.0,0.04118053062486284
743.0,Mbark Boussoufa,14,0.0,0.44308289420905855,8,2,5,6,2,0,0.0,0.0,0.0,0.0,0.05538536177613232
214.0,Diogo Meireles Costa,15,0.0,0.07020505240402675,2,0,1,1,1,0,0.0,0.0,0.0,0.0,0.03510252620201337
217.0,João Pedro Cavaco Cancelo,15,0.0,1.874995351972466,27,7,6,13,14,0,0.0,0.0,0.0,0.0,0.06944427229527651
220.0,Walid Cheddira,14,0.0,0.06127704155693583,2,1,0,2,0,0,0.0,0.0,0.0,0.0,0.030638520778467914
221.0,Vitor Machado Ferreira,15,0.0,1.3307529719789821,17,7,1,9,8,0,0.0,0.0,0.0,0.0,0.07827958658699895
204.0,Sofyan Amrabat,14,0.0,0.4204391316694138,11,2,1,8,3,0,0.0,0.0,0.0,0.0,0.03822173924267398
209.0,Sofiane Boufal,14,0.0,2.405928438656622,30,9,5,14,16,0,0.0,0.0,0.0,0.0,0.0801976146218874
211.0,Selim Amallah,14,0.0,0.2663564414636731,8,1,3,4,4,0,0.0,0.0,0.0,0.0,0.03329455518295914
197.0,Rúben Santos Gato Alves Dias,15,0.0,2.014997566049903,19,3,1,12,7,0,0.0,0.0,0.0,0.0,0.10605250347631069
198.0,Yassine Bounou,14,0.0,0.3780125358567702,3,0,0,2,1,0,0.0,0.0,0.0,0.0,0.1260041786189234
202.0,Jawad El Yamiq,14,0.0,0.07411563406684524,1,0,0,1,0,0,0.0,0.0,0.0,0.0,0.07411563406684524
188.0,Gue-Sung Cho,13,0.0,0.2562478380538832,5,2,1,4,1,0,0.0,0.0,0.0,0.0,0.051249567610776633
189.0,Jun-Ho Son,13,0.0,0.08383855370914081,2,0,0,2,0,0,0.0,0.0,0.0,0.0,0.041919276854570406
192.0,Diego Nicolás De La Cruz Arcosa,12,0.0,0.22030195409957523,1,0,0,1,0,0,0.0,0.0,0.0,0.0,0.22030195409957523
193.0,Guillermo Varela Olivera,12,0.0,0.509514718293022,9,5,1,7,2,0,0.0,0.0,0.0,0.0,0.05661274647700244
194.0,Otávio Edmilson da Silva Monteiro,15,0.0,1.0745153996117085,9,3,5,5,4,0,0.0,0.0,0.0,0.0,0.1193905999568565
744.0,Manuel Marouan da Costa Trinidade,14,0.0,0.10127994987615858,3,1,0,1,2,0,0.0,0.0,0.0,0.0,0.03375998329205286
799.0,Christian Bolaños Navarro,28,0.0,0.13359533544702842,3,1,0,2,1,0,0.0,0.0,0.0,0.0,0.044531778482342806
803.0,Mohamed Abdul Shafy Sayed Abouezeid,37,0.0,0.13218320294636715,2,0,0,2,0,0,0.0,0.0,0.0,0.0,0.06609160147318358
804.0,Mahmoud Ibrahim Hassan,37,0.0,0.894822142262063,15,5,3,6,9,0,0.0,0.0,0.0,0.0,0.05965480948413753
805.0,Marwan Mohsen,37,0.0,0.3342826024552971,5,3,1,3,2,0,0.0,0.0,0.0,0.0,0.06685652049105942
806.0,Mohamed Naser Elsayed Elneny,37,0.0,0.8326644366532259,9,4,1,5,4,0,0.0,0.0,0.0,0.0,0.09251827073924732
793.0,David Alberto Guzmán Pérez,28,0.0,0.25160324601394773,3,1,0,3,0,0,0.0,0.0,0.0,0.0,0.08386774867131591
794.0,Fágner Conserva Lemos,7,0.0,1.7821907931916547,12,3,2,8,4,0,0.0,0.0,0.0,0.0,0.1485158994326379
796.0,Cristian Gamboa Luna,28,0.0,0.5863450952627698,10,4,3,4,6,0,0.0,0.0,0.0,0.0,0.05863450952627698
798.0,Douglas Costa de Souza,7,0.0,1.3391154264507068,21,6,4,8,13,0,0.0,0.0,0.0,0.0,0.06376740125955746
781.0,Nemanja Matić,2,0.0,0.33937647786801717,6,2,1,2,4,0,0.0,0.0,0.0,0.0,0.0565627463113362
782.0,Luka Milivojević,2,0.0,0.4349078301974076,3,1,0,3,0,0,0.0,0.0,0.0,0.0,0.1449692767324692
784.0,Duško Tošić,2,0.0,0.6337584622696272,5,0,1,4,1,0,0.0,0.0,0.0,0.0,0.12675169245392542
786.0,Adem Ljajić,2,0.0,0.7346404901383401,10,3,2,5,5,0,0.0,0.0,0.0,0.0,0.073464049013834
787.0,Marcos Danilo Ureña Porras,28,0.0,0.1963235604371391,5,2,1,1,4,0,0.0,0.0,0.0,0.0,0.03926471208742782
788.0,Giancarlo González Castro,28,0.0,0.17573495789221466,2,0,0,1,1,0,0.0,0.0,0.0,0.0,0.08786747894610733
789.0,José Paulo Bezzera Maciel Júnior,7,0.0,0.7954989404163509,8,3,1,4,4,0,0.0,0.0,0.0,0.0,0.09943736755204387
773.0,Román Aureliano Torres Morcillo,36,0.0,0.15130800218757703,3,2,1,1,2,0,0.0,0.0,0.0,0.0,0.05043600072919235
774.0,Michael Amir Murillo Bermudez,36,0.0,0.40369320376918083,6,1,1,2,4,0,0.0,0.0,0.0,0.0,0.0672822006281968
776.0,Felipe Abdiel Baloy Ramírez,36,0.0,0.12062216180467261,2,0,0,1,1,0,0.0,0.0,0.0,0.0,0.060311080902336306
777.0,Abdiel Arroyo Molinar,36,0.0,0.3647129130687824,2,2,0,2,0,0,0.0,0.0,0.0,0.0,0.1823564565343912
778.0,Branislav Ivanović,2,0.0,0.4398834947980746,8,3,2,6,2,0,0.0,0.0,0.0,0.0,0.054985436849759324
779.0,Aleksandar Kolarov,2,0.0,0.43521268309787664,7,2,1,4,3,0,0.0,0.0,0.0,0.0,0.062173240442553804
834.0,Jesús Manuel Corona Ruíz,18,0.0,0.881440279655201,7,1,3,4,3,0,0.0,0.0,0.0,0.0,0.125920039950743
836.0,Fahad Mosaed Al Muwallad Al Harbi,17,0.0,0.09848243077797955,3,1,1,1,2,0,0.0,0.0,0.0,0.0,0.032827476925993186
838.0,Taisir Jabir Al Jassim,17,0.0,0.08514703227757742,2,1,1,1,1,0,0.0,0.0,0.0,0.0,0.04257351613878871
839.0,Osama Abdulrezag Hawsawi,17,0.0,0.020490550865701,1,0,0,1,0,0,0.0,0.0,0.0,0.0,0.020490550865701
840.0,Hussain Al Mogahwi,17,0.0,0.35768647170247003,7,1,3,3,4,0,0.0,0.0,0.0,0.0,0.05109806738606715
841.0,Diego Sebastián Laxalt Suárez,12,0.0,0.622033391679997,9,2,3,5,4,0,0.0,0.0,0.0,0.0,0.06911482129777745
842.0,Mohammad Ibrahim Al Sahlawi,17,0.0,0.0762870700651185,2,1,1,1,1,0,0.0,0.0,0.0,0.0,0.03814353503255925
827.0,Carlos Alberto Vela Garrido,18,0.0,2.0577045163535184,47,12,12,21,26,0,0.0,0.0,0.0,0.0,0.04378094715645784
828.0,Miguel Arturo Layún Prado,18,0.0,1.1841751951768502,26,10,2,13,13,0,0.0,0.0,0.0,0.0,0.04554519981449424
829.0,Min-Woo Kim,13,0.0,0.5823505398634119,8,3,2,4,4,0,0.0,0.0,0.0,0.0,0.07279381748292649
830.0,Carlos Joel Salcedo Hernández,18,0.0,0.04857405312842539,2,1,1,1,1,0,0.0,0.0,0.0,0.0,0.024287026564212694
831.0,Hyeon-Woo Jo,13,0.0,0.03273400931006287,1,0,0,1,0,0,0.0,0.0,0.0,0.0,0.03273400931006287
832.0,Seung-Woo Lee,13,0.0,0.27550021704091865,5,1,1,3,2,0,0.0,0.0,0.0,0.0,0.05510004340818373
833.0,Rafael Márquez Álvarez,18,0.0,0.11923302443127419,3,0,0,1,2,0,0.0,0.0,0.0,0.0,0.0397443414770914
818.0,Mahmoud Abdul Monem Abdelhamid Soliman,37,0.0,0.03389295966390687,1,0,0,1,0,0,0.0,0.0,0.0,0.0,0.03389295966390687
819.0,Ramadan Sobhi Ramadan Ahmed,37,0.0,0.07505704997701979,2,0,1,1,1,0,0.0,0.0,0.0,0.0,0.03752852498850989
820.0,Lucas Torreira Di Pascua,12,0.0,0.2930992842054506,6,4,1,3,3,0,0.0,0.0,0.0,0.0,0.048849880700908434
821.0,Sung-Yeung Ki,13,0.0,0.3345117856038483,9,1,1,5,4,0,0.0,0.0,0.0,0.0,0.037167976178205366
823.0,Hyun-Soo Jang,13,0.0,0.27181424386183595,2,0,0,1,1,0,0.0,0.0,0.0,0.0,0.13590712193091797
825.0,Seon-Min Moon,13,0.0,0.3656618988659073,4,1,0,2,2,0,0.0,0.0,0.0,0.0,0.09141547471647682
808.0,Ahmed Elsayed Ali Elsayed Hegazy,37,0.0,0.22103921458149198,3,0,0,2,1,0,0.0,0.0,0.0,0.0,0.07367973819383065
809.0,Tarek Hamed,37,0.0,0.3393171817780293,6,2,0,4,2,0,0.0,0.0,0.0,0.0,0.056552863629671546
811.0,Amr Medhat Warda,37,0.0,0.2626369044872239,7,2,3,4,3,0,0.0,0.0,0.0,0.0,0.03751955778388912
812.0,Ahmed Fathy Abdel Meneim Ibrahim,37,0.0,0.40327552234938535,5,2,1,4,1,0,0.0,0.0,0.0,0.0,0.08065510446987707
813.0,Mohamed El Sayed Mohamed El Shenawy Gomaa,37,0.0,0.0327961310419972,1,0,0,1,0,0,0.0,0.0,0.0,0.0,0.0327961310419972
817.0,Cristian Gabriel Rodríguez Barrotti,12,0.0,0.44459658120762185,10,4,1,4,6,0,0.0,0.0,0.0,0.0,0.044459658120762184
876.0,Sadio Mané,10,0.0,0.9542193087030378,14,2,6,9,5,0,0.0,0.0,0.0,0.0,0.06815852205021698
882.0,"Khadim N""Diaye",10,0.0,0.044102264957745024,1,0,1,1,0,0,0.0,0.0,0.0,0.0,0.044102264957745024
883.0,Cheikh N''Doye,10,0.0,0.3967716506082083,2,1,0,2,0,0,0.0,0.0,0.0,0.0,0.19838582530410415
888.0,Pontus Jansson,35,0.0,0.12705311316527745,3,1,0,2,1,0,0.0,0.0,0.0,0.0,0.042351037721759154
864.0,André Martín Carrillo Díaz,38,0.0,0.7637956672691253,12,6,3,6,6,0,0.0,0.0,0.0,0.0,0.06364963893909377
868.0,Pedro David Gallese Quiróz,38,0.0,0.3042149936798744,2,0,0,1,1,0,0.0,0.0,0.0,0.0,0.1521074968399372
869.0,Jefferson Agustín Farfán Guadalupe,38,0.0,0.22792287890006843,6,2,1,4,2,0,0.0,0.0,0.0,0.0,0.03798714648334474
871.0,Nabil Fekir,16,0.0,0.13814692164706746,4,3,0,1,3,0,0.0,0.0,0.0,0.0,0.034536730411766865
873.0,Steven N''Kemboanza Mike Christopher Nzonzi,16,0.0,0.12421534999214093,5,0,1,3,2,0,0.0,0.0,0.0,0.0,0.024843069998428186
855.0,Samuel Yves Umtiti,16,0.0,0.3629348135388201,5,2,1,3,2,0,0.0,0.0,0.0,0.0,0.07258696270776402
856.0,Édison Michael Flores Peralta,38,0.0,0.7825223284502804,10,2,3,6,4,0,0.0,0.0,0.0,0.0,0.07825223284502804
859.0,Pedro Jesús Aquino Sánchez,38,0.0,0.09577251090081575,3,0,2,2,1,0,0.0,0.0,0.0,0.0,0.03192417030027191
860.0,Luis Jan Piers Advíncula Castrillón,38,0.0,0.34724235366693296,11,4,1,6,5,0,0.0,0.0,0.0,0.0,0.031567486696993906
862.0,Christian Alberto Cueva Bravo,38,0.0,2.6382545187499917,24,4,8,12,12,0,0.0,0.0,0.0,0.0,0.10992727161458299
863.0,Miguel Ángel Trauco Saavedra,38,0.0,0.6389209640504433,9,2,1,6,3,0,0.0,0.0,0.0,0.0,0.07099121822782703
844.0,Gabriel Arturo Torres Tejada,36,0.0,0.11833669297039431,2,0,1,1,1,0,0.0,0.0,0.0,0.0,0.05916834648519716
846.0,Dawid Kownacki,19,0.0,0.14353068056924076,3,2,1,1,2,0,0.0,0.0,0.0,0.0,0.04784356018974692
848.0,Łukasz Piszczek,19,0.0,0.16366510378829582,4,3,1,3,1,0,0.0,0.0,0.0,0.0,0.040916275947073956
849.0,Jacek Góralski,19,0.0,0.15016441205675793,4,1,0,2,2,0,0.0,0.0,0.0,0.0,0.03754110301418948
851.0,Maciej Rybus,19,0.0,0.8912182783909776,13,3,3,7,6,0,0.0,0.0,0.0,0.0,0.06855525218392135
852.0,Michał Pazdan,19,0.0,0.13141196595507829,2,0,0,2,0,0,0.0,0.0,0.0,0.0,0.06570598297753914
928.0,Javier Alejandro Mascherano,4,0.0,0.4478762227345367,13,0,2,7,6,0,0.0,0.0,0.0,0.0,0.0344520171334259
929.0,Enzo Nicolás Pérez,4,0.0,0.4648791064795862,4,0,1,2,2,0,0.0,0.0,0.0,0.0,0.11621977661989655
930.0,Federico Julián Fazio,4,0.0,0.11692859881947246,2,0,0,1,1,0,0.0,0.0,0.0,0.0,0.05846429940973623
910.0,Sebastian Rudy,26,0.0,0.044577598040537805,2,1,0,1,1,0,0.0,0.0,0.0,0.0,0.022288799020268903
912.0,Mario Gómez García,26,0.0,0.5100951619603803,3,2,0,2,1,0,0.0,0.0,0.0,0.0,0.1700317206534601
913.0,Jimmy Durmaz,35,0.0,0.017751525951325734,1,1,0,1,0,0,0.0,0.0,0.0,0.0,0.017751525951325734
914.0,John Guidetti,35,0.0,0.2290018209850134,1,0,1,1,0,0,0.0,0.0,0.0,0.0,0.2290018209850134
915.0,Julian Brandt,26,0.0,0.7876391345660406,11,3,0,5,6,0,0.0,0.0,0.0,0.0,0.07160355768782188
916.0,Anice Badri,8,0.0,0.4967561685524813,10,2,2,5,5,0,0.0,0.0,0.0,0.0,0.04967561685524813
901.0,Lucas Vázquez Iglesias,23,0.0,0.10730681771219035,2,0,0,1,1,0,0.0,0.0,0.0,0.0,0.053653408856095174
902.0,Antonio Rukavina,2,0.0,0.5230627431579195,3,2,1,2,1,0,0.0,0.0,0.0,0.0,0.1743542477193065
903.0,Filipe Luís Kasmirski,7,0.0,1.219482842498436,11,1,2,7,4,0,0.0,0.0,0.0,0.0,0.11086207659076691
904.0,Renato Soares de Oliveira Augusto,7,0.0,0.4263421112427219,4,1,0,2,2,0,0.0,0.0,0.0,0.0,0.10658552781068048
905.0,Marco Reus,26,0.0,1.635403637106275,17,4,2,9,8,0,0.0,0.0,0.0,0.0,0.09620021394742795
906.0,Julian Draxler,26,0.0,0.340225507509357,8,2,3,3,5,0,0.0,0.0,0.0,0.0,0.04252818843866962
908.0,Jonas Hector,26,0.0,0.1803876227550529,5,1,1,4,1,0,0.0,0.0,0.0,0.0,0.036077524551010584
892.0,Sergio Ramos García,23,0.0,0.5178401034378354,9,2,2,5,4,0,0.0,0.0,0.0,0.0,0.057537789270870596
893.0,Gerard Piqué Bernabéu,23,0.0,0.7799934746901471,10,2,3,5,5,0,0.0,0.0,0.0,0.0,0.07799934746901471
1567.0,Matěj Vydra,45,0.0,0.15720977680468298,1,1,0,1,0,0,0.0,0.0,0.0,0.0,0.15720977680468298
896.0,José Ignacio Fernández Iglesias,23,0.0,0.8964227481745102,14,3,4,8,6,0,0.0,0.0,0.0,0.0,0.0640301962981793
1569.0,Jadon Sancho,21,0.0,0.03539227857395382,1,0,0,1,0,0,0.0,0.0,0.0,0.0,0.03539227857395382
899.0,Thiago Alcântara do Nascimento,23,0.0,1.3542995335025254,12,3,0,8,4,0,0.0,0.0,0.0,0.0,0.11285829445854378
900.0,Iago Aspas Juncal,23,0.0,0.3853640961942175,6,4,1,3,3,0,0.0,0.0,0.0,0.0,0.06422734936570292
957.0,Aron Einar Gunnarsson,40,0.0,0.714271445728054,11,3,1,7,4,0,0.0,0.0,0.0,0.0,0.06493376779345945
958.0,Oghenekaro Etebo,39,0.0,0.8210326735509063,16,6,5,6,10,0,0.0,0.0,0.0,0.0,0.05131454209693164
1572.0,Evgeny Makarenko,44,0.0,0.4124720285929606,5,1,0,2,3,0,0.0,0.0,0.0,0.0,0.08249440571859212
961.0,Leon Aderemi Balogun,39,0.0,0.04759862829015982,2,0,0,1,1,0,0.0,0.0,0.0,0.0,0.02379931414507991
962.0,Alfreð Finnbogason,40,0.0,0.8051855094340241,9,2,3,4,5,0,0.0,0.0,0.0,0.0,0.08946505660378046
1574.0,Ryan Gravenberch,11,0.0,0.6678380904362732,6,2,1,2,4,0,0.0,0.0,0.0,0.0,0.11130634840604553
965.0,Tyronne Ebuehi,39,0.0,0.041216262900790196,3,1,2,2,1,0,0.0,0.0,0.0,0.0,0.013738754300263398
968.0,Odion Jude Ighalo,39,0.0,0.5531095562421768,7,4,1,2,5,0,0.0,0.0,0.0,0.0,0.07901565089173955
948.0,Onyinye Wilfred Ndidi,39,0.0,0.4806669727414995,13,1,2,7,6,0,0.0,0.0,0.0,0.0,0.03697438251857688
1575.0,Patrick van Aanholt,11,0.0,0.8636858701427856,11,5,1,6,5,0,0.0,0.0,0.0,0.0,0.07851689728570778
950.0,Kári Árnason,40,0.0,0.20079698856096356,2,0,1,2,0,0,0.0,0.0,0.0,0.0,0.10039849428048178
951.0,Ragnar Sigurðsson,40,0.0,0.1660726335028862,2,1,1,1,1,0,0.0,0.0,0.0,0.0,0.0830363167514431
1576.0,Maarten Stekelenburg,11,0.0,0.264335399412641,1,0,1,1,0,0,0.0,0.0,0.0,0.0,0.264335399412641
955.0,Rúrik Gíslason,40,0.0,0.1593675211343187,2,2,0,1,1,0,0.0,0.0,0.0,0.0,0.07968376056715935
956.0,Brian Oladapo Idowu,39,0.0,0.29451190291901,7,1,1,5,2,0,0.0,0.0,0.0,0.0,0.042073128988430006
941.0,Michael Krohn-Dehli,6,0.0,0.0617555846420801,2,0,1,1,1,0,0.0,0.0,0.0,0.0,0.03087779232104005
1577.0,Darko Churlinov,54,0.0,0.23143308535806026,3,1,2,2,1,0,0.0,0.0,0.0,0.0,0.07714436178602009
943.0,John Michael Nchekwube Obinna,39,0.0,0.44702414250487454,11,1,3,7,4,0,0.0,0.0,0.0,0.0,0.04063855840953405
944.0,William Troost-Ekong,39,0.0,0.07219984736735863,2,1,0,1,1,0,0.0,0.0,0.0,0.0,0.036099923683679314
945.0,Jón Daði Böðvarsson,40,0.0,0.09526657261320598,1,1,0,1,0,0,0.0,0.0,0.0,0.0,0.09526657261320598
946.0,Birkir Bjarnason,40,0.0,0.10530367317601738,3,0,2,2,1,0,0.0,0.0,0.0,0.0,0.035101224392005796
932.0,Maximiliano Eduardo Meza,4,0.0,1.6678214682350965,20,4,6,11,9,0,0.0,0.0,0.0,0.0,0.08339107341175482
933.0,Corentin Tolisso,16,0.0,1.0008125130952665,11,4,2,5,6,0,0.0,0.0,0.0,0.0,0.09098295573593332
935.0,Mathias Jattah-Njie Jørgensen,6,0.0,0.023919529855600058,1,0,0,1,0,0,0.0,0.0,0.0,0.0,0.023919529855600058
1554.0,Xaver Schlager,43,0.0,0.41919424405710193,10,2,3,4,6,0,0.0,0.0,0.0,0.0,0.04191942440571019
937.0,Henrik Dalsgaard,6,0.0,0.45320341961617616,9,2,1,7,2,0,0.0,0.0,0.0,0.0,0.05035593551290846
1557.0,Boban Nikolov,54,0.0,0.3134956709622283,6,2,1,3,3,0,0.0,0.0,0.0,0.0,0.05224927849370472
1008.0,Andrew Nabbout,5,0.0,0.059027660642304414,2,0,1,1,1,0,0.0,0.0,0.0,0.0,0.029513830321152207
1559.0,Tihomir Kostadinov,54,0.0,0.04049589099306822,2,1,1,1,1,0,0.0,0.0,0.0,0.0,0.02024794549653411
1516.0,Moussa Sissoko,16,0.0,0.18337331356220113,3,0,1,1,2,0,0.0,0.0,0.0,0.0,0.06112443785406704
21.0,Aleksandar Mitrović,2,0.0,2.5559136479859035,18,9,4,8,10,0,0.0,0.0,0.0,0.0,0.14199520266588353
1014.0,Igor Akinfeev,41,0.0,0.11538241105261161,3,0,1,2,1,0,0.0,0.0,0.0,0.0,0.03846080368420387
1016.0,Fedor Kudryashov,41,0.0,0.09028488141355442,3,0,1,2,1,0,0.0,0.0,0.0,0.0,0.030094960471184807
991.0,Lamine Gassama,10,0.0,0.03436534157578488,1,0,0,1,0,0,0.0,0.0,0.0,0.0,0.03436534157578488
992.0,Keita Baldé Diao,10,0.0,0.06432205225168379,1,1,0,0,1,0,0.0,0.0,0.0,0.0,0.06432205225168379
996.0,Adolfo Abdiel Machado,36,0.0,0.3828025966903219,1,0,1,1,0,0,0.0,0.0,0.0,0.0,0.3828025966903219
1549.0,Arijan Ademi,54,0.0,0.6872507301914241,5,1,0,2,3,0,0.0,0.0,0.0,0.0,0.13745014603828482
998.0,Luis Carlos Ovalle Victoria,36,0.0,0.12796844439164182,2,0,0,1,1,0,0.0,0.0,0.0,0.0,0.06398422219582091
999.0,Rami Bedoui,8,0.0,0.875813690858768,4,0,0,2,2,0,0.0,0.0,0.0,0.0,0.218953422714692
1004.0,Daniel Colindres Solera,28,0.0,0.44883892995372054,9,5,1,4,5,0,0.0,0.0,0.0,0.0,0.04987099221708006
979.0,Renato Fabrizio Tapia Cortijo,38,0.0,0.060555130541409055,3,1,0,2,1,0,0.0,0.0,0.0,0.0,0.020185043513803017
980.0,Tomi Jurić,5,0.0,0.06445152197503592,2,0,1,1,1,0,0.0,0.0,0.0,0.0,0.03222576098751796
981.0,Tom Rogić,5,0.0,0.8563399328734123,9,4,2,2,7,0,0.0,0.0,0.0,0.0,0.09514888143037914
982.0,Robbie Kruse,5,0.0,0.24253600088945546,1,1,0,0,1,0,0.0,0.0,0.0,0.0,0.24253600088945546
983.0,Josh Risdon,5,0.0,0.12448016188225762,1,0,0,1,0,0,0.0,0.0,0.0,0.0,0.12448016188225762
985.0,Mark Milligan,5,0.0,0.11923649955591155,1,1,0,1,0,0,0.0,0.0,0.0,0.0,0.11923649955591155
986.0,Trent Sainsbury,5,0.0,0.24792623410309272,2,1,0,2,0,0,0.0,0.0,0.0,0.0,0.12396311705154636
988.0,Daniel Arzani,5,0.0,0.3067104105523803,8,4,3,3,5,0,0.0,0.0,0.0,0.0,0.03833880131904754
969.0,Ari Freyr Skúlason,40,0.0,0.04861639135629809,1,1,0,1,0,0,0.0,0.0,0.0,0.0,0.04861639135629809
970.0,Alex Iwobi,39,0.0,0.26746626121566724,8,3,1,3,5,0,0.0,0.0,0.0,0.0,0.033433282651958406
971.0,Abdullahi Shehu,39,0.0,0.1078994924938721,4,0,0,2,2,0,0.0,0.0,0.0,0.0,0.026974873123468024
972.0,Marko Pjaca,22,0.0,0.13072997592084185,3,1,1,1,2,0,0.0,0.0,0.0,0.0,0.04357665864028062
974.0,Mesut Özil,26,0.0,2.4942081933288938,38,7,10,23,15,0,0.0,0.0,0.0,0.0,0.06563705771918142
976.0,Sami Khedira,26,0.0,0.12483265913221354,3,0,1,2,1,0,0.0,0.0,0.0,0.0,0.04161088637740452
977.0,Mats Hummels,26,0.0,1.1142616319478182,17,4,4,10,7,0,0.0,0.0,0.0,0.0,0.06554480187928342
179.0,Moon-Hwan Kim,13,0.0,1.1323303805678124,12,2,3,7,5,0,0.0,0.0,0.0,0.0,0.09436086504731771
180.0,Seung-Gyu Kim,13,0.0,0.03864731538940429,1,0,0,1,0,0,0.0,0.0,0.0,0.0,0.03864731538940429
1564.0,Stefan Ilsanker,43,0.0,0.051302498433409345,1,0,0,1,0,0,0.0,0.0,0.0,0.0,0.051302498433409345
182.0,José Martín Cáceres Silva,12,0.0,1.3273145595371805,7,1,2,4,3,0,0.0,0.0,0.0,0.0,0.18961636564816864
1565.0,Alessandro Florenzi,51,0.0,0.2641388192112288,2,0,1,1,1,0,0.0,0.0,0.0,0.0,0.1320694096056144
1566.0,Jakub Brabec,45,0.0,0.09091743688951964,2,0,0,1,1,0,0.0,0.0,0.0,0.0,0.04545871844475982
1545.0,Stefan Lainer,43,0.0,0.23627730817803194,2,0,0,2,0,0,0.0,0.0,0.0,0.0,0.11813865408901597
186.0,Diego Roberto Godín Leal,12,0.0,0.20368869208947793,4,0,1,3,1,0,0.0,0.0,0.0,0.0,0.05092217302236948
170.0,Matías Vecino Falero,12,0.0,0.7575728043858727,15,3,2,8,7,0,0.0,0.0,0.0,0.0,0.05050485362572485
172.0,In-Beom Hwang,13,0.0,1.334341745004797,19,5,4,10,9,0,0.0,0.0,0.0,0.0,0.07022851289498931
1546.0,Visar Musliu,54,0.0,0.2190621719575251,6,1,2,3,3,0,0.0,0.0,0.0,0.0,0.03651036199292085
175.0,Min Jae Kim,13,0.0,0.05386935620031358,1,0,0,1,0,0,0.0,0.0,0.0,0.0,0.05386935620031358
176.0,José María Giménez de Vargas,12,0.0,0.38356619173883355,5,1,1,4,1,0,0.0,0.0,0.0,0.0,0.07671323834776671
160.0,Luuk de Jong,11,0.0,0.03676539695122222,1,1,0,1,0,0,0.0,0.0,0.0,0.0,0.03676539695122222
161.0,Leandro Daniel Paredes,4,0.0,0.08218098251524605,3,1,2,2,1,0,0.0,0.0,0.0,0.0,0.02739366083841535
166.0,Woo-Young Jung,13,0.0,0.8093109327819976,16,3,2,8,8,0,0.0,0.0,0.0,0.0,0.05058193329887485
167.0,Young-Gwon Kim,13,0.0,1.83446136890032,11,1,3,7,4,0,0.0,0.0,0.0,0.0,0.16676921535457453
1547.0,Stole Dimitrievski,54,0.0,0.3906713283280776,3,1,1,2,1,0,0.0,0.0,0.0,0.0,0.1302237761093592
169.0,Mathías Olivera Miramontes,12,0.0,0.7753844712154054,10,4,5,5,5,0,0.0,0.0,0.0,0.0,0.07753844712154054
153.0,Virgil van Dijk,11,0.0,1.9067979613848278,22,2,4,14,8,0,0.0,0.0,0.0,0.0,0.08667263460840126
155.0,Andries Noppert,11,0.0,0.04058961057213188,1,0,0,1,0,0,0.0,0.0,0.0,0.0,0.04058961057213188
156.0,Steven Bergwijn,11,0.0,0.7111573974574541,8,2,1,4,4,0,0.0,0.0,0.0,0.0,0.08889467468218176
1548.0,Ezgjan Alioski,54,0.0,0.6492423188322721,12,3,3,8,4,0,0.0,0.0,0.0,0.0,0.05410352656935601
978.0,Marvin Plattenhardt,26,0.0,0.04200648395406658,1,1,0,0,1,0,0.0,0.0,0.0,0.0,0.04200648395406658
1585.0,José Luis Gayà Peña,23,0.0,0.04071747403373982,1,1,0,0,1,0,0.0,0.0,0.0,0.0,0.04071747403373982
1053.0,Aleksandr Erokhin,41,0.0,0.026037171734311512,2,1,1,1,1,0,0.0,0.0,0.0,0.0,0.013018585867155756
1054.0,Rodrigo Moreno Machado,23,0.0,0.05535124214042472,2,2,0,0,2,0,0.0,0.0,0.0,0.0,0.02767562107021236
1550.0,Aleksandar Trajkovski,54,0.0,0.5864968613730074,12,5,4,4,8,0,0.0,0.0,0.0,0.0,0.048874738447750615
1058.0,Aziz Bouhaddouz,14,0.0,0.04327069069890879,1,1,0,1,0,0,0.0,0.0,0.0,0.0,0.04327069069890879
1059.0,Ricardo Domingos Barbosa Pereira,15,0.0,0.20147334256721855,2,1,1,1,1,0,0.0,0.0,0.0,0.0,0.10073667128360927
1060.0,Manuel Henrique Tavares Fernandes,15,0.0,0.2788158961424972,5,3,0,2,3,0,0.0,0.0,0.0,0.0,0.05576317922849944
1036.0,Eduardo Antonio Salvio,4,0.0,0.3341186832719933,12,3,5,6,6,0,0.0,0.0,0.0,0.0,0.027843223605999442
1038.0,Gonzalo Gerardo Higuaín,4,0.0,0.5493288113939763,5,2,1,4,1,0,0.0,0.0,0.0,0.0,0.10986576227879526
1039.0,Cristhian Ricardo Stuani Curbelo,12,0.0,0.022605076238640904,1,1,0,0,1,0,0.0,0.0,0.0,0.0,0.022605076238640904
1041.0,Johann Berg Guðmunds­son,40,0.0,0.7186368487733964,9,5,3,4,5,0,0.0,0.0,0.0,0.0,0.0798485387525996
1042.0,Duje Ćaleta-Car,22,0.0,0.20803767505701382,2,0,0,2,0,0,0.0,0.0,0.0,0.0,0.10401883752850691
1044.0,Emil Hallfreðsson,40,0.0,0.5415018678491833,4,1,1,2,2,0,0.0,0.0,0.0,0.0,0.13537546696229583
1049.0,Lucas Rodrigo Biglia,4,0.0,0.034550335881352895,3,1,0,1,2,0,0.0,0.0,0.0,0.0,0.011516778627117632
1026.0,Yūya Ōsako,24,0.0,1.249783330634165,19,6,4,7,12,0,0.0,0.0,0.0,0.0,0.0657780700333771
1027.0,Genki Haraguchi,24,0.0,0.6320834528541671,7,3,1,4,3,0,0.0,0.0,0.0,0.0,0.09029763612202388
1028.0,Shinji Kagawa,24,0.0,1.3287788084128556,24,4,5,12,12,0,0.0,0.0,0.0,0.0,0.055365783683868984
1030.0,Makoto Hasebe,24,0.0,0.11924555220813364,3,0,0,2,1,0,0.0,0.0,0.0,0.0,0.039748517402711216
1031.0,Gen Shōji,24,0.0,0.19291070024279472,4,1,0,3,1,0,0.0,0.0,0.0,0.0,0.04822767506069868
1034.0,Hotaru Yamaguchi,24,0.0,0.15031387612837743,2,0,0,1,1,0,0.0,0.0,0.0,0.0,0.07515693806418872
1552.0,Stefan Ristovski,54,0.0,0.24241085336102242,6,2,0,3,3,0,0.0,0.0,0.0,0.0,0.040401808893503734
1604.0,Jason Denayer,29,0.0,0.05889222695663024,2,1,0,1,1,0,0.0,0.0,0.0,0.0,0.02944611347831512
32.0,Noah Okafor,3,0.0,0.16769059698803018,3,1,1,1,2,0,0.0,0.0,0.0,0.0,0.05589686566267673
1021.0,Daler Kuzyaev,41,0.0,0.7646830022453931,14,5,2,7,7,0,0.0,0.0,0.0,0.0,0.054620214446099505
1022.0,Fyodor Smolov,41,0.0,0.9515871892228666,10,2,4,5,5,0,0.0,0.0,0.0,0.0,0.09515871892228665
1023.0,Jonathan dos Santos Ramírez,18,0.0,0.035353028882186825,1,1,0,1,0,0,0.0,0.0,0.0,0.0,0.035353028882186825
1098.0,Bart Verbruggen,11,0.0,0.12612762692799342,4,0,0,2,2,0,0.0,0.0,0.0,0.0,0.031531906731998356
1099.0,Joey Veerman,11,0.0,1.3931103401376537,19,6,2,13,6,0,0.0,0.0,0.0,0.0,0.07332159684935019
34.0,Kye Rowles,5,0.0,0.2646665157217482,3,0,0,2,1,0,0.0,0.0,0.0,0.0,0.0882221719072494
1105.0,Robin Aime Robert Le Normand,23,0.0,0.7076833285729807,8,0,2,6,2,0,0.0,0.0,0.0,0.0,0.08846041607162258
1086.0,Benjamin Mendy,16,0.0,0.10674927699216166,2,1,1,1,1,0,0.0,0.0,0.0,0.0,0.05337463849608083
1088.0,Papa Alioune N''Diaye,10,0.0,0.14645834247155778,4,1,1,2,2,0,0.0,0.0,0.0,0.0,0.036614585617889446
1092.0,Kobbie Mainoo,21,0.0,0.6045210201742269,12,3,3,7,5,0,0.0,0.0,0.0,0.0,0.05037675168118558
1093.0,Tijjani Reijnders,11,0.0,2.6101940581123295,29,8,5,12,17,0,0.0,0.0,0.0,0.0,0.09000669165904585
36.0,Marcos Javier Acuña,4,0.0,0.941079445276877,19,8,3,11,8,0,0.0,0.0,0.0,0.0,0.049530497119835634
1074.0,Abdullah Ibrahim Al Maiouf,17,0.0,0.11979615097362223,2,0,0,1,1,0,0.0,0.0,0.0,0.0,0.059898075486811114
1076.0,Marco Jhonfai Fabián De La Mora,18,0.0,0.09401368369066904,3,2,0,2,1,0,0.0,0.0,0.0,0.0,0.031337894563556346
1079.0,Yo-Han Go,13,0.0,0.049137037489521605,2,0,1,1,1,0,0.0,0.0,0.0,0.0,0.024568518744760803
1081.0,José Heriberto Izquierdo Mena,34,0.0,0.11433798780666454,2,0,0,1,1,0,0.0,0.0,0.0,0.0,0.05716899390333227
38.0,Nicolás Hernán Otamendi,4,0.0,0.6021880836691744,8,3,0,6,2,0,0.0,0.0,0.0,0.0,0.0752735104586468
1083.0,Djibril Sidibé,16,0.0,0.16732493431959575,7,0,2,5,2,0,0.0,0.0,0.0,0.0,0.023903562045656534
1084.0,Presnel Kimpembe,16,0.0,0.19328182624961157,4,1,1,2,2,0,0.0,0.0,0.0,0.0,0.04832045656240289
1085.0,Thomas Lemar,16,0.0,0.5908962443677761,10,3,2,6,4,0,0.0,0.0,0.0,0.0,0.05908962443677761
1061.0,Yoshinori Muto,24,0.0,0.08579912690625933,3,1,1,1,2,0,0.0,0.0,0.0,0.0,0.02859970896875311
1063.0,Takashi Usami,24,0.0,0.7997043887075181,10,4,3,5,5,0,0.0,0.0,0.0,0.0,0.07997043887075181
1064.0,Shinji Okazaki,24,0.0,0.08249839387522559,2,0,0,1,1,0,0.0,0.0,0.0,0.0,0.041249196937612795
1067.0,Gotoku Sakai,24,0.0,0.09629326202650638,2,0,1,1,1,0,0.0,0.0,0.0,0.0,0.04814663101325319
1070.0,Amine Harit,14,0.0,0.3403077519268496,6,2,2,3,3,0,0.0,0.0,0.0,0.0,0.05671795865447493
1071.0,Yehya Sulaiman Ali Al-Shehri,17,0.0,0.06993480846219072,2,0,0,1,1,0,0.0,0.0,0.0,0.0,0.03496740423109536
1133.0,Jeremie Frimpong,11,0.0,0.23453643006082803,3,3,0,1,2,0,0.0,0.0,0.0,0.0,0.078178810020276
1134.0,Semih Kılıçsoy,42,0.0,0.04824804026640847,2,0,0,1,1,0,0.0,0.0,0.0,0.0,0.024124020133204235
22.0,Dušan Vlahović,2,0.0,0.24125738922247333,4,2,0,2,2,0,0.0,0.0,0.0,0.0,0.060314347305618334
1137.0,Francisco Fernandes Conceição,15,0.0,1.25786861474311,15,6,5,6,9,0,0.0,0.0,0.0,0.0,0.08385790764954067
1139.0,Nicolas Seiwald,43,0.0,1.6523811395781745,15,2,5,8,7,0,0.0,0.0,0.0,0.0,0.11015874263854496
1140.0,Maximilian Wöber,43,0.0,0.457676878272294,4,1,3,3,1,0,0.0,0.0,0.0,0.0,0.1144192195680735
1141.0,Patrick Wimmer,43,0.0,0.11513052514459177,2,2,0,1,1,0,0.0,0.0,0.0,0.0,0.05756526257229588
1126.0,Kenan Yildiz,42,0.0,1.808687644834469,22,8,3,6,16,0,0.0,0.0,0.0,0.0,0.08221307476520313
1127.0,Ferdi Erenay Kadıoğlu,42,0.0,1.744123073434105,27,3,10,15,12,0,0.0,0.0,0.0,0.0,0.06459715086792982
23.0,Luka Jović,2,0.0,0.14261936189305724,3,1,1,2,1,0,0.0,0.0,0.0,0.0,0.047539787297685744
1129.0,Okay Yokuşlu,42,0.0,0.09131403971284494,2,0,0,1,1,0,0.0,0.0,0.0,0.0,0.04565701985642247
1131.0,Mehmet Zeki Çelik,42,0.0,1.7794461952315166,14,4,6,8,6,0,0.0,0.0,0.0,0.0,0.12710329965939404
25.0,Predrag Rajković,2,0.0,0.023707297342086087,1,0,0,1,0,0,0.0,0.0,0.0,0.0,0.023707297342086087
1117.0,Mert Müldür,42,0.0,2.000754049338945,22,6,5,9,13,0,0.0,0.0,0.0,0.0,0.09094336587904296
26.0,Edimilson Fernandes,3,0.0,1.4678426662841977,7,3,2,4,3,0,0.0,0.0,0.0,0.0,0.2096918094691711
1120.0,Barış Alper Yılmaz,42,0.0,1.8380503593090634,21,8,7,8,13,0,0.0,0.0,0.0,0.0,0.08752620758614588
1121.0,Salih Özcan,42,0.0,0.028997671491151598,1,1,0,0,1,0,0.0,0.0,0.0,0.0,0.028997671491151598
1122.0,Fehmi Mert Günok,42,0.0,0.24675193622789504,1,0,0,1,0,0,0.0,0.0,0.0,0.0,0.24675193622789504
1123.0,Samet Akaydin,42,0.0,0.8637346741872077,9,0,0,6,3,0,0.0,0.0,0.0,0.0,0.0959705193541342
1124.0,Abdülkerim Bardakcı,42,0.0,0.724940590267716,10,1,1,7,3,0,0.0,0.0,0.0,0.0,0.0724940590267716
1109.0,Martín Zubimendi Ibáñez,23,0.0,0.2646236426730484,7,1,2,4,3,0,0.0,0.0,0.0,0.0,0.037803377524721196
27.0,Nemanja Maksimović,2,0.0,0.46825068162811423,5,2,2,3,2,0,0.0,0.0,0.0,0.0,0.09365013632562284
1113.0,Mike Maignan,16,0.0,0.0827813311937402,2,0,0,1,1,0,0.0,0.0,0.0,0.0,0.0413906655968701
1114.0,Jesús Navas González,23,0.0,0.12628601809482717,4,1,1,2,2,0,0.0,0.0,0.0,0.0,0.03157150452370679
29.0,Filip Đuričić,2,0.0,0.12659877704448325,2,0,1,1,1,0,0.0,0.0,0.0,0.0,0.06329938852224162
142.0,Cheikh Ahmadou Bamba Mbacke Dieng,10,0.0,0.05764288369478214,2,0,1,1,1,0,0.0,0.0,0.0,0.0,0.02882144184739107
143.0,Nampalys Mendy,10,0.0,0.7193603643492221,11,2,1,6,5,0,0.0,0.0,0.0,0.0,0.06539639675902019
145.0,Pape Abou Cissé,10,0.0,0.17000238191453673,1,0,0,1,0,0,0.0,0.0,0.0,0.0,0.17000238191453673
30.0,Nemanja Radonjić,2,0.0,0.5166292968129325,9,3,3,4,5,0,0.0,0.0,0.0,0.0,0.05740325520143694
131.0,Pape Gueye,10,0.0,0.43966681350536685,9,4,2,3,6,0,0.0,0.0,0.0,0.0,0.04885186816726298
14.0,Saša Lukić,2,0.0,1.0297342031183692,11,0,1,7,4,0,0.0,0.0,0.0,0.0,0.0936122002834881
134.0,Youssouf Sabaly,10,0.0,1.295611182266999,21,7,8,12,9,0,0.0,0.0,0.0,0.0,0.06169577058414281
136.0,Enner Remberto Valencia Lastra,9,0.0,0.487298198271684,7,3,3,3,4,0,0.0,0.0,0.0,0.0,0.06961402832452629
15.0,Milos Veljkovic,2,0.0,0.386653678543627,7,0,0,4,3,0,0.0,0.0,0.0,0.0,0.05523623979194671
139.0,José Adoni Cifuentes Charcopa,9,0.0,0.05289478442253168,1,1,0,0,1,0,0.0,0.0,0.0,0.0,0.05289478442253168
140.0,Jeremy Leonel Sarmiento Morante,9,0.0,0.6043484880544793,7,2,1,4,3,0,0.0,0.0,0.0,0.0,0.08633549829349704
18.0,Ricardo Iván Rodríguez Araya,3,0.0,5.183853322751322,66,25,18,37,29,0,0.0,0.0,0.0,0.0,0.07854323216289881
7.0,Strahinja Pavlović,2,0.0,0.4223139766812766,7,1,3,5,2,0,0.0,0.0,0.0,0.0,0.06033056809732523
124.0,Pervis Josué Estupiñán Tenorio,9,0.0,0.9309273993696106,11,6,2,8,3,0,0.0,0.0,0.0,0.0,0.08462976357905551
128.0,Michael Steveen Estrada Martínez,9,0.0,0.08681241244204081,3,0,1,2,1,0,0.0,0.0,0.0,0.0,0.028937470814013603
129.0,Kalidou Koulibaly,10,0.0,0.919439141478568,11,0,1,6,5,0,0.0,0.0,0.0,0.0,0.08358537649805163
130.0,Pathé Ismaël Ciss,10,0.0,0.0854690488342762,1,0,0,1,0,0,0.0,0.0,0.0,0.0,0.0854690488342762
110.0,Dylan Daniel Mahmoud Bronn,8,0.0,0.253787751870876,5,0,1,4,1,0,0.0,0.0,0.0,0.0,0.050757550374175196
112.0,Ferjani Sassi,8,0.0,1.4894036176858332,20,6,4,8,12,0,0.0,0.0,0.0,0.0,0.07447018088429166
114.0,Wajdi Kechrida,8,0.0,0.08793792843637228,1,0,0,1,0,0,0.0,0.0,0.0,0.0,0.08793792843637228
115.0,Taha Yassine Khenissi,8,0.0,0.17731822326974472,2,1,0,1,1,0,0.0,0.0,0.0,0.0,0.08865911163487236
118.0,Piero Martín Hincapié Reyna,9,0.0,0.45845021880510906,6,0,0,3,3,0,0.0,0.0,0.0,0.0,0.07640836980085151
1116.0,Bradley Barcola,16,0.0,0.9597177385753517,11,3,4,4,7,0,0.0,0.0,0.0,0.0,0.08724706714321379
1172.0,Waldemar Anton,26,0.0,0.02293479257871607,1,0,0,1,0,0,0.0,0.0,0.0,0.0,0.02293479257871607
1173.0,José Luis Sanmartín Mato,23,0.0,0.08808417269741958,3,1,1,1,2,0,0.0,0.0,0.0,0.0,0.02936139089913986
9.0,Nikola Milenković,2,0.0,0.1322098649506504,5,1,1,3,2,0,0.0,0.0,0.0,0.0,0.02644197299013008
1177.0,Wout Faes,29,0.0,0.24327322545379762,2,0,0,1,1,0,0.0,0.0,0.0,0.0,0.12163661272689881
10.0,Vanja Milinković Savić,2,0.0,0.07025559241603993,1,0,1,1,0,0,0.0,0.0,0.0,0.0,0.07025559241603993
1162.0,Eberechi Eze,21,0.0,0.11760556317955843,3,1,0,1,2,0,0.0,0.0,0.0,0.0,0.039201854393186145
1165.0,Vincent Sierro,3,0.0,0.026104799345733988,1,1,0,0,1,0,0.0,0.0,0.0,0.0,0.026104799345733988
1166.0,Mohamed Zeki Amdouni,3,0.0,0.08275429595535135,3,1,0,1,2,0,0.0,0.0,0.0,0.0,0.027584765318450447
308.0,Alex Nicolao Telles,7,0.0,0.369164077768268,4,1,1,3,1,0,0.0,0.0,0.0,0.0,0.092291019442067
367.0,Anass Zaroury,14,0.0,0.22424819961356496,2,0,1,1,1,0,0.0,0.0,0.0,0.0,0.11212409980678248
368.0,Bruno Petković,22,0.0,1.4362161464630094,21,3,6,11,10,0,0.0,0.0,0.0,0.0,0.06839124506966712
1170.0,Robert Andrich,26,0.0,0.8309807718919043,18,3,5,10,8,0,0.0,0.0,0.0,0.0,0.04616559843843913
1154.0,Michael Gregoritsch,43,0.0,0.9576800929809028,8,1,3,5,3,0,0.0,0.0,0.0,0.0,0.11971001162261286
356.0,Josip Šutalo,22,0.0,0.05527594420778367,1,0,0,1,0,0,0.0,0.0,0.0,0.0,0.05527594420778367
1157.0,Rasmus Winther Højlund,6,0.0,1.0155876777213715,11,5,2,4,7,0,0.0,0.0,0.0,0.0,0.09232615252012467
1161.0,Jarrod Bowen,21,0.0,0.4410568332368009,2,1,1,1,1,0,0.0,0.0,0.0,0.0,0.22052841661840045
362.0,Bilal El Khannous,14,0.0,0.19867513695315486,2,1,1,1,1,0,0.0,0.0,0.0,0.0,0.09933756847657743
1145.0,Stefan Posch,43,0.0,1.737876227751444,16,10,3,7,9,0,0.0,0.0,0.0,0.0,0.10861726423446524
1147.0,Lutsharel Geertruida,11,0.0,0.10068834365503707,2,1,1,1,1,0,0.0,0.0,0.0,0.0,0.05034417182751853
1148.0,Romano Schmid,43,0.0,0.9916679331235148,8,3,3,6,2,0,0.0,0.0,0.0,0.0,0.12395849164043934
1151.0,Georginio Wijnaldum,11,0.0,1.2503137059757667,14,4,2,6,8,0,0.0,0.0,0.0,0.0,0.08930812185541191
347.0,Famara Diedhiou,10,0.0,0.16304316728523538,2,1,0,2,0,0,0.0,0.0,0.0,0.0,0.08152158364261769
1212.0,Jan Kuchta,45,0.0,0.32446626043658144,2,0,1,1,1,0,0.0,0.0,0.0,0.0,0.16223313021829072
1214.0,Ondřej Lingr,45,0.0,0.6320984963908971,5,1,1,2,3,0,0.0,0.0,0.0,0.0,0.12641969927817942
1215.0,Matěj Jurásek,45,0.0,0.2806947287800163,6,5,1,1,5,0,0.0,0.0,0.0,0.0,0.04678245479666938
349.0,Eric Dier,21,0.0,0.8846341880249163,11,2,1,6,5,0,0.0,0.0,0.0,0.0,0.08042128982044694
1220.0,Kevin Danso,43,0.0,0.7057888598968621,4,0,0,2,2,0,0.0,0.0,0.0,0.0,0.17644721497421553
265.0,Ernesto Alexis Vega Rojas,18,0.0,0.7327521190855357,9,5,0,5,4,0,0.0,0.0,0.0,0.0,0.08141690212061509
1202.0,Lukáš Provod,45,0.0,0.8648438474483099,10,4,1,5,5,0,0.0,0.0,0.0,0.0,0.08648438474483099
1203.0,Tomáš Souček,45,0.0,1.9645909527267185,21,8,4,13,8,0,0.0,0.0,0.0,0.0,0.09355195012984374
1204.0,David Jurásek,45,0.0,0.7704147912220631,13,4,4,7,6,0,0.0,0.0,0.0,0.0,0.05926267624785101
1206.0,Adam Hložek,45,0.0,0.665052213196394,7,4,1,2,5,0,0.0,0.0,0.0,0.0,0.09500745902805628
1208.0,Robin Hranáč,45,0.0,0.12407391079467144,2,0,1,2,0,0,0.0,0.0,0.0,0.0,0.06203695539733572
1209.0,Patrik Schick,45,0.0,0.9241172299955569,15,6,3,5,10,0,0.0,0.0,0.0,0.0,0.06160781533303713
1192.0,Taras Stepanenko,44,0.0,0.16186109220967376,7,2,1,3,4,0,0.0,0.0,0.0,0.0,0.023123013172810538
1194.0,Johan Bakayoko,29,0.0,0.12142512254568247,2,0,1,1,1,0,0.0,0.0,0.0,0.0,0.060712561272841234
330.0,Eray Ervin Cömert,3,0.0,0.3039798643977126,2,0,0,1,1,0,0.0,0.0,0.0,0.0,0.1519899321988563
1197.0,Ladislav Krejčí,45,0.0,0.6698679710368931,10,2,3,6,4,0,0.0,0.0,0.0,0.0,0.06698679710368931
1200.0,Merih Demiral,42,0.0,0.42679175435076944,4,2,1,3,1,0,0.0,0.0,0.0,0.0,0.10669793858769236
1182.0,Vitalii Mykolenko,44,0.0,0.42592665731828777,6,1,1,5,1,0,0.0,0.0,0.0,0.0,0.07098777621971462
318.0,Hassan Khalid Al Heidos,20,0.0,0.9699397616792373,4,3,1,2,2,0,0.0,0.0,0.0,0.0,0.24248494041980934
1184.0,Arthur Theate,29,0.0,0.2523159987529664,9,2,2,6,3,0,0.0,0.0,0.0,0.0,0.028035110972551822
1186.0,Oleksandr Tymchyk,44,0.0,0.06808028253508791,4,0,1,2,2,0,0.0,0.0,0.0,0.0,0.017020070633771978
1188.0,Volodymyr Brazhko,44,0.0,0.12466177178329846,5,2,1,2,3,0,0.0,0.0,0.0,0.0,0.02493235435665969
1190.0,Orel Mangala,29,0.0,0.1674573900024699,2,0,0,1,1,0,0.0,0.0,0.0,0.0,0.08372869500123495
1254.0,Dodi Lukebakio,29,0.0,0.26227349966671565,6,3,2,4,2,0,0.0,0.0,0.0,0.0,0.04371224994445261
1255.0,Giorgi Kochorashvili,48,0.0,1.472396288963069,10,2,2,4,6,0,0.0,0.0,0.0,0.0,0.1472396288963069
1256.0,Otar Kiteishvili,48,0.0,0.1339096880470299,4,0,1,3,1,0,0.0,0.0,0.0,0.0,0.03347742201175748
1259.0,Otar Kakabadze,48,0.0,0.7469532942260083,13,2,2,9,4,0,0.0,0.0,0.0,0.0,0.05745794570969295
1260.0,Lasha Dvali,48,0.0,0.825151412451993,5,0,0,3,2,0,0.0,0.0,0.0,0.0,0.16503028249039858
1262.0,Giorgi Mamardashvili,48,0.0,0.11217000695773205,1,0,0,1,0,0,0.0,0.0,0.0,0.0,0.11217000695773205
1264.0,Giorgi Chakvetadze,48,0.0,1.1048007387196572,14,4,5,9,5,0,0.0,0.0,0.0,0.0,0.07891433847997552
1244.0,Petar Stojanović,47,0.0,0.5746045218628267,10,3,2,6,4,0,0.0,0.0,0.0,0.0,0.05746045218628267
320.0,Akram Hassan Afif,20,0.0,1.0529751491071584,13,4,4,7,6,0,0.0,0.0,0.0,0.0,0.08099808839285834
1246.0,Vanja Drkušić,47,0.0,0.27740594708137833,2,1,1,1,1,0,0.0,0.0,0.0,0.0,0.13870297354068917
1248.0,Adam Gnezda Čerin,47,0.0,0.6966248554251246,12,4,1,7,5,0,0.0,0.0,0.0,0.0,0.058052071285427054
1251.0,Jon Gorenc Stankovič,47,0.0,0.5260297745012876,6,1,2,3,3,0,0.0,0.0,0.0,0.0,0.08767162908354793
1252.0,Benjamin Verbič,47,0.0,0.1800340120592552,5,1,1,3,2,0,0.0,0.0,0.0,0.0,0.036006802411851044
1230.0,Ianis Hagi,46,0.0,0.19575199193084375,6,2,2,3,3,0,0.0,0.0,0.0,0.0,0.032625331988473956
1232.0,Andrei Burcă Andonie,46,0.0,0.055829105989723085,2,0,0,1,1,0,0.0,0.0,0.0,0.0,0.027914552994861543
1236.0,Valentin Mihai Mihăilă,46,0.0,0.1311704170917005,5,3,0,1,4,0,0.0,0.0,0.0,0.0,0.026234083418340097
1238.0,Jaka Bijol,47,0.0,0.3611089642423362,4,1,0,3,1,0,0.0,0.0,0.0,0.0,0.09027724106058405
1239.0,Jure Balkovec,47,0.0,0.029745273499972344,1,0,1,1,0,0,0.0,0.0,0.0,0.0,0.029745273499972344
1240.0,Jan Mlakar,47,0.0,0.5987212774465084,7,2,3,2,5,0,0.0,0.0,0.0,0.0,0.08553161106378691
1242.0,Benjamin Šeško,47,0.0,0.49948112209563306,13,8,1,4,9,0,0.0,0.0,0.0,0.0,0.03842162477658716
1243.0,Andraž Šporar,47,0.0,0.5818106808272079,10,4,4,5,5,0,0.0,0.0,0.0,0.0,0.05818106808272079
321.0,Homam Alamin Ahmed,20,0.0,0.750746248592993,6,0,2,4,2,0,0.0,0.0,0.0,0.0,0.12512437476549884
1223.0,Radu Drăgușin,46,0.0,0.024480091300341837,1,1,0,0,1,0,0.0,0.0,0.0,0.0,0.024480091300341837
1224.0,Marius Mihai Marin,46,0.0,0.24146874603916643,5,1,1,3,2,0,0.0,0.0,0.0,0.0,0.04829374920783329
1225.0,Florin Constantin Niţă,46,0.0,0.03172803087301827,2,0,0,1,1,0,0.0,0.0,0.0,0.0,0.015864015436509137
322.0,Ali Assadalla Thaimn Qambar,20,0.0,0.03137923757886105,2,0,0,1,1,0,0.0,0.0,0.0,0.0,0.015689618789430523
1227.0,Răzvan Gabriel Marin,46,0.0,0.32361456475230455,12,3,3,4,8,0,0.0,0.0,0.0,0.0,0.02696788039602538
47.0,Aziz Eraltay Behich,5,0.0,1.1217344428089429,13,2,3,6,7,0,0.0,0.0,0.0,0.0,0.08628726483145714
103.0,Issam Jebali,8,0.0,0.43282076439296246,6,3,1,3,3,0,0.0,0.0,0.0,0.0,0.07213679406549374
323.0,Karim Boudiaf,20,0.0,0.2619437156222255,5,0,0,3,2,0,0.0,0.0,0.0,0.0,0.0523887431244451
105.0,Youssef Msakni,8,0.0,1.21678395232373,13,4,4,5,8,0,0.0,0.0,0.0,0.0,0.09359876556336386
106.0,Yassine Meriah,8,0.0,1.8331905798969215,15,0,1,10,5,0,0.0,0.0,0.0,0.0,0.12221270532646143
107.0,Ali Abdi,8,0.0,0.04732768077544102,1,1,0,1,0,0,0.0,0.0,0.0,0.0,0.04732768077544102
109.0,Mohamed Dräger,8,0.0,0.2250731504113708,4,3,1,1,3,0,0.0,0.0,0.0,0.0,0.0562682876028427
324.0,Mohammed Muntari,20,0.0,0.02369226053524373,2,0,1,1,1,0,0.0,0.0,0.0,0.0,0.011846130267621865
325.0,Vincent Janssen,11,0.0,0.12704547220393736,2,1,0,1,1,0,0.0,0.0,0.0,0.0,0.06352273610196868
97.0,Frederico Rodrigues Santos,7,0.0,0.6140774458477427,6,2,3,3,3,0,0.0,0.0,0.0,0.0,0.10234624097462379
98.0,Antony Matheus dos Santos,7,0.0,1.603539787303313,20,9,2,7,13,0,0.0,0.0,0.0,0.0,0.08017698936516565
310.0,Almoez Ali Zainalabiddin Abdulla,20,0.0,0.513244409329986,3,2,0,1,2,0,0.0,0.0,0.0,0.0,0.17108146977666203
100.0,Gabriel Teodoro Martinelli Silva,7,0.0,1.6347779396855888,14,4,4,5,9,0,0.0,0.0,0.0,0.0,0.11676985283468491
84.0,Alex Sandro Lobo Silva,7,0.0,0.7126652180828295,9,2,2,4,5,0,0.0,0.0,0.0,0.0,0.0791850242314255
85.0,Carlos Henrique Casimiro,7,0.0,2.3121670350688937,35,6,8,20,15,0,0.0,0.0,0.0,0.0,0.06606191528768268
87.0,Raphael Dias Belloli,7,0.0,3.4828639398778316,30,12,5,13,17,0,0.0,0.0,0.0,0.0,0.11609546466259439
88.0,Filip Mladenović,2,0.0,0.2702008936633325,7,1,1,4,3,0,0.0,0.0,0.0,0.0,0.03860012766619036
89.0,Alisson Ramsés Becker,7,0.0,0.027637810702008374,1,0,0,1,0,0,0.0,0.0,0.0,0.0,0.027637810702008374
311.0,Meshaal Aissa Barsham,20,0.0,0.05608929502966645,2,0,1,1,1,0,0.0,0.0,0.0,0.0,0.028044647514833224
91.0,Danilo Luiz da Silva,7,0.0,0.6444184874808565,15,1,1,8,7,0,0.0,0.0,0.0,0.0,0.042961232498723766
74.0,Andreas Skov Olsen,6,0.0,1.5199452829854816,14,7,1,7,7,0,0.0,0.0,0.0,0.0,0.10856752021324868
75.0,Jesper Lindstrøm,6,0.0,0.048488390416609656,1,1,0,0,1,0,0.0,0.0,0.0,0.0,0.048488390416609656
313.0,Pedro Miguel Correia,20,0.0,0.3064911443228078,3,1,1,1,2,0,0.0,0.0,0.0,0.0,0.10216371477426926
1229.0,Nicolae Claudiu Stanciu,46,0.0,0.34640906969484614,12,4,3,6,6,0,0.0,0.0,0.0,0.0,0.02886742247457051
1293.0,Rey Manaj,50,0.0,0.1535164397713536,2,1,0,1,1,0,0.0,0.0,0.0,0.0,0.0767582198856768
1295.0,Mario Mitaj,50,0.0,0.041970257601650705,1,0,0,1,0,0,0.0,0.0,0.0,0.0,0.041970257601650705
316.0,Assim Omer Al Haj Madibo,20,0.0,0.4691592590115531,5,0,1,3,2,0,0.0,0.0,0.0,0.0,0.09383185180231061
1298.0,Berat Djimsiti,50,0.0,0.14876089049462984,3,0,1,2,1,0,0.0,0.0,0.0,0.0,0.04958696349820995
317.0,Abdulaziz Hatem Mohammed Abdullah,20,0.0,0.24729998630577038,3,2,0,2,1,0,0.0,0.0,0.0,0.0,0.08243332876859012
1301.0,Arlind Afrim Ajeti,50,0.0,0.23350938524985992,3,0,0,2,1,0,0.0,0.0,0.0,0.0,0.0778364617499533
1303.0,Armando Broja,50,0.0,0.3006934113235671,6,1,2,3,3,0,0.0,0.0,0.0,0.0,0.05011556855392785
1284.0,Tomáš Suslov,49,0.0,0.5066424573016225,11,3,2,6,5,0,0.0,0.0,0.0,0.0,0.04605840520923841
1285.0,Matúš Bero,49,0.0,0.046394150587642846,2,1,0,1,1,0,0.0,0.0,0.0,0.0,0.023197075293821423
1286.0,László Bénes,49,0.0,0.45833944545003436,4,3,1,4,0,0,0.0,0.0,0.0,0.0,0.11458486136250859
1287.0,Norbert Gyömbér,49,0.0,0.2763549188332814,6,1,0,4,2,0,0.0,0.0,0.0,0.0,0.04605915313888023
1288.0,Ľubomír Tupta,49,0.0,0.05522448533715808,1,0,0,1,0,0,0.0,0.0,0.0,0.0,0.05522448533715808
1290.0,Lazar Samardžić,2,0.0,0.12144078770963745,3,1,0,1,2,0,0.0,0.0,0.0,0.0,0.040480262569879154
1291.0,Qazim Laçi,50,0.0,0.5709155880636211,8,1,2,6,2,0,0.0,0.0,0.0,0.0,0.07136444850795264
300.0,Nico Elvedi,3,0.0,0.3291424585703591,4,0,1,2,2,0,0.0,0.0,0.0,0.0,0.08228561464258978
1276.0,Ondrej Duda,49,0.0,0.8756498316501048,24,6,5,14,10,0,0.0,0.0,0.0,0.0,0.0364854096520877
1277.0,Stanislav Lobotka,49,0.0,0.31248401180112934,10,2,3,5,5,0,0.0,0.0,0.0,0.0,0.031248401180112934
301.0,Fabian Rieder,3,0.0,0.465245880545544,7,3,3,6,1,0,0.0,0.0,0.0,0.0,0.066463697220792
302.0,Éder Gabriel Militão,7,0.0,1.2169576472571306,13,3,0,7,6,0,0.0,0.0,0.0,0.0,0.09361212671208698
304.0,Bruno Guimarães Rodriguez Moura,7,0.0,0.28375721670659254,3,1,0,1,2,0,0.0,0.0,0.0,0.0,0.09458573890219751
400.0,Takehiro Tomiyasu,24,0.0,0.48450502325463474,8,1,2,5,3,0,0.0,0.0,0.0,0.0,0.06056312790682934
1283.0,Róbert Boženík,49,0.0,0.21527053921631664,3,2,1,1,2,0,0.0,0.0,0.0,0.0,0.07175684640543888
403.0,Borna Barišić,22,0.0,0.14390172423645117,3,0,0,2,1,0,0.0,0.0,0.0,0.0,0.04796724141215039
1267.0,Zuriko Davitashvili,48,0.0,0.5602829046361466,3,1,0,2,1,0,0.0,0.0,0.0,0.0,0.18676096821204888
1268.0,Heorhii Tsitaishvili,48,0.0,0.5558892046005195,6,4,0,2,4,0,0.0,0.0,0.0,0.0,0.09264820076675324
1269.0,Alejandro Grimaldo García,23,0.0,0.8096979539091547,15,7,7,9,6,0,0.0,0.0,0.0,0.0,0.05397986359394365
404.0,Daizen Maeda,24,0.0,0.163879231312575,2,0,0,1,1,0,0.0,0.0,0.0,0.0,0.0819396156562875
406.0,Hidemasa Morita,24,0.0,0.3249299806630932,6,2,2,4,2,0,0.0,0.0,0.0,0.0,0.0541549967771822
1275.0,Martin Dúbravka,49,0.0,0.10565404486438601,2,0,0,1,1,0,0.0,0.0,0.0,0.0,0.052827022432193005
1334.0,John McGinn,52,0.0,1.0133721494060877,12,3,4,7,5,0,0.0,0.0,0.0,0.0,0.08444767911717398
1335.0,Grant Campbell Hanley,52,0.0,0.2772031033376861,3,0,2,2,1,0,0.0,0.0,0.0,0.0,0.09240103444589537
1337.0,Scott McKenna,52,0.0,0.17556031702181132,1,0,0,1,0,0,0.0,0.0,0.0,0.0,0.17556031702181132
393.0,Unai Simón Mendibil,23,0.0,0.3259187285612589,4,0,0,2,2,0,0.0,0.0,0.0,0.0,0.08147968214031473
1341.0,Che Adams,52,0.0,0.6419059750161075,10,7,0,5,5,0,0.0,0.0,0.0,0.0,0.06419059750161074
1327.0,Andrea Cambiaso,51,0.0,0.05756591490269524,2,0,0,1,1,0,0.0,0.0,0.0,0.0,0.02878295745134762
1328.0,Davide Frattesi,51,0.0,0.1535543976601764,4,0,1,3,1,0,0.0,0.0,0.0,0.0,0.0383885994150441
394.0,Carlos Soler Barragán,23,0.0,0.17070070085467665,4,2,0,3,1,0,0.0,0.0,0.0,0.0,0.04267517521366916
1330.0,Willi Orban,53,0.0,0.20189402258057937,3,2,0,3,0,0,0.0,0.0,0.0,0.0,0.06729800752685978
1331.0,Barnabás Varga,53,0.0,0.12125862737677025,1,1,0,1,0,0,0.0,0.0,0.0,0.0,0.12125862737677025
1332.0,Jack Hendry,52,0.0,0.15603717701078035,3,1,1,2,1,0,0.0,0.0,0.0,0.0,0.05201239233692678
1333.0,Márton Dárdai,53,0.0,0.5730300350146924,3,0,0,2,1,0,0.0,0.0,0.0,0.0,0.19101001167156414
1317.0,Gianluigi Donnarumma,51,0.0,0.06264238781551694,2,0,0,1,1,0,0.0,0.0,0.0,0.0,0.03132119390775847
1318.0,Giovanni Di Lorenzo,51,0.0,0.7278348587013609,18,2,2,11,7,0,0.0,0.0,0.0,0.0,0.04043526992785338
1319.0,Nicolò Fagioli,51,0.0,0.0958923510946319,3,1,1,1,2,0,0.0,0.0,0.0,0.0,0.03196411703154397
1320.0,Matteo Darmian,51,0.0,0.2987731539178693,2,1,1,1,1,0,0.0,0.0,0.0,0.0,0.14938657695893465
1321.0,Gianluca Scamacca,51,0.0,0.4926614999184881,10,5,4,4,6,0,0.0,0.0,0.0,0.0,0.049266149991848814
1322.0,Mattia Zaccagni,51,0.0,0.3168280618600498,4,0,1,2,2,0,0.0,0.0,0.0,0.0,0.07920701546501245
1323.0,Mateo Retegui,51,0.0,0.33821860105044277,3,2,0,1,2,0,0.0,0.0,0.0,0.0,0.11273953368348093
1304.0,Fermin Lopez Marin,23,0.0,0.02859313258656197,1,1,0,0,1,0,0.0,0.0,0.0,0.0,0.02859313258656197
1305.0,Arbër Hoxha,50,0.0,0.6539442133612006,11,3,1,5,6,0,0.0,0.0,0.0,0.0,0.059449473941927324
1306.0,Medon Berisha,50,0.0,0.18189844301616945,3,1,0,1,2,0,0.0,0.0,0.0,0.0,0.06063281433872315
1308.0,Alejandro Baena Rodríguez,23,0.0,0.31408286493557636,3,0,1,2,1,0,0.0,0.0,0.0,0.0,0.10469428831185879
1310.0,Benjamin Henrichs,26,0.0,0.021310330277287896,1,1,0,0,1,0,0.0,0.0,0.0,0.0,0.021310330277287896
1313.0,Alessandro Bastoni,51,0.0,0.6565421647597963,12,1,4,7,5,0,0.0,0.0,0.0,0.0,0.05471184706331636
1366.0,Giacomo Raspadori,51,0.0,1.249660912196876,9,6,0,6,3,0,0.0,0.0,0.0,0.0,0.13885121246631957
1367.0,Elseid Hysaj,50,0.0,0.2067979584283401,3,0,1,2,1,0,0.0,0.0,0.0,0.0,0.0689326528094467
1369.0,Taulant Sulejmanov,50,0.0,0.3882210906769969,3,2,1,1,2,0,0.0,0.0,0.0,0.0,0.12940703022566563
1370.0,Klaus Gjasula,50,0.0,0.042102025715617636,1,0,1,1,0,0,0.0,0.0,0.0,0.0,0.042102025715617636
1371.0,Mirlind Daku,50,0.0,0.09767553922942979,3,1,1,2,1,0,0.0,0.0,0.0,0.0,0.03255851307647659
1372.0,Martin Baturina,22,0.0,0.18749384916206369,3,1,1,0,3,0,0.0,0.0,0.0,0.0,0.062497949720687895
1374.0,Attila Fiola,53,0.0,0.11077464202575679,4,0,1,2,2,0,0.0,0.0,0.0,0.0,0.027693660506439198
1358.0,Kenneth McLean,52,0.0,0.026551128966071865,1,1,0,0,1,0,0.0,0.0,0.0,0.0,0.026551128966071865
397.0,Anssumane Fati,23,0.0,0.1682464168065449,2,0,0,1,1,0,0.0,0.0,0.0,0.0,0.08412320840327245
1360.0,Zsolt Nagy,53,0.0,0.30911641514368265,1,0,0,1,0,0,0.0,0.0,0.0,0.0,0.30911641514368265
1361.0,Lewis Morgan,52,0.0,0.0750828561921766,1,1,0,0,1,0,0.0,0.0,0.0,0.0,0.0750828561921766
1362.0,Jorge Luiz Frello Filho,51,0.0,3.1906743064303735,52,4,9,31,21,0,0.0,0.0,0.0,0.0,0.061359121277507186
388.0,Marcos Llorente Moreno,23,0.0,0.9348814027119111,17,3,7,10,7,0,0.0,0.0,0.0,0.0,0.054993023688935945
1365.0,Ayoze Pérez Gutiérrez,23,0.0,0.2661369399762792,4,3,1,0,4,0,0.0,0.0,0.0,0.0,0.0665342349940698
1350.0,Angus Gunn,52,0.0,0.06585754149233002,1,0,0,1,0,0,0.0,0.0,0.0,0.0,0.06585754149233002
1351.0,Ádám Nagy,53,0.0,0.3460652858276875,8,1,1,4,4,0,0.0,0.0,0.0,0.0,0.043258160728460934
1352.0,László Kleinheisler,53,0.0,0.17267822519540452,7,2,2,3,4,0,0.0,0.0,0.0,0.0,0.02466831788505779
1353.0,Martin Ádám,53,0.0,0.3785357210943286,3,0,1,2,1,0,0.0,0.0,0.0,0.0,0.12617857369810953
1354.0,Lawrence Shankland,52,0.0,0.12914433103333484,2,0,1,1,1,0,0.0,0.0,0.0,0.0,0.06457216551666742
1355.0,Attila Szalai,53,0.0,0.30617036796442393,2,0,1,2,0,0,0.0,0.0,0.0,0.0,0.15308518398221196
1356.0,Stuart Armstrong,52,0.0,0.6607539107129886,11,3,4,6,5,0,0.0,0.0,0.0,0.0,0.06006853733754442
1357.0,Ryan Christie,52,0.0,0.17418222122675106,3,1,1,2,1,0,0.0,0.0,0.0,0.0,0.05806074040891702
1342.0,Callum Styles,53,0.0,0.21297659491027804,3,1,2,2,1,0,0.0,0.0,0.0,0.0,0.07099219830342601
1343.0,Milos Kerkez,53,0.0,0.1968452182154553,2,0,1,1,1,0,0.0,0.0,0.0,0.0,0.09842260910772765
1344.0,Péter Gulácsi,53,0.0,0.2987976018722588,2,1,0,2,0,0,0.0,0.0,0.0,0.0,0.1493988009361294
1345.0,Endre Botka,53,0.0,0.3278667925115596,6,0,0,3,3,0,0.0,0.0,0.0,0.0,0.05464446541859327
1348.0,Scott McTominay,52,0.0,0.3340097204074979,8,3,1,5,3,0,0.0,0.0,0.0,0.0,0.041751215050937235
1349.0,Anthony Ralston,52,0.0,0.09046047676848379,3,1,1,2,1,0,0.0,0.0,0.0,0.0,0.030153492256161263
1452.0,Luka Ivanušec,22,0.0,0.027584035235506916,1,1,0,0,1,0,0.0,0.0,0.0,0.0,0.027584035235506916
1455.0,Yunus Akgün,42,0.0,0.11344850631776783,3,0,2,2,1,0,0.0,0.0,0.0,0.0,0.037816168772589275
1456.0,Mijat Gaćinović,2,0.0,0.06479957971017615,1,1,0,0,1,0,0.0,0.0,0.0,0.0,0.06479957971017615
1460.0,Kieran Tierney,52,0.0,0.18767512071575804,5,2,1,2,3,0,0.0,0.0,0.0,0.0,0.03753502414315161
1461.0,Pavel Šulc,45,0.0,0.11916826567442744,1,1,0,0,1,0,0.0,0.0,0.0,0.0,0.11916826567442744
373.0,Borna Sosa,22,0.0,0.4907157827268894,7,4,1,3,4,0,0.0,0.0,0.0,0.0,0.07010225467526991
377.0,Noussair Mazraoui,14,0.0,0.08780904619001002,4,2,2,2,2,0,0.0,0.0,0.0,0.0,0.021952261547502506
1438.0,Gonçalo Bernardo Inácio,15,0.0,0.3580222750923971,6,0,0,5,1,0,0.0,0.0,0.0,0.0,0.059670379182066184
1439.0,Pedro Lomba Neto,15,0.0,0.3710229246071226,7,1,2,4,3,0,0.0,0.0,0.0,0.0,0.053003274943874655
1440.0,Łukasz Skorupski,19,0.0,0.02766243548044898,1,0,1,1,0,0,0.0,0.0,0.0,0.0,0.02766243548044898
1443.0,Florinel Teodor Coman,46,0.0,0.11137861282711986,4,2,1,1,3,0,0.0,0.0,0.0,0.0,0.027844653206779965
1444.0,Viktor Tsygankov,44,0.0,0.25192841328622595,5,3,0,3,2,0,0.0,0.0,0.0,0.0,0.05038568265724519
1445.0,Nicușor Silviu Bancu,46,0.0,0.3008268938187402,10,0,2,6,4,0,0.0,0.0,0.0,0.0,0.03008268938187402
1449.0,Erik Janža,47,0.0,0.8955593009761668,6,3,1,5,1,0,0.0,0.0,0.0,0.0,0.14925988349602778
1450.0,Anthony Gordon,21,0.0,0.17169719256387145,4,0,1,2,2,0,0.0,0.0,0.0,0.0,0.04292429814096786
1423.0,Jakub Piotrowski,19,0.0,0.9374047681521689,5,2,2,1,4,0,0.0,0.0,0.0,0.0,0.18748095363043377
1424.0,Mykhailo Mudryk,44,0.0,1.4736430210902158,21,9,6,9,12,0,0.0,0.0,0.0,0.0,0.07017347719477218
1427.0,Serhii Sydorchuk,44,0.0,0.29225044816189655,5,1,1,3,2,0,0.0,0.0,0.0,0.0,0.05845008963237931
1429.0,Anzor Mekvabishvili,48,0.0,0.3225153379335196,6,2,0,2,4,0,0.0,0.0,0.0,0.0,0.053752556322253266
1430.0,Václav Černý,45,0.0,0.2150145817245046,4,2,2,1,3,0,0.0,0.0,0.0,0.0,0.05375364543112615
379.0,Abdessamad Ezzalzouli,14,0.0,0.6070536717670286,7,3,2,2,5,0,0.0,0.0,0.0,0.0,0.08672195310957552
1435.0,Yusuf Yazıcı,42,0.0,1.2708182485901736,10,7,2,6,4,0,0.0,0.0,0.0,0.0,0.12708182485901737
1437.0,João Neves,15,0.0,0.39657507641408896,4,1,0,2,2,0,0.0,0.0,0.0,0.0,0.09914376910352224
1410.0,Chris Führich,26,0.0,0.03580988306961251,1,1,0,0,1,0,0.0,0.0,0.0,0.0,0.03580988306961251
1413.0,Zeno Debast,29,0.0,0.3821355919769989,4,1,1,3,1,0,0.0,0.0,0.0,0.0,0.09553389799424973
1415.0,Adam Obert,49,0.0,0.2364591484186856,4,0,1,2,2,0,0.0,0.0,0.0,0.0,0.0591147871046714
1417.0,Bartosz Salamon,19,0.0,0.028263942077322336,1,1,0,0,1,0,0.0,0.0,0.0,0.0,0.028263942077322336
1418.0,Adam Buksa,19,0.0,0.20201698315216476,4,1,1,3,1,0,0.0,0.0,0.0,0.0,0.05050424578804119
1419.0,Kacper Urbanski,19,0.0,0.09710583456479122,4,2,1,2,2,0,0.0,0.0,0.0,0.0,0.024276458641197804
380.0,Pedro Guilherme Abreu dos Santos,7,0.0,0.12218416156831913,1,1,0,0,1,0,0.0,0.0,0.0,0.0,0.12218416156831913
1422.0,Bartosz Slisz,19,0.0,0.19073101823009575,3,0,1,2,1,0,0.0,0.0,0.0,0.0,0.06357700607669858
1499.0,Tomáš Hubočan,49,0.0,0.36614157433844396,7,1,4,5,2,0,0.0,0.0,0.0,0.0,0.05230593919120628
1500.0,Kristoffer Olsson,35,0.0,0.038946363029710634,1,1,0,0,1,0,0.0,0.0,0.0,0.0,0.038946363029710634
1501.0,Marcus Andreas Danielsson,35,0.0,0.10009720771001918,2,0,0,1,1,0,0.0,0.0,0.0,0.0,0.05004860385500959
441.0,Brenden Aaronson,25,0.0,0.1817272953747113,4,2,2,2,2,0,0.0,0.0,0.0,0.0,0.045431823843677825
1505.0,Robin Quaison,35,0.0,0.09795888835869407,1,1,0,0,1,0,0.0,0.0,0.0,0.0,0.09795888835869407
1507.0,Michal Ďuriš,49,0.0,0.05789103203115836,1,1,0,0,1,0,0.0,0.0,0.0,0.0,0.05789103203115836
442.0,Haji Wright,25,0.0,0.5305384811602454,6,2,1,2,4,0,0.0,0.0,0.0,0.0,0.08842308019337423
1491.0,Eric García Martret,23,0.0,0.1394331198259741,4,0,0,2,2,0,0.0,0.0,0.0,0.0,0.03485827995649352
1492.0,Giorgio Chiellini,51,0.0,0.25729617316574366,6,0,0,4,2,0,0.0,0.0,0.0,0.0,0.04288269552762394
443.0,DeAndre Yedlin,25,0.0,0.06542422446732385,1,0,0,1,0,0,0.0,0.0,0.0,0.0,0.06542422446732385
446.0,Matthijs de Ligt,11,0.0,0.3104940065087805,4,1,0,3,1,0,0.0,0.0,0.0,0.0,0.07762350162719513
1498.0,Ľubomír Šatka,49,0.0,0.24518373074844882,5,1,0,3,2,0,0.0,0.0,0.0,0.0,0.04903674614968977
1478.0,Leonardo Bonucci,51,0.0,1.162476736174118,13,2,2,7,6,0,0.0,0.0,0.0,0.0,0.08942128739800907
1480.0,Federico Bernardeschi,51,0.0,0.761340842607179,14,6,2,8,6,0,0.0,0.0,0.0,0.0,0.054381488757655645
1481.0,Emerson Palmieri dos Santos,51,0.0,0.42631616174195075,6,2,1,2,4,0,0.0,0.0,0.0,0.0,0.07105269362365846
1482.0,Rafael Tolói,51,0.0,0.1471556074869194,5,0,2,4,1,0,0.0,0.0,0.0,0.0,0.029431121497383878
1485.0,Francesco Acerbi,51,0.0,0.9260126816832913,16,0,1,11,5,0,0.0,0.0,0.0,0.0,0.05787579260520571
1488.0,David Brooks,30,0.0,0.1187116869077035,2,0,0,1,1,0,0.0,0.0,0.0,0.0,0.05935584345385175
1468.0,Igor Diveev,41,0.0,0.05773099692833673,1,0,0,1,0,0,0.0,0.0,0.0,0.0,0.05773099692833673
1469.0,Daniel Wass,6,0.0,0.7633788037963342,15,4,4,8,7,0,0.0,0.0,0.0,0.0,0.050891920253088946
1470.0,Magomed Ozdoev,41,0.0,0.3266456888009973,6,2,0,3,3,0,0.0,0.0,0.0,0.0,0.054440948133499555
1471.0,Georgiy Dzhikiya,41,0.0,0.43103517659147195,9,0,2,6,3,0,0.0,0.0,0.0,0.0,0.04789279739905244
1473.0,Aleksandr Sobolev,41,0.0,0.2923466336817324,3,0,1,1,2,0,0.0,0.0,0.0,0.0,0.09744887789391081
1474.0,Rifat Zhemaletdinov,41,0.0,0.31050862901591236,4,2,0,2,2,0,0.0,0.0,0.0,0.0,0.07762715725397809
1476.0,Vyacheslav Karavaev,41,0.0,0.14648762942487864,2,1,0,2,0,0,0.0,0.0,0.0,0.0,0.07324381471243932
1477.0,Andrea Belotti,51,0.0,0.24639281443637456,5,2,1,2,3,0,0.0,0.0,0.0,0.0,0.04927856288727491
450.0,Maximiliano Gómez González,12,0.0,0.1371381812311292,3,1,0,1,2,0,0.0,0.0,0.0,0.0,0.04571272707704307
1538.0,Alex Král,45,0.0,0.02143972094258641,1,1,0,0,1,0,0.0,0.0,0.0,0.0,0.02143972094258641
1539.0,Michael Krmenčík,45,0.0,0.33373865484356724,3,2,0,2,1,0,0.0,0.0,0.0,0.0,0.11124621828118908
1540.0,Sasa Kalajdzic,43,0.0,0.8482616205288818,8,3,2,5,3,0,0.0,0.0,0.0,0.0,0.10603270256611022
1542.0,Aleksandar Dragović,43,0.0,1.2836981981156297,11,0,1,8,3,0,0.0,0.0,0.0,0.0,0.11669983619232997
1543.0,Martin Hinteregger,43,0.0,0.42648763154164515,6,2,1,4,2,0,0.0,0.0,0.0,0.0,0.07108127192360753
1544.0,Eljif Elmas,54,0.0,0.49997012879822095,12,3,1,6,6,0,0.0,0.0,0.0,0.0,0.041664177399851746
432.0,Walker Zimmerman,25,0.0,0.3900064157323238,5,1,0,2,3,0,0.0,0.0,0.0,0.0,0.07800128314646476
1529.0,Karol Linetty,19,0.0,0.20818440996046833,6,1,2,3,3,0,0.0,0.0,0.0,0.0,0.03469740166007806
1530.0,Ondrej Celustka,45,0.0,0.5302430347102589,4,0,0,2,2,0,0.0,0.0,0.0,0.0,0.13256075867756473
1531.0,Jan Bořil,45,0.0,0.4464050301597609,8,3,3,6,2,0,0.0,0.0,0.0,0.0,0.05580062876997011
1535.0,Jakub Jankto,45,0.0,1.5980588553838517,20,7,5,12,8,0,0.0,0.0,0.0,0.0,0.07990294276919259
1536.0,Lukáš Masopust,45,0.0,1.0500173009368503,10,2,3,6,4,0,0.0,0.0,0.0,0.0,0.10500173009368503
433.0,Tim Ream,25,0.0,0.27734988046388775,5,0,0,3,2,0,0.0,0.0,0.0,0.0,0.055469976092777554
1519.0,Burak Yılmaz,42,0.0,0.8025238078340068,11,4,3,7,4,0,0.0,0.0,0.0,0.0,0.07295670980309153
1520.0,Kenan Karaman,42,0.0,0.3304811372717862,2,0,1,1,1,0,0.0,0.0,0.0,0.0,0.1652405686358931
1521.0,Cengiz Umut Meraş,42,0.0,0.267599188720316,6,1,0,4,2,0,0.0,0.0,0.0,0.0,0.04459986478671934
1522.0,Caglar Söyüncü,42,0.0,0.07612263860115279,1,1,0,1,0,0,0.0,0.0,0.0,0.0,0.07612263860115279
1523.0,İbrahim Halil Dervişoğlu,42,0.0,0.052493170409213544,1,1,0,0,1,0,0.0,0.0,0.0,0.0,0.052493170409213544
434.0,Timothy Weah,25,0.0,1.2887272999752013,16,3,6,9,7,0,0.0,0.0,0.0,0.0,0.08054545624845008
440.0,Giovanni Reyna,25,0.0,1.244933333679757,10,5,3,4,6,0,0.0,0.0,0.0,0.0,0.1244933333679757
419.0,Daniel Alves da Silva,7,0.0,0.713381479450441,5,2,1,2,3,0,0.0,0.0,0.0,0.0,0.14267629589008818
1512.0,Marcel Halstenberg,26,0.0,0.2634594746498676,3,0,2,2,1,0,0.0,0.0,0.0,0.0,0.0878198248832892
1514.0,Lucas Digne,16,0.0,0.32526793673534765,3,1,0,2,1,0,0.0,0.0,0.0,0.0,0.10842264557844922
1515.0,Sérgio Miguel Relvas de Oliveira,15,0.0,0.12375332385978513,3,0,0,2,1,0,0.0,0.0,0.0,0.0,0.04125110795326171
1656.0,Przemysław Płacheta,19,0.0,0.2942681585352224,2,1,1,1,1,0,0.0,0.0,0.0,0.0,0.1471340792676112
1553.0,Enis Bardhi,54,0.0,0.797044588340953,15,6,5,8,7,0,0.0,0.0,0.0,0.0,0.05313630588939687
69.0,Joachim Andersen,6,0.0,0.9378279806111536,12,2,1,7,5,0,0.0,0.0,0.0,0.0,0.07815233171759613
71.0,Rasmus Nissen Kristensen,6,0.0,0.19952116132038394,4,0,2,3,1,0,0.0,0.0,0.0,0.0,0.049880290330095986
423.0,Sebastian Szymański,19,0.0,0.146220571563382,4,1,0,3,1,0,0.0,0.0,0.0,0.0,0.0365551428908455
73.0,Kasper Schmeichel,6,0.0,0.5772182465794,9,0,2,6,3,0,0.0,0.0,0.0,0.0,0.06413536073104445
424.0,Arkadiusz Milik,19,0.0,0.23534462295527875,5,0,1,3,2,0,0.0,0.0,0.0,0.0,0.04706892459105575
59.0,Garang Kuol,5,0.0,0.11722431800143102,1,1,0,0,1,0,0.0,0.0,0.0,0.0,0.11722431800143102
425.0,Nicola Zalewski,19,0.0,0.630341380159859,10,1,2,5,5,0,0.0,0.0,0.0,0.0,0.0630341380159859
61.0,Fran Karačić,5,0.0,0.11436806874565411,2,1,1,1,1,0,0.0,0.0,0.0,0.0,0.057184034372827056
62.0,Jamie MacLaren,5,0.0,0.06441442125185055,1,1,0,1,0,0,0.0,0.0,0.0,0.0,0.06441442125185055
63.0,Gonzalo Ariel Montiel,4,0.0,0.13324799305049356,4,2,2,3,1,0,0.0,0.0,0.0,0.0,0.03331199826262339
64.0,Exequiel Alejandro Palacios,4,0.0,0.5641948258675498,5,1,2,3,2,0,0.0,0.0,0.0,0.0,0.11283896517350996
426.0,Jan Bednarek,19,0.0,1.231929444996669,13,0,0,9,4,0,0.0,0.0,0.0,0.0,0.09476380346128223
409.0,Wataru Endo,24,0.0,2.02042004059198,16,7,3,7,9,0,0.0,0.0,0.0,0.0,0.12627625253699876
49.0,Mathew Ryan,5,0.0,0.18709109618217423,3,0,0,2,1,0,0.0,0.0,0.0,0.0,0.06236369872739141
410.0,Maya Yoshida,24,0.0,0.5544666547485565,6,0,0,5,1,0,0.0,0.0,0.0,0.0,0.09241110912475942
51.0,Aaron Mooy,5,0.0,1.590083428267751,21,14,2,17,4,0,0.0,0.0,0.0,0.0,0.07571825848894052
414.0,Hiroki Sakai,24,0.0,1.23076889365093,13,3,5,8,5,0,0.0,0.0,0.0,0.0,0.09467453028084077
54.0,Keanu Baccus,5,0.0,0.030428409331414708,1,1,0,0,1,0,0.0,0.0,0.0,0.0,0.030428409331414708
56.0,Ajdin Hrustic,5,0.0,0.058279038467788195,1,1,0,0,1,0,0.0,0.0,0.0,0.0,0.058279038467788195
57.0,Craig Goodwin,5,0.0,0.7088290280311009,9,2,2,7,2,0,0.0,0.0,0.0,0.0,0.07875878089234455
42.0,Alejandro Darío Gómez,4,0.0,0.06521575854394698,2,2,0,0,2,0,0.0,0.0,0.0,0.0,0.03260787927197349
43.0,Cristian Gabriel Romero,4,0.0,0.3764127343682342,3,0,0,2,1,0,0.0,0.0,0.0,0.0,0.12547091145607805
1582.0,Artem Besedin,44,0.0,0.12209107062331126,2,0,1,1,1,0,0.0,0.0,0.0,0.0,0.06104553531165563
1517.0,Ozan Tufan,42,0.0,0.37337287021082527,6,2,1,2,4,0,0.0,0.0,0.0,0.0,0.062228811701804214
417.0,Hee-Chan Hwang,13,0.0,0.9967197899418119,16,5,6,5,11,0,0.0,0.0,0.0,0.0,0.06229498687136324
1642.0,Pavel Kadeřábek,45,0.0,0.14665299310208146,4,1,0,3,1,0,0.0,0.0,0.0,0.0,0.036663248275520366
1644.0,Valentino Lazaro,43,0.0,0.24459803780781075,3,2,1,2,1,0,0.0,0.0,0.0,0.0,0.08153267926927026
1646.0,Jakub Hromada,49,0.0,0.09777919905154227,2,0,0,1,1,0,0.0,0.0,0.0,0.0,0.048889599525771134
1649.0,Liam Cooper,52,0.0,0.11030038110018224,1,1,0,1,0,0,0.0,0.0,0.0,0.0,0.11030038110018224
1650.0,James Forrest,52,0.0,0.3824597126231205,3,1,1,0,3,0,0.0,0.0,0.0,0.0,0.1274865708743735
1578.0,Quincy Anton Promes,11,0.0,0.07722744833835307,2,1,0,1,1,0,0.0,0.0,0.0,0.0,0.038613724169176536
4.0,Fabian Lukas Schär,3,0.0,1.6507942518773373,20,4,3,10,10,0,0.0,0.0,0.0,0.0,0.08253971259386686
1614.0,Daniel O''Shaughnessy,55,0.0,0.39441146775114505,5,2,3,4,1,0,0.0,0.0,0.0,0.0,0.07888229355022901
1615.0,Lukáš Hrádecký,55,0.0,0.14603887104847801,3,0,0,2,1,0,0.0,0.0,0.0,0.0,0.048679623682826
1616.0,Rasmus Schüller,55,0.0,0.07015822753624662,1,0,0,1,0,0,0.0,0.0,0.0,0.0,0.07015822753624662
1618.0,Joni Ensio Kauko,55,0.0,0.17334520567468312,3,2,1,0,3,0,0.0,0.0,0.0,0.0,0.057781735224894375
1623.0,Marlos Romero Bonfim,44,0.0,0.06379092372236962,2,0,0,1,1,0,0.0,0.0,0.0,0.0,0.03189546186118481
1631.0,Reece James,21,0.0,0.23428902050397743,3,2,1,1,2,0,0.0,0.0,0.0,0.0,0.07809634016799248
1634.0,Kire Ristevski,54,0.0,0.4027468869399583,2,0,0,1,1,0,0.0,0.0,0.0,0.0,0.20137344346997915
418.0,Chul Hong,13,0.0,0.5773324406469806,6,1,3,3,3,0,0.0,0.0,0.0,0.0,0.09622207344116344
479.0,Nouhou Tolo,27,0.0,0.06511723735241562,1,0,0,1,0,0,0.0,0.0,0.0,0.0,0.06511723735241562
1607.0,Glen Kamara,55,0.0,0.6145501514211142,9,1,1,6,3,0,0.0,0.0,0.0,0.0,0.06828335015790159
1609.0,Joel Pohjanpalo,55,0.0,0.3773411025366547,4,2,2,2,2,0,0.0,0.0,0.0,0.0,0.09433527563416368
1610.0,Robin Lod,55,0.0,1.1391543770977335,10,3,3,6,4,0,0.0,0.0,0.0,0.0,0.11391543770977335
1611.0,Joona Toivio,55,0.0,0.15813521408384035,2,0,0,1,1,0,0.0,0.0,0.0,0.0,0.07906760704192017
1612.0,Paulus Arajuuri,55,0.0,0.0598288921545981,1,0,0,1,0,0,0.0,0.0,0.0,0.0,0.0598288921545981
1613.0,Jukka Raitala,55,0.0,0.15051249882505788,2,0,0,2,0,0,0.0,0.0,0.0,0.0,0.07525624941252894
1594.0,Gergő Lovrencsics,53,0.0,0.1587152366335171,2,1,1,1,1,0,0.0,0.0,0.0,0.0,0.07935761831675855
1596.0,Stephen O''Donnell,52,0.0,0.4519922978417089,9,2,3,7,2,0,0.0,0.0,0.0,0.0,0.05022136642685655
1597.0,David Marshall,52,0.0,0.2544031992555382,3,0,0,2,1,0,0.0,0.0,0.0,0.0,0.08480106641851275
1598.0,Lyndon Dykes,52,0.0,0.48607600541389523,5,3,2,3,2,0,0.0,0.0,0.0,0.0,0.09721520108277905
1599.0,Ryan Fraser,52,0.0,0.8123799010810636,7,4,1,2,5,0,0.0,0.0,0.0,0.0,0.11605427158300909
1602.0,Tomáš Pekhart,45,0.0,0.05687804649009261,1,1,0,0,1,0,0.0,0.0,0.0,0.0,0.05687804649009261
1603.0,Tyrone Mings,21,0.0,0.09016487581331704,1,1,0,1,0,0,0.0,0.0,0.0,0.0,0.09016487581331704
1586.0,Alessandro Schöpf,43,0.0,0.40962778641179964,7,3,3,3,4,0,0.0,0.0,0.0,0.0,0.058518255201685666
