player_id,player_name,team_id,total_cxa,total_true_xa,total_actions,key_actions,pre_assists,passes,carries,dribbles,pass_credit,carry_credit,dribble_credit,avg_credit_per_action,avg_true_xa
516.0,Kevin De Bruyne,29,6.1966654394164635,14.802808374566787,144,46,37,84,60,0,4.181892666076143,2.014772773340321,0.0,0.04303239888483655,0.10279728037893603
146.0,Memphis Depay,11,5.7901931453074615,12.62154820179451,87,35,15,46,41,0,2.9814796671719144,2.808713478135547,0.0,0.06655394419893634,0.14507526668729323
226.0,Antoine Griezmann,16,5.3931449414323005,11.119958559952234,124,53,27,74,50,0,4.238148788329449,1.1549961531028514,0.0,0.04349310436638952,0.08967708516090511
83.0,Neymar da Silva Santos Junior,7,5.280585501775762,12.835855980179751,104,39,17,49,54,1,3.3836803591709823,1.892537889211949,0.0043672533928300235,0.05077486059399771,0.12342169211711299
357.0,Luka Modrić,22,5.260503579433075,11.132930600906642,125,36,26,74,51,0,3.895165902804583,1.3653376766284924,0.0,0.0420840286354646,0.08906344480725313
667.0,Kieran Trippier,21,5.242904851804543,9.730797116214067,87,36,25,67,20,0,4.589536304523986,0.653368547280558,0.0,0.06026327415867291,0.11184824271510421
236.0,Kylian Mbappé Lottin,16,5.225368942702794,17.13953758666712,169,60,42,67,101,1,2.3943727034049846,2.820391395678733,0.010604843619076003,0.030919342856229548,0.10141738216962794
907.0,Toni Kroos,26,4.9178531652976565,9.863592392612956,111,37,13,66,45,0,3.7818399076192315,1.1360132576784252,0.0,0.044304983471150056,0.08886119272624285
41.0,Lionel Andrés Messi Cuccittini,4,4.7449296380252015,11.491450281884589,123,38,28,51,72,0,2.5251694643716247,2.219760173653577,0.0,0.03857666372378213,0.09342642505597226
464.0,Joshua Kimmich,26,4.4800824289327235,14.952928680161095,120,38,38,66,54,0,2.9738768203738823,1.506205608558842,0.0,0.037334020241106027,0.12460773900134246
11.0,Xherdan Shaqiri,3,4.351133208074547,9.238059522461093,73,37,11,35,38,0,3.284498219336164,1.0666349887383824,0.0,0.059604564494171876,0.12654876058165881
66.0,Christian Dannemann Eriksen,6,4.3187250034795355,5.9456516474634284,84,42,17,52,31,1,3.470741224890957,0.8279105768944843,0.020073201694095197,0.0514133928985659,0.07078156723170748
385.0,Daniel Olmo Carvajal,23,3.5812856315128028,8.343293518052661,87,40,19,38,49,0,1.693706753474932,1.8875788780378708,0.0,0.0411642026610667,0.09589992549485818
387.0,Pedro González López,23,3.473930898713089,10.634267999074325,103,12,27,59,44,0,2.054764299105809,1.4191665996072804,0.0,0.033727484453525136,0.10324532037936238
459.0,Jamal Musiala,26,3.4264648658372696,10.358753551815584,92,29,23,33,59,0,1.069660774957227,2.3568040908800434,0.0,0.03724418332431815,0.1125951473023433
208.0,Bruno Miguel Borges Fernandes,15,3.143277450551715,5.265878688384597,73,36,13,39,34,0,2.4320942894346267,0.7111831611170883,0.0,0.04305859521303719,0.07213532449841914
332.0,Harry Kane,21,3.05797957831977,7.4182617845658,65,30,11,29,36,0,1.6448985928985336,1.4130809854212367,0.0,0.047045839666458,0.11412710437793538
216.0,Cristiano Ronaldo dos Santos Aveiro,15,3.0367218358045283,5.861769640300648,65,29,15,30,35,0,1.4036199836043022,1.6331018522002265,0.0,0.04671879747391582,0.09018107138924074
1201.0,Vladimír Coufal,45,2.967586947939835,4.5261243893806995,41,15,10,27,14,0,2.626938412595704,0.34064853534413037,0.0,0.0723801694619472,0.11039327778977316
352.0,Mateo Kovačić,22,2.9602490292330566,8.65467909738971,86,19,22,43,43,0,1.560721098782659,1.3995279304503976,0.0,0.03442150033991926,0.10063580345801988
361.0,Ivan Perišić,22,2.874345172179115,8.803984218757575,76,42,21,31,45,0,1.5190632715035755,1.3552819006755392,0.0,0.03782033121288309,0.11584189761523125
20.0,Dušan Tadić,2,2.818240522330266,6.474248972234333,52,22,15,31,21,0,1.820988390223198,0.9972521321070675,0.0,0.05419693312173589,0.12450478792758334
1138.0,Marcel Sabitzer,43,2.6005885192966436,6.431951555807264,56,23,5,29,27,0,1.7979842182874581,0.8026043010091857,0.0,0.046439080701725775,0.11485627778227257
230.0,Ousmane Dembélé,16,2.5901395943885817,7.415898168622085,93,37,27,41,51,1,1.427683163076811,1.1326272474672323,0.029829183844538223,0.027850963380522384,0.07974084052281812
149.0,Cody Mathès Gakpo,11,2.5241633880986614,8.876784926705481,74,31,21,33,40,1,1.3931619239885022,1.1215534766391237,0.009447987471035063,0.034110316055387314,0.11995655306358759
589.0,Jeremy Doku,29,2.489095147568487,4.694203036060297,50,15,14,18,32,0,0.9951067836617244,1.4939883639067626,0.0,0.04978190295136974,0.09388406072120593
210.0,Bernardo Mota Veiga de Carvalho e Silva,15,2.487620542410432,7.122013739459185,82,12,22,46,36,0,1.3459797193822616,1.1416408230281698,0.0,0.030336835883054046,0.08685382609096567
1193.0,Ruslan Malinovskiy,44,2.4564927669286587,4.746107758141099,35,9,8,21,14,0,1.9942707731782296,0.4622219937504293,0.0,0.07018550762653311,0.13560307880403139
279.0,Piotr Zieliński,19,2.4126255945494277,5.115429085991313,62,29,11,34,28,0,1.7542008640559652,0.6584247304934627,0.0,0.0389133160411198,0.08250692074179537
177.0,Heung-Min Son,13,2.368469087643632,5.357664672369799,63,30,14,24,39,0,1.4485373706810165,0.9199317169626152,0.0,0.03759474742291479,0.0850422963868222
396.0,Nicholas Williams Arthuer,23,2.362279666506586,6.756333724932266,59,18,15,29,30,0,1.3429822014510777,1.0192974650555087,0.0,0.04003863841536586,0.11451413093105535
284.0,Robert Lewandowski,19,2.335150299982152,5.219598514218887,43,22,15,16,27,0,0.37418142470312504,1.960968875279027,0.0,0.05430582092981749,0.12138601195857877
360.0,Andrej Kramarić,22,2.28729700725553,7.917281072839291,96,26,23,44,52,0,1.2310220723893428,1.056274934866187,0.0,0.023826010492245104,0.08247167784207594
18.0,Ricardo Iván Rodríguez Araya,3,2.2845219171315962,5.183853322751322,66,25,18,37,29,0,1.6973082728252256,0.5872136443063715,0.0,0.034613968441387824,0.07854323216289881
517.0,Eden Hazard,29,2.2644093848675695,8.001361221775394,72,23,21,31,40,1,0.6957050680732394,1.5640313277782676,0.00467298901606266,0.03145013034538291,0.11113001696910269
755.0,Ivan Rakitić,22,2.2624753415164003,3.346657496197077,43,15,7,24,19,0,1.2592074149139996,1.0032679266024012,0.0,0.05261570561666047,0.07782924409760644
386.0,Jordi Alba Ramos,23,2.2196333232008074,5.53478564598794,67,20,17,37,30,0,1.2656975281207754,0.9539357950800325,0.0,0.033128855570161306,0.08260874098489462
87.0,Raphael Dias Belloli,7,2.212652343704237,3.4828639398778316,30,12,5,13,17,0,1.068195864581941,1.1444564791222958,0.0,0.07375507812347457,0.11609546466259439
455.0,Thomas Müller,26,2.187437496869608,5.951253275860959,50,14,16,32,18,0,1.3073387218942067,0.8800987749754017,0.0,0.04374874993739217,0.11902506551721918
8.0,Granit Xhaka,3,2.1279804357931367,7.910218060470074,96,11,15,55,41,0,1.3893339153507642,0.7386465204423721,0.0,0.022166462872845172,0.08239810479656327
797.0,Philippe Coutinho Correia,7,2.0977600877462974,5.54561794946291,64,17,14,30,34,0,1.0214491270403372,1.07631096070596,0.0,0.0327775013710359,0.08665028046035797
229.0,Adrien Rabiot,16,2.095495026562404,4.77576126176536,56,8,13,30,26,0,1.1621019086068942,0.9333931179555098,0.0,0.03741955404575721,0.08528145110295285
465.0,Jorge Resurrección Merodio,23,2.089531509000675,3.3524640570221975,45,15,6,31,14,0,1.7846261308058777,0.3049053781947968,0.0,0.04643403353334833,0.07449920126715995
6.0,Ruben Vargas,3,2.0796613817788643,3.2724238177043543,33,16,7,17,16,0,1.138161048883006,0.9415003328958581,0.0,0.06302004187208679,0.09916435811225316
205.0,Hakim Ziyech,14,2.058611161532232,4.732527896469442,52,20,11,26,26,0,1.5114175263467458,0.5471936351854865,0.0,0.03958867618331215,0.09101015185518158
526.0,Romelu Lukaku Menama,29,2.0272931460094656,5.19212863947783,51,23,10,22,29,0,0.8650213152360275,1.1622718307734379,0.0,0.0397508460001856,0.10180644391133001
337.0,Philip Foden,21,2.0058399553226054,3.631324113794755,44,21,9,23,21,0,1.2347383609948825,0.7711015943277224,0.0,0.045587271711877396,0.08253009349533534
527.0,Kai Havertz,26,2.004532162547457,6.454110966264278,39,16,9,16,23,0,0.7800347800060042,1.224497382541453,0.0,0.051398260578139926,0.16549002477600713
874.0,M''Baye Babacar Niang,10,1.9905575483300462,1.8834698954505595,18,8,3,8,10,0,0.5349703514832616,1.4555871968467846,0.0,0.11058653046278034,0.10463721641391997
395.0,Álvaro Borja Morata Martín,23,1.9881843086026836,4.463438287861932,47,25,8,17,29,1,0.4772416601401793,1.4905084958900257,0.020434152572478333,0.042301793800057094,0.09496677208216876
334.0,Harry Maguire,21,1.9050823843496143,2.8510332229098,27,8,2,21,6,0,1.6833185871309566,0.22176379721865774,0.0,0.07055860682776349,0.10559382307073334
1106.0,Lamine Yamal Nasraoui Ebana,23,1.8980831953224395,6.101210873771544,67,24,18,29,38,0,0.8193405422097411,1.0787426531126985,0.0,0.028329599930185665,0.09106284886226185
449.0,Giorgian Daniel De Arrascaeta Benedetti,12,1.8662760794386757,1.2664622725245844,10,5,2,8,2,0,1.845327194495944,0.020948884942731755,0.0,0.18662760794386757,0.12664622725245844
1125.0,Arda Güler,42,1.8549877059849917,3.4759852559521787,28,13,5,15,13,0,1.5061097346683936,0.3488779713165981,0.0,0.06624956092803543,0.12414233056972067
200.0,Raphaël Adelino José Guerreiro,15,1.8450021018430596,6.538406949193271,59,14,14,33,26,0,1.1992488918988855,0.6457532099441737,0.0,0.031271222065136606,0.11082045676598765
67.0,Joakim Mæhle,6,1.821174652967565,4.186127259828064,56,17,14,26,30,0,0.750713654594754,1.0704609983728108,0.0,0.03252097594584937,0.07475227249692971
392.0,Sergio Busquets i Burgos,23,1.8098965733516468,4.300528096576634,49,4,8,34,15,0,1.3915655573683976,0.4183310159832495,0.0,0.036936664762278505,0.08776587952197212
947.0,Gylfi Þór Sigurðsson,40,1.8023455638097132,3.430762576358652,20,14,2,13,7,0,1.4026083425497844,0.3997372212599287,0.0,0.09011727819048566,0.1715381288179326
865.0,Paul Pogba,16,1.7984048844081713,4.6737859659255845,63,18,15,32,31,0,1.0099218756630257,0.7884830087451457,0.0,0.02854610927632018,0.07418707882421563
523.0,Dries Mertens,29,1.786480987056803,4.651395449378717,44,12,14,23,21,0,1.0170726474910399,0.769408339565763,0.0,0.04060184061492734,0.10571353294042539
207.0,João Félix Sequeira,15,1.7754594775646892,4.049766291435392,43,16,7,21,22,0,1.1234523236258136,0.6520071539388756,0.0,0.04128975529220207,0.09418061142873005
231.0,Theo Bernard François Hernández,16,1.7677822127634408,5.318960430778994,65,14,12,39,26,0,1.0778928309593516,0.6898893818040897,0.0,0.02719664942712986,0.08183016047352298
1494.0,Domenico Berardi,51,1.7669427743552641,4.767402335351221,35,16,11,15,20,0,1.1846523355912928,0.5822904387639715,0.0,0.05048407926729326,0.13621149529574916
1110.0,Mikel Oyarzabal Ugarte,23,1.7576129729503576,3.2584993756006675,47,18,13,17,30,0,0.9585561493059497,0.799056823644408,0.0,0.03739602070107144,0.06932977394895037
857.0,N''Golo Kanté,16,1.7264197526370584,3.773561536135773,56,11,9,33,23,0,1.24904165348072,0.4773780991563384,0.0,0.030828924154233186,0.06738502743099595
251.0,Hirving Rodrigo Lozano Bahena,18,1.7138850357513387,3.1869725938070803,53,19,14,18,35,0,0.8426094367474383,0.8712755990039005,0.0,0.032337453504742236,0.060131558373718495
1096.0,Donyell Malen,11,1.662803539558706,3.59122911840311,25,9,7,11,14,0,0.9282404382782969,0.7345631012804094,0.0,0.06651214158234824,0.1436491647361244
515.0,Thomas Meunier,29,1.6461904532287552,6.388292445355262,47,13,11,24,23,0,0.8734907725829548,0.7726996806458002,0.0,0.03502532879210118,0.1359211158586226
1108.0,Fabián Ruiz Peña,23,1.61699416752,4.913263857145006,60,11,12,28,32,0,0.8080846637578172,0.8089095037621826,0.0,0.026949902791999998,0.08188773095241678
376.0,Raheem Sterling,21,1.578370054635993,5.613466224344385,49,19,14,17,31,1,0.4915176488938877,1.0590783180139154,0.02777408772818967,0.03221163376808149,0.11456053519070172
46.0,Julián Álvarez,4,1.5391093938982308,2.795192215974356,20,8,4,8,12,0,0.2632612920090192,1.2758481018892114,0.0,0.07695546969491154,0.1397596107987178
2.0,Remo Freuler,3,1.5158736042503635,5.6032415794765535,43,7,9,24,19,0,0.8382889671111651,0.6775846371391986,0.0,0.035252874517450315,0.13030794370875706
1493.0,Lorenzo Insigne,51,1.5116748987208264,2.840164099493633,53,22,10,25,28,0,1.0130185245684202,0.49865637415240605,0.0,0.028522167900392952,0.05358800187723836
51.0,Aaron Mooy,5,1.4922337658984908,1.590083428267751,21,14,2,17,4,0,1.4466924014952791,0.04554136440321126,0.0,0.071058750757071,0.07571825848894052
359.0,Mislav Oršić,22,1.4804688358111637,3.4636795354926866,26,10,8,11,15,0,0.7680116084070123,0.7124572274041514,0.0,0.05694110906966014,0.13321844367279564
12.0,Andrija Živković,2,1.4763442532820374,3.849811953193944,36,9,10,18,18,0,0.8505828976582221,0.6257613556238152,0.0,0.041009562591167704,0.106939220922054
70.0,Pierre-Emile Højbjerg,6,1.4735818444448854,4.410921714623525,64,13,15,35,29,0,0.8163518229256788,0.6572300215192071,0.0,0.023024716319451334,0.06892065179099258
1164.0,Dan Ndoye,3,1.4556454872503615,2.379285539979107,25,14,5,7,18,0,0.557226694496334,0.8984187927540276,0.0,0.05822581949001446,0.09517142159916428
171.0,Rodrigo Bentancur Colmán,12,1.447935932609311,2.224598768214932,31,7,5,15,16,0,0.4353551928157069,1.0125807397936042,0.0,0.04670761072933262,0.07176125058757846
1338.0,Andrew Robertson,52,1.444558700674576,2.936915457451004,27,14,4,22,5,0,1.3717809584355622,0.07277774223901332,0.0,0.053502174099058365,0.10877464657225941
336.0,Luke Shaw,21,1.425180243039802,5.589779860381179,39,14,7,27,12,0,1.1371367560895742,0.28804348695022775,0.0,0.036543083154866714,0.14332768872772253
341.0,Jordan Brian Henderson,21,1.4219148401283468,3.7825208632833136,33,7,9,20,13,0,1.0072701540306745,0.4146446860976719,0.0,0.04308832848873778,0.11462184434191859
520.0,Thorgan Hazard,29,1.4139809174351519,1.887327240002937,28,9,9,17,11,0,1.0385727580946242,0.37540815934052796,0.0,0.05049931847982685,0.06740454428581918
187.0,Edinson Roberto Cavani Gómez,12,1.4113397540300192,3.046063787115095,28,11,8,9,19,0,0.4305089131191943,0.980830840910825,0.0,0.05040499121535783,0.10878799239696768
897.0,Francisco Román Alarcón Suárez,23,1.4035642930885208,3.3995773945202763,40,14,8,21,19,0,1.0496634757600516,0.35390081732846923,0.0,0.03508910732721302,0.0849894348630069
679.0,Thomas Delaney,6,1.3789815272077006,3.2475543351522687,37,13,9,20,17,0,0.7680803321213101,0.6109011950863904,0.0,0.03726977100561353,0.08777173878789915
1.0,Breel-Donald Embolo,3,1.3748208757454572,4.343552971419818,44,20,6,18,26,0,0.6019371647348073,0.77288371101065,0.0,0.031245928994214935,0.09871711298681406
790.0,Willian Borges da Silva,7,1.3732931335199168,2.81611150380511,23,7,4,11,12,0,0.8136434986510924,0.5596496348688245,0.0,0.0597083971095616,0.12243963060022217
399.0,Pablo Sarabia García,23,1.3432277386469833,3.0759107327410002,23,6,7,12,11,0,0.7620091703296763,0.581218568317307,0.0,0.05840120602812971,0.1337352492496087
1347.0,Dominik Szoboszlai,53,1.3379203849566677,4.549593530179666,23,7,8,14,9,0,0.9634128962009447,0.3745074887557232,0.0,0.058170451519855115,0.19780841435563765
163.0,Ángel Fabián Di María Hernández,4,1.3351020719160895,4.507877846653353,46,14,12,22,24,0,0.8882323059288012,0.44686976598728817,0.0,0.029023958085132383,0.09799734449246421
816.0,Carlos Andrés Sánchez Arcosa,12,1.330555841909555,0.8848449181309953,8,7,1,7,1,0,1.3224595096953746,0.008096332214180204,0.0,0.16631948023869436,0.11060561476637441
463.0,David Raum,26,1.3294022175557754,3.258964153964373,26,9,6,19,7,0,1.0565705708295756,0.27283164672619986,0.0,0.051130854521375974,0.12534477515247588
348.0,Mason Mount,21,1.3133737354199364,2.223564833063358,22,13,3,13,9,0,1.0255373053070733,0.2878364301128632,0.0,0.05969880615545165,0.10107112877560719
340.0,Kyle Walker,21,1.3093864706948266,7.42936599089537,48,2,5,27,21,0,0.7955168152655223,0.5138696554293043,0.0,0.027278884806142222,0.15477845814365354
512.0,Toby Alderweireld,29,1.3042541134818226,5.153729425431431,21,4,2,11,10,0,0.8037267912344626,0.5005273222473602,0.0,0.06210733873722965,0.24541568692530621
117.0,Gonzalo Jordy Plata Jiménez,9,1.2973216215774832,1.2003657243782646,8,5,1,5,3,0,1.1800086327251924,0.11731298885229068,0.0,0.1621652026971854,0.15004571554728308
16.0,Sergej Milinković-Savić,2,1.2657886594429926,3.602761565823021,31,10,6,14,16,1,0.8461125439168848,0.3971881276773929,0.02248798784871509,0.040831892240096535,0.11621811502654907
886.0,Sebastian Larsson,35,1.2502003689432528,2.6819987830600605,26,11,2,17,9,0,1.081475487153873,0.16872488178937972,0.0,0.048084629574740495,0.10315379934846386
729.0,Steven Zuber,3,1.246313306955326,4.295598962124598,42,13,12,19,23,0,0.6243641666668404,0.6219491402884859,0.0,0.029674126356079192,0.10227616576487138
60.0,Lautaro Javier Martínez,4,1.2461682879668003,1.8030980553901208,13,9,2,3,10,0,0.18392431396918066,1.06224397399762,0.0,0.09585909907436926,0.13869985041462468
190.0,Kang-In Lee,13,1.2437451894445117,2.2014588354183218,19,6,4,10,9,0,1.044716580994702,0.1990286084498097,0.0,0.06546027312865851,0.11586625449570115
1316.0,Federico Chiesa,51,1.23878744768336,3.8568790807666637,52,25,12,14,38,0,0.39153968997483296,0.8472477577085269,0.0,0.023822835532372306,0.07417075155320507
826.0,Se-Jong Ju,13,1.2343218179221795,1.640265219333112,7,1,1,4,3,0,0.7359363505191787,0.49838546740300066,0.0,0.17633168827459708,0.23432360276187314
618.0,David Junior Hoilett,32,1.2259719238977962,0.8583541508471927,14,7,4,8,6,0,1.0965015731450602,0.12947035075273594,0.0,0.08756942313555686,0.06131101077479948
760.0,Ante Rebić,22,1.2218048336003884,2.2254622214611186,24,12,5,7,17,0,0.40904792598000544,0.8127569076203828,0.0,0.05090853473334952,0.09272759256087994
152.0,Frenkie de Jong,11,1.211991421979113,4.313745427782319,34,4,10,19,15,0,0.7301814274155217,0.4818099945635913,0.0,0.03564680652879744,0.1268748655230094
389.0,Ferrán Torres García,23,1.2097020459251338,3.7138108053144046,29,15,7,10,18,1,0.38823454977166616,0.7918121480865491,0.029655348066918594,0.04171386365259082,0.1280624415625657
995.0,Oussama Haddadi,8,1.2018265067356768,2.320137758845942,7,3,3,4,3,0,0.6714042755419145,0.5304222311937624,0.0,0.17168950096223953,0.331448251263706
468.0,Leroy Sané,26,1.2001485590098946,4.073223344632339,35,14,6,14,21,0,0.643617342488835,0.5565312165210593,0.0,0.034289958828854133,0.11637780984663826
227.0,Aurélien Djani Tchouaméni,16,1.191850062889054,2.6149810238347535,45,11,7,25,20,0,0.8326188100557367,0.3592312528333175,0.0,0.02648555695309009,0.05811068941855008
682.0,Juan Fernando Quintero Paniagua,34,1.1892692124702635,2.1084811721137315,21,9,4,13,8,0,1.0140898857768539,0.17517932669340955,0.0,0.05663186726048874,0.10040386533874912
587.0,Yannick Ferreira Carrasco,29,1.1854379740134904,3.692610444773986,41,15,8,15,26,0,0.4689112960118246,0.7165266780016656,0.0,0.028913121317402205,0.09006366938473136
1093.0,Tijjani Reijnders,11,1.174433083507099,2.6101940581123295,29,8,5,12,17,0,0.5347638849955981,0.6396691985115006,0.0,0.040497692534727556,0.09000669165904585
353.0,Joško Gvardiol,22,1.1732369318850884,2.8633980589635484,28,4,3,17,11,0,0.580811382435132,0.5924255494499565,0.0,0.04190131899589601,0.1022642163915553
343.0,Bukayo Saka,21,1.1675902165990553,3.620336369026825,52,16,15,23,29,0,0.5635578444062646,0.6040323721927906,0.0,0.022453658011520293,0.06962185325051587
723.0,Ludwig Augustinsson,35,1.1610223157352269,1.4982175393039336,18,8,5,11,7,0,0.930776904804016,0.2302454109312108,0.0,0.06450123976306815,0.08323430773910742
21.0,Aleksandar Mitrović,2,1.1605250656808046,2.5559136479859035,18,9,4,8,10,0,0.46588120337019845,0.6946438623106062,0.0,0.0644736147600447,0.14199520266588353
427.0,Kamil Grosicki,19,1.160368759084706,1.325822998794634,11,9,1,7,4,0,1.0577864377346884,0.10258232135001744,0.0,0.10548806900770055,0.12052936352678491
460.0,Serge Gnabry,26,1.1589296833074754,3.1107884044807697,28,13,6,13,15,0,0.514408670195052,0.6445210131124235,0.0,0.04139034583240984,0.1110995858743132
1026.0,Yūya Ōsako,24,1.132203552354156,1.249783330634165,19,6,4,7,12,0,0.1260847459476171,1.0061188064065387,0.0,0.059589660650218736,0.0657780700333771
1479.0,Marco Verratti,51,1.1247417487579003,2.6171243336539125,48,5,12,26,22,0,0.69357076451083,0.43117098424707023,0.0,0.02343211976578959,0.05452342361778984
1050.0,Aleksandr Golovin,41,1.1214431045977213,3.1335022413314,28,11,5,14,14,0,0.6614831431263609,0.4599599614713604,0.0,0.04005153944991862,0.1119107943332643
1340.0,Roland Sallai,53,1.1212384401992384,5.697536250821866,30,13,7,13,17,0,0.6374110265002433,0.48382741369899507,0.0,0.037374614673307945,0.18991787502739552
1149.0,Marko Arnautović,43,1.119315803841107,2.6536341091667066,20,7,6,8,12,0,0.14300644223007902,0.976309361611028,0.0,0.05596579019205535,0.13268170545833533
522.0,Youri Tielemans,29,1.1028500763355795,3.938501782041647,43,11,8,21,22,0,0.5767013133866028,0.5261487629489768,0.0,0.025647676193850687,0.09159306469864295
669.0,Callum Wilson,21,1.1025045734099326,1.7364981986974297,8,4,4,4,4,0,0.5885566313718429,0.5139479420380897,0.0,0.13781307167624157,0.21706227483717871
457.0,İlkay Gündoğan,26,1.0957136654775985,5.245458683187647,45,8,7,24,21,0,0.523104851282631,0.5726088141949672,0.0,0.024349192566168857,0.11656574851528105
335.0,Krépin Diatta,10,1.0814793110617316,1.482421150469022,11,7,4,5,6,0,0.5292929028950872,0.5521864081666442,0.0,0.09831630100561196,0.13476555913354746
82.0,Richarlison de Andrade,7,1.079983162997839,2.5899107191896498,17,9,3,9,8,0,0.3581429594961418,0.7218402035016972,0.0,0.06352842135281406,0.15234768936409704
1189.0,Oleksandr Zinchenko,44,1.0724830695674876,4.5997485818361135,28,4,4,19,9,0,0.7468874062691114,0.325595663298376,0.0,0.03830296677026741,0.16427673506557547
718.0,Mikael Lustig,35,1.070586823906739,2.2382524124460788,19,9,4,12,7,0,0.8653107285976956,0.2052760953090436,0.0,0.05634667494245995,0.11780275854979362
195.0,Rúben Diogo Da Silva Neves,15,1.0649567385271002,1.6099717343702307,13,3,4,9,4,0,0.8293159319514257,0.2356408065756746,0.0,0.08191974911746924,0.12384397956694082
709.0,Nacer Chadli,29,1.0647416953872026,2.9695574262752262,30,8,6,17,13,0,0.7519096369042494,0.3128320584829535,0.0,0.03549138984624009,0.09898524754250754
1541.0,David Olatukunbo Alaba,43,1.0636031251587577,2.7645728907191405,24,9,5,16,8,0,0.8925092366724396,0.17109388848631807,0.0,0.044316796881614905,0.11519053711329752
99.0,Gabriel Fernando de Jesus,7,1.058086148938246,3.3711136615140855,27,9,12,11,16,0,0.42647952066006933,0.6316066282781767,0.0,0.039188375886601706,0.12485606153755872
974.0,Mesut Özil,26,1.0560284714333261,2.4942081933288938,38,7,10,23,15,0,0.6878314578625195,0.36819701357080686,0.0,0.02779022293245595,0.06563705771918142
1249.0,Diogo José Teixeira da Silva,15,1.0500944296811268,2.2230852945751685,20,5,7,10,10,0,0.5554907980355561,0.4946036316455705,0.0,0.05250472148405634,0.11115426472875842
633.0,Ramin Rezaeian,33,1.047883884569731,2.1708111791843505,15,7,3,9,6,0,0.7506382559955485,0.2972456285741826,0.0,0.06985892563798206,0.1447207452789567
36.0,Marcos Javier Acuña,4,1.0462038784924943,0.941079445276877,19,8,3,11,8,0,0.6316852220948066,0.4145186563976878,0.0,0.05506336202592075,0.049530497119835634
253.0,Salem Mohammed Al Dawsari,17,1.0370412615637552,2.46642222507573,38,13,13,14,24,0,0.23548505999223668,0.8015562015715185,0.0,0.027290559514835663,0.06490584802830869
1203.0,Tomáš Souček,45,1.0335081635383099,1.9645909527267185,21,8,4,13,8,0,0.8284110163477786,0.20509714719053157,0.0,0.04921467445420523,0.09355195012984374
721.0,Marcus Berg,35,1.0278869293943476,3.0527090441600597,18,8,3,9,9,0,0.417747729204739,0.6101392001896085,0.0,0.05710482941079709,0.1695949468977811
1119.0,Hakan Çalhanoğlu,42,1.0203364777570385,2.2262484587231426,34,16,7,18,16,0,0.7708946193224578,0.24944185843458078,0.0,0.03000989640461878,0.06547789584479831
444.0,Xavi Simons,11,1.016645829758642,3.0907608122456818,39,12,11,19,20,0,0.5878977892061167,0.4287480405525253,0.0,0.02606784178868313,0.07925027723706876
384.0,Rodrigo Hernández Cascante,23,1.016499913794824,3.1861384056468594,58,8,10,34,24,0,0.7282136476337723,0.28828626616105174,0.0,0.017525860582669382,0.05493342078701482
740.0,João Filipe Iria Santos Moutinho,15,1.0127937944378427,1.8704373211284109,17,6,5,12,5,0,0.87590281790156,0.13689097653628268,0.0,0.059576105555167215,0.11002572477225947
101.0,Naïm Sliti,8,1.0090069274629883,4.05363147260403,23,6,7,10,13,0,0.38750357166986743,0.6215033557931209,0.0,0.04386986641143427,0.17624484663495782
1524.0,Leonardo Spinazzola,51,1.0082366316021374,3.0034865190505875,33,10,7,15,18,0,0.4485640188069353,0.5596726127952021,0.0,0.03055262520006477,0.09101474300153295
333.0,Jude Bellingham,21,1.0040901019128845,3.4527389230916734,37,8,8,20,17,0,0.514369862988735,0.48972023892414956,0.0,0.02713757032196985,0.09331726819166684
1315.0,Nicolò Barella,51,0.9980508423913114,4.103646930678685,45,6,13,24,21,0,0.5273804343826988,0.4706704080086127,0.0,0.022178907608695807,0.09119215401508188
895.0,David Josué Jiménez Silva,23,0.9935307542765773,2.4802675238611656,20,6,5,13,7,0,0.7411788424964452,0.25235191178013233,0.0,0.049676537713828864,0.12401337619305827
1362.0,Jorge Luiz Frello Filho,51,0.9899984885258254,3.1906743064303735,52,4,9,31,21,0,0.6076319155422792,0.3823665729835459,0.0,0.019038432471650487,0.061359121277507186
538.0,Gareth Frank Bale,30,0.9893835466569011,3.5368677659174956,26,7,10,12,14,0,0.5169772058687021,0.47240634078819893,0.0,0.03805321333295773,0.13603337561221138
371.0,Marcelo Brozović,22,0.9863122944181293,5.272166974146292,64,8,14,34,30,0,0.5787935505134719,0.4075187439046574,0.0,0.01541112960028327,0.08237760897103581
383.0,Aymeric Laporte,23,0.9816795539942983,2.599290417930059,35,5,3,20,15,0,0.7830307924792542,0.19864876151504404,0.0,0.02804798725697995,0.0742654405122874
233.0,Jules Koundé,16,0.9793784986378464,3.6349313280833417,44,11,9,22,22,0,0.5409142748104872,0.4384642238273593,0.0,0.022258602241769235,0.08261207563825777
151.0,Daley Blind,11,0.9790330487786276,2.9977692923655135,22,2,5,13,9,0,0.5473968226439488,0.4316362261346788,0.0,0.044501502217210345,0.1362622405620688
93.0,Vinícius José Paixão de Oliveira Júnior,7,0.977113161621173,3.3106550510024015,26,10,9,10,16,0,0.29666546442853037,0.6804476971926428,0.0,0.037581275446968196,0.12733288657701544
537.0,Connor Roberts,30,0.9749309604764851,1.9931615496189048,24,3,4,14,10,0,0.5364039591826573,0.43852700129382793,0.0,0.04062212335318688,0.0830483979007877
511.0,Axel Witsel,29,0.9742308942736972,4.4563589234302,37,6,4,22,15,0,0.6214789928214607,0.3527519014522366,0.0,0.026330564710099924,0.12044213306568108
1509.0,Robin Gosens,26,0.9695303669737314,2.0079183444274973,15,6,3,9,6,0,0.7083801234071299,0.26115024356660144,0.0,0.06463535779824876,0.13386122296183314
235.0,Dayotchanculle Upamecano,16,0.9487840119542718,3.8428929277029913,33,1,3,20,13,0,0.5788871507091033,0.3698968612451684,0.0,0.028751030665280963,0.11645130083948459
568.0,Jordan Ayew,31,0.9474662740184365,1.0210886861024866,8,4,3,5,3,0,0.8553503164387858,0.0921159575796509,0.0,0.11843328425230457,0.12763608576281082
430.0,Christian Pulisic,25,0.9435277729682287,2.0151807259047594,19,11,4,9,10,0,0.7203816708986756,0.22314610206955293,0.0,0.049659356472012035,0.10606214346867154
369.0,Mario Pašalić,22,0.939168221105254,1.7223418702172872,14,3,2,9,5,0,0.7530891630577933,0.18607905804746064,0.0,0.067083444364661,0.1230244193012348
1032.0,Takashi Inui,24,0.9365890391945428,1.8725644663801604,19,8,4,6,13,0,0.7288975381653788,0.20769150102916398,0.0,0.04929415995760752,0.09855602454632423
758.0,Šime Vrsaljko,22,0.933814216228328,3.1772099226156496,27,11,5,17,10,0,0.651227023775115,0.28258719245321307,0.0,0.0345857117121603,0.1176744415783574
722.0,Viktor Claesson,35,0.9074214752825221,2.80814907139032,24,3,6,13,11,0,0.4907364190673769,0.4166850562151451,0.0,0.037809228136771754,0.11700621130793
1024.0,Jens Stryger Larsen,6,0.9061499991809794,1.063273764296197,18,9,5,13,5,0,0.8139151759626744,0.092234823218305,0.0,0.05034166662116552,0.05907076468312205
720.0,Ola Toivonen,35,0.9055094754351768,1.587296623724742,11,4,3,8,3,0,0.8313697296367938,0.07413974579838307,0.0,0.08231904322137971,0.14429969306588564
924.0,Éver Maximiliano David Banega,4,0.9051710175890342,1.650923060766627,16,6,6,8,8,0,0.7611092576885641,0.14406175990047,0.0,0.056573188599314636,0.10318269129791419
827.0,Carlos Alberto Vela Garrido,18,0.9025218929719093,2.0577045163535184,47,12,12,21,26,0,0.3322903871188525,0.5702315058530569,0.0,0.01920259346748743,0.04378094715645784
240.0,Eduardo Camavinga,16,0.9005762773309246,1.1371517395389068,14,5,3,7,7,0,0.2350669388146433,0.6655093385162812,0.0,0.0643268769522089,0.08122512425277906
686.0,Juan Guillermo Cuadrado Bello,34,0.8999619576921936,2.502160528736033,24,13,7,10,14,0,0.5214130462242581,0.37854891146793535,0.0,0.0374984149038414,0.10425668869733472
911.0,Timo Werner,26,0.8976206019892965,1.559567458467714,22,6,6,12,10,0,0.5491382234847294,0.3484823785045669,0.0,0.04080093645405893,0.07088942993035063
467.0,Niclas Füllkrug,26,0.8902839893459806,2.464262226254137,21,6,6,11,10,0,0.43216142275335406,0.45812256659262657,0.0,0.04239447568314193,0.11734582029781604
894.0,Andrés Iniesta Luján,23,0.886748325744668,2.271713584669831,24,6,7,12,12,0,0.4189451616393713,0.4678031641052966,0.0,0.036947846906027836,0.09465473269457629
1568.0,Oleksandr Karavaev,44,0.8838771559217524,1.3675128535561005,19,3,4,11,8,0,0.7005042357820315,0.183372920139721,0.0,0.04651985031167118,0.07197436071347897
407.0,Ritsu Doan,24,0.8756918169413698,2.512244935109189,10,4,3,5,5,0,0.577587247053216,0.29810456988815376,0.0,0.08756918169413698,0.2512244935109189
346.0,Jack Grealish,21,0.8743898748315392,3.680340010578238,20,4,8,10,10,0,0.4733145501649403,0.4010753246665989,0.0,0.04371949374157696,0.1840170005289119
13.0,Manuel Obafemi Akanji,3,0.8666503846344648,2.2890042382471223,29,5,2,18,11,0,0.5617525801375501,0.30489780449691467,0.0,0.029884496021878097,0.07893118062921112
458.0,Daniel Carvajal Ramos,23,0.8643288060404016,2.3265210708984188,37,6,6,25,11,1,0.7358585701096005,0.1221297704307068,0.006340465500094253,0.023360238001091937,0.06287894786211942
45.0,Rodrigo Javier De Paul,4,0.8626233530394241,2.042853485752166,32,4,9,17,15,0,0.4504617955064636,0.41216155753296063,0.0,0.026956979782482002,0.06383917142975519
44.0,Nahuel Molina Lucero,4,0.8620915870332162,1.9904851824202172,14,3,1,11,3,0,0.3011090874146745,0.5609824996185417,0.0,0.061577970502372584,0.14217751303001552
159.0,Steven Berghuis,11,0.8578445763696602,2.3997149106627402,13,8,2,6,7,0,0.4510288951802881,0.4068156811893721,0.0,0.0659880443361277,0.18459345466636462
1195.0,Andriy Yarmolenko,44,0.8470782385747218,2.081159225854241,26,12,8,10,16,0,0.21282978177324888,0.6342484568014728,0.0,0.032579932252873915,0.0800445856097785
209.0,Sofiane Boufal,14,0.8425985661106561,2.405928438656622,30,9,5,14,16,0,0.3873970476548855,0.4552015184557706,0.0,0.028086618870355202,0.0801976146218874
1341.0,Che Adams,52,0.8422945355363027,0.6419059750161075,10,7,0,5,5,0,0.6812897068026444,0.1610048287336583,0.0,0.08422945355363028,0.06419059750161074
74.0,Andreas Skov Olsen,6,0.8414271634479017,1.5199452829854816,14,7,1,7,7,0,0.6409409643535293,0.20048619909437235,0.0,0.06010194024627869,0.10856752021324868
307.0,Haris Seferović,3,0.8329004382160364,1.8190717854925413,29,10,9,12,17,0,0.39366083694373255,0.4392396012723037,0.0,0.02872070476607022,0.06272661329284625
126.0,Idrissa Gana Gueye,10,0.8264264893040101,1.6183208870193084,19,7,1,10,9,0,0.6641919015284738,0.16223458777553626,0.0,0.04349613101600053,0.08517478352733203
366.0,Nikola Vlašić,22,0.8229341432295229,2.5884652352215265,20,6,3,8,12,0,0.2906317569139495,0.5323023863155735,0.0,0.04114670716147614,0.12942326176107632
713.0,Emil Peter Forsberg,35,0.8220819923001887,2.4512210383650905,37,15,7,13,24,0,0.34796363599700697,0.4741183563031816,0.0,0.022218432224329426,0.06624921725311056
228.0,Olivier Giroud,16,0.8202798102301909,3.1918085164971512,29,12,6,19,10,0,0.4784908886248268,0.34178892160536406,0.0,0.02828551069759279,0.1100623626378328
113.0,Wahbi Khazri,8,0.8173758730592169,1.8049128741861682,18,14,2,7,11,0,0.5646780391655464,0.2526978338936704,0.0,0.04540977072551205,0.10027293745478712
1181.0,Mykola Shaparenko,44,0.8156876748590379,2.310620936568883,25,7,3,14,11,0,0.5587476150637055,0.2569400597953324,0.0,0.03262750699436152,0.09242483746275532
490.0,Joel Nathaniel Campbell Samuels,28,0.8125583214757987,2.326892309637995,21,4,8,10,11,0,0.5639093757726493,0.24864894570314933,0.0,0.03869325340360946,0.11080439569704739
794.0,Fágner Conserva Lemos,7,0.8091307374127066,1.7821907931916547,12,3,2,8,4,0,0.7424616521425313,0.06666908527017529,0.0,0.06742756145105888,0.1485158994326379
742.0,Khalid Boutaïb,14,0.807585377714644,0.5092567594541018,9,2,0,4,5,0,0.027649077996366206,0.7799362997182778,0.0,0.08973170863496044,0.056584084383789084
1424.0,Mykhailo Mudryk,44,0.8056996799288417,1.4736430210902158,21,9,6,9,12,0,0.4241791965529609,0.3815204833758809,0.0,0.03836665142518294,0.07017347719477218
338.0,Declan Rice,21,0.8055674575078395,2.275746725087056,40,6,8,22,18,0,0.634777406270916,0.17079005123692342,0.0,0.020139186437695987,0.0568936681271764
278.0,Grzegorz Krychowiak,19,0.8053065573183809,1.7428071174201512,24,6,5,12,12,0,0.4371509488927305,0.3681556084256504,0.0,0.03355443988826587,0.07261696322583963
1130.0,Muhammed Kerem Aktürkoğlu,42,0.8019268400279052,0.7816245630317126,10,4,4,4,6,0,0.06547968453907783,0.7364471554888273,0.0,0.08019268400279052,0.07816245630317126
148.0,Denzel Dumfries,11,0.7951675930778392,2.7135829448377633,25,8,10,13,12,0,0.43814867508541105,0.3570189179924282,0.0,0.03180670372311357,0.10854331779351054
72.0,Mathias Jensen,6,0.79419181094154,1.8999269552889273,29,7,5,14,15,0,0.4761471097710039,0.3180447011705359,0.0,0.027385924515225517,0.0655147225961699
96.0,Rodrygo Silva de Goes,7,0.7928757215597313,1.759347654949471,19,9,5,9,10,0,0.33981611076688273,0.4530596107928485,0.0,0.0417303011347227,0.09259724499734058
1145.0,Stefan Posch,43,0.7863551291678261,1.737876227751444,16,10,3,7,9,0,0.4071827441516759,0.3791723850161502,0.0,0.04914719557298913,0.10861726423446524
345.0,Marcus Rashford,21,0.7836668398132377,2.2138890211660756,23,10,4,8,15,0,0.34757177407708206,0.4360950657361557,0.0,0.03407247129622772,0.09625604439852502
954.0,Ahmed Musa,39,0.780143868589348,2.5892965288635996,21,4,4,9,12,0,0.1386748179541806,0.6414690506351675,0.0,0.03714970802806419,0.12329983470779046
1111.0,Ivan Toney,21,0.7756309598204523,0.5979491328105743,2,2,0,1,1,0,0.6214588234194693,0.15417213640098287,0.0,0.38781547991022614,0.29897456640528713
283.0,Przemysław Frankowski,19,0.7754360952561637,3.0013703549219772,26,7,8,14,12,0,0.42051652136010964,0.35491957389605416,0.0,0.029824465202160144,0.11543732134315297
1017.0,Roman Zobnin,41,0.7678680397008235,1.6181703041348916,18,7,3,8,10,0,0.5142251217064757,0.2536429179943478,0.0,0.04265933553893464,0.0898983502297162
1432.0,Petr Ševčík,45,0.7604080623411755,2.1255148839203457,23,3,6,13,10,0,0.42962365919276535,0.3307844031484102,0.0,0.03306122010179024,0.09241369060523243
3.0,Silvan Widmer,3,0.7566995066255792,1.8547338406875036,14,4,2,9,5,0,0.6130604721513416,0.14363903447423756,0.0,0.05404996475896994,0.13248098862053598
1518.0,Cengiz Ünder,42,0.7518098106143646,2.02141262996194,27,13,6,10,17,0,0.4562695693708134,0.295540241243551,0.0,0.027844807800532022,0.07486713444303482
1011.0,Artem Dzyuba,41,0.7489082181598694,1.4434786701270303,24,9,10,12,12,0,0.31386310105622556,0.4350451171036439,0.0,0.03120450908999456,0.060144944588626265
245.0,Luis Gerardo Chávez Magallón,18,0.7467548294009521,1.562989029034558,19,7,3,10,9,0,0.5658693945182546,0.18088543488269743,0.0,0.03930288575794485,0.08226258047550306
78.0,Mikkel Damsgaard,6,0.7463255058912532,1.448143584463204,24,9,7,10,14,0,0.2714795163226637,0.4748459895685896,0.0,0.031096896078802217,0.06033931601930017
535.0,Aaron Ramsey,30,0.7381122707282933,2.1786640734998257,22,8,4,10,12,0,0.18837499565061885,0.5497372750776746,0.0,0.03355055776037697,0.09903018515908299
1314.0,Bryan Cristante,51,0.7347699484363263,1.1009683184012036,6,5,1,3,3,0,0.6924533444010115,0.04231660403531479,0.0,0.12246165807272104,0.18349471973353393
134.0,Youssouf Sabaly,10,0.7308905377363377,1.295611182266999,21,7,8,12,9,0,0.4055857552935144,0.32530478244282335,0.0,0.034804311320777985,0.06169577058414281
39.0,Enzo Fernandez,4,0.7305275396254985,1.6446025334180652,27,9,5,13,14,0,0.4646143878739066,0.26591315175159197,0.0,0.02705657554168513,0.06091120494140982
239.0,Kingsley Coman,16,0.7246281519405956,2.0716506561621078,24,8,4,9,14,1,0.28084409861031306,0.4081040077371623,0.03568004559312019,0.030192839664191482,0.08631877734008782
1120.0,Barış Alper Yılmaz,42,0.7246129155950923,1.8380503593090634,21,8,7,8,13,0,0.299897587238814,0.42471532835627834,0.0,0.03450537693309964,0.08752620758614588
1556.0,Goran Pandev,54,0.723915912384872,0.9900920426633868,8,2,3,4,4,0,0.08945621384626141,0.6344596985386106,0.0,0.090489489048109,0.12376150533292335
1242.0,Benjamin Šeško,47,0.7179978266858706,0.49948112209563306,13,8,1,4,9,0,0.05083124522370806,0.6671665814621627,0.0,0.05523060205275928,0.03842162477658716
912.0,Mario Gómez García,26,0.7165307615596914,0.5100951619603803,3,2,0,2,1,0,0.023025393964524177,0.6935053675951672,0.0,0.23884358718656382,0.1700317206534601
217.0,João Pedro Cavaco Cancelo,15,0.7156796301607035,1.874995351972466,27,7,6,13,14,0,0.3504350563673934,0.36524457379331,0.0,0.026506652968914943,0.06944427229527651
1118.0,Kaan Ayhan,42,0.7138054980064995,2.3428858510032087,20,2,3,14,6,0,0.44683618788962487,0.26696931011687464,0.0,0.035690274900324975,0.11714429255016043
791.0,Marcelo Vieira da Silva Júnior,7,0.7125672357071396,2.291087432325461,33,4,7,16,17,0,0.37393400433116913,0.3386332313759704,0.0,0.02159294653657999,0.06942689188865032
1610.0,Robin Lod,55,0.7112949190429767,1.1391543770977335,10,3,3,6,4,0,0.38312557361166155,0.32816934543131515,0.0,0.07112949190429767,0.11391543770977335
936.0,Yussuf Yurary Poulsen,6,0.7090709774341856,1.5156909500097535,27,9,9,13,14,0,0.3109717717450365,0.398099205689149,0.0,0.026261888053117983,0.056136701852213096
77.0,Kasper Dolberg,6,0.7063492132185426,0.6924645498975626,10,7,2,3,7,0,0.3341449979149355,0.3722042153036071,0.0,0.07063492132185425,0.06924645498975626
462.0,Antonio Rüdiger,26,0.7023801590316104,3.152788024552481,25,7,4,12,13,0,0.39708445455716507,0.3052957044744453,0.0,0.02809520636126442,0.12611152098209924
26.0,Edimilson Fernandes,3,0.6984010130196601,1.4678426662841977,7,3,2,4,3,0,0.5542692438549702,0.14413176916468984,0.0,0.09977157328852286,0.2096918094691711
754.0,Mario Mandžukić,22,0.6972776186984699,1.4258848690017745,13,7,3,10,3,0,0.5866303613282418,0.11064725737022803,0.0,0.0536367398998823,0.10968345146167496
534.0,Daniel James,30,0.6963791460968581,1.6530924364577375,24,14,7,16,8,0,0.5962358971411306,0.10014324895572761,0.0,0.029015797754035757,0.0688788515190724
691.0,Ashley Young,21,0.6958140061277834,0.7791827530226131,11,5,3,9,2,0,0.6686776831783853,0.027136322949398224,0.0,0.0632558187388894,0.07083479572932846
1282.0,Lukáš Haraslín,49,0.6923408531351632,1.2519354994717788,27,16,3,12,15,0,0.4671788134314638,0.22516203970369938,0.0,0.02564225381982086,0.046367981461917736
687.0,Jesse Lingard,21,0.6907857280969122,1.1475433688113457,22,8,7,11,11,0,0.42225613953252383,0.2685295885643884,0.0,0.03139935127713237,0.05216106221869753
1117.0,Mert Müldür,42,0.6897837203114845,2.000754049338945,22,6,5,9,13,0,0.26187874069325395,0.4279049796182305,0.0,0.03135380546870384,0.09094336587904296
1019.0,Aleksandr Samedov,41,0.6834856325047536,0.7899873445387094,10,5,1,8,2,0,0.6589337524808724,0.02455188002388127,0.0,0.06834856325047536,0.07899873445387094
597.0,César Azpilicueta Tanco,23,0.6792890433926952,2.1844668257947495,24,3,7,15,9,0,0.5023531985859486,0.17693584480674668,0.0,0.028303710141362303,0.09101945107478122
1490.0,Ciro Immobile,51,0.6788719614398804,2.2516728996917355,24,11,5,8,16,0,0.3178957048149605,0.36097625662491994,0.0,0.028286331726661684,0.0938197041538223
435.0,Tyler Adams,25,0.6746777820093008,0.5860382820514868,6,2,0,4,2,0,0.539344797654984,0.13533298435431684,0.0,0.11244629700155014,0.09767304700858113
804.0,Mahmoud Ibrahim Hassan,37,0.6733483828380517,0.894822142262063,15,5,3,6,9,0,0.28314627775416584,0.3902021050838858,0.0,0.044889892189203445,0.05965480948413753
764.0,Edgar Yoel Bárcenas Herrera,36,0.6727181331788088,0.8250242867917572,13,7,5,6,7,0,0.4053359091590487,0.2673822240197601,0.0,0.05174754870606221,0.06346340667628901
105.0,Youssef Msakni,8,0.6722883498082299,1.21678395232373,13,4,4,5,8,0,0.4655625382560964,0.20672581155213376,0.0,0.051714488446786916,0.09359876556336386
555.0,Salman Mohammed Al Faraj,17,0.6708251370778534,1.3235638472341416,26,5,6,15,11,0,0.49342000413440223,0.17740513294345114,0.0,0.02580096681068667,0.05090630181669775
363.0,Abdelhamid Sabiri,14,0.6700771736606514,0.6668927492575148,3,1,1,3,0,0,0.6700771736606514,0.0,0.0,0.22335905788688382,0.22229758308583827
1151.0,Georginio Wijnaldum,11,0.6680062229475356,1.2503137059757667,14,4,2,6,8,0,0.30916566789931976,0.358840555048216,0.0,0.04771473021053826,0.08930812185541191
86.0,Thiago Emiliano da Silva,7,0.6640354201067479,1.7597845470901279,13,2,7,8,5,0,0.5754312705092983,0.08860414959744968,0.0,0.051079647700519065,0.135368042083856
932.0,Maximiliano Eduardo Meza,4,0.6630474284163569,1.6678214682350965,20,4,6,11,9,0,0.4183605259850607,0.24468690243129615,0.0,0.033152371420817846,0.08339107341175482
775.0,Ricardo Guardia Avila,36,0.6617320687622118,0.6540413573944714,6,2,2,4,2,0,0.6040086894657308,0.057723379296480956,0.0,0.1102886781270353,0.10900689289907857
1513.0,Karim Benzema,16,0.6578651793383582,0.7189710268969491,8,5,1,2,6,0,0.04848191064881705,0.6093832686895412,0.0,0.08223314741729477,0.08987137836211864
92.0,Lucas Tolentino Coelho de Lima,7,0.6532396040882059,2.1676439292451417,21,2,7,14,7,0,0.4751773749885676,0.17806222909963826,0.0,0.031106647813724093,0.10322113948786389
1169.0,Florian Wirtz,26,0.651838928178379,2.3171862570966737,24,7,7,13,11,0,0.31138513798027007,0.34045379019810895,0.0,0.02715995534076579,0.09654942737902807
206.0,Azzedine Ounahi,14,0.6493453880259396,2.95095578342497,30,7,6,13,17,0,0.2674093203935281,0.3819360676324114,0.0,0.02164484626753132,0.09836519278083232
828.0,Miguel Arturo Layún Prado,18,0.648979346697314,1.1841751951768502,26,10,2,13,13,0,0.47959625031483577,0.16938309638247825,0.0,0.024960744103742848,0.04554519981449424
1228.0,Dennis Man,46,0.64806494904794,1.034753229714947,18,8,5,7,10,1,0.1673813454547839,0.47479020683280215,0.005893396760354053,0.03600360828044111,0.057486290539719286
1029.0,Gaku Shibasaki,24,0.6475558454628327,1.543025293593425,17,5,3,12,5,0,0.5781552000964182,0.06940064536641458,0.0,0.0380915203213431,0.0907661937407897
199.0,Achraf Hakimi Mouh,14,0.6472835822864386,3.47387875720166,37,7,10,20,17,0,0.3564974325639067,0.2907861497225319,0.0,0.01749415087260645,0.09388861505950433
1265.0,Khvicha Kvaratskhelia,48,0.6469446470299945,2.36119905849397,26,8,9,11,15,0,0.33147843898137647,0.31546620804861825,0.0,0.02488248642423056,0.09081534840361424
496.0,Keysher Fuller Spence,28,0.6437036479982711,1.5181109297828848,8,4,0,4,4,0,0.28940409749286555,0.3542995505054055,0.0,0.08046295599978388,0.1897638662228606
847.0,James David Rodríguez Rubio,34,0.6432676419736081,2.0802009583763894,11,4,2,7,4,0,0.5229529556481652,0.12031468632544291,0.0,0.05847887654305528,0.18910917803421723
121.0,Ismaïla Sarr,10,0.6432498308915345,2.1638534863376133,33,10,8,14,19,0,0.39171022682468626,0.25153960406684817,0.0,0.019492419117925288,0.06557131776780646
413.0,Kaoru Mitoma,24,0.6412658659040076,1.376217791869295,11,5,4,5,6,0,0.4518970111616414,0.1893688547423662,0.0,0.058296896900364326,0.12511070835175409
1575.0,Patrick van Aanholt,11,0.6402927283506296,0.8636858701427856,11,5,1,6,5,0,0.4834457043041689,0.15684702404646073,0.0,0.05820842985005723,0.07851689728570778
19.0,Filip Kostić,2,0.6386876952178239,1.6578993395575785,13,4,1,7,6,0,0.3687891731476949,0.2698985220701289,0.0,0.049129822709063374,0.12753071842750605
1435.0,Yusuf Yazıcı,42,0.6345045587075957,1.2708182485901736,10,7,2,6,4,0,0.5527208916069468,0.081783667100649,0.0,0.06345045587075956,0.12708182485901737
1072.0,Alan Dzagoev,41,0.6258744596920149,0.7504978759858111,3,3,0,2,1,0,0.531401,0.09447345969201497,0.0,0.2086248198973383,0.250165958661937
65.0,Martin Braithwaite Christensen,6,0.6237822356229148,1.436005598328636,27,10,7,14,13,0,0.31999785445782647,0.30378438116508827,0.0,0.02310304576381166,0.05318539253069022
1152.0,Konrad Laimer,43,0.6226046309885367,1.8820786806544691,17,5,6,7,10,0,0.22011147427173794,0.4024931567167988,0.0,0.0366238018228551,0.11071051062673348
1297.0,Kristjan Asllani,50,0.6220761520458806,1.8210199472516084,25,7,6,14,11,0,0.4208171364889452,0.20125901555693543,0.0,0.024883046081835225,0.07284079789006434
510.0,Michy Batshuayi Tunga,29,0.6219558296362119,0.8365373978769145,12,6,2,4,8,0,0.16166861115612677,0.46028721848008514,0.0,0.05182965246968432,0.06971144982307621
1143.0,Florian Grillitsch,43,0.6166381038974347,1.0295829693385736,16,6,2,8,8,0,0.3661621033926431,0.2504760005047915,0.0,0.03853988149358967,0.06434893558366085
90.0,Marcos Aoás Corrêa,7,0.6160593228126346,1.2340528809330382,14,3,1,9,5,0,0.5464243476355253,0.06963497517710929,0.0,0.04400423734375962,0.08814663435235988
1196.0,Antonín Barák,45,0.6103730668896098,1.030016026784829,11,4,4,8,3,0,0.5640310949062731,0.04634197198333659,0.0,0.055488460626328166,0.09363782061680265
1126.0,Kenan Yildiz,42,0.6102002540312383,1.808687644834469,22,8,3,6,16,0,0.15286515186707153,0.4573351021641669,0.0,0.027736375183238106,0.08221307476520313
1176.0,Artem Dovbyk,44,0.6082736260356678,1.810793217253981,23,12,7,8,15,0,0.20222783127701255,0.4060457947586553,0.0,0.02644667939285512,0.07873013988060787
704.0,Marouane Fellaini-Bakkioui,29,0.6060132836863893,2.3843190594568404,11,4,1,7,4,0,0.4192861258217742,0.186727157864615,0.0,0.05509211669876266,0.21675627813244003
1449.0,Erik Janža,47,0.6036530625410678,0.8955593009761668,6,3,1,5,1,0,0.5567302140778451,0.046922848463222686,0.0,0.10060884375684463,0.14925988349602778
401.0,Junya Ito,24,0.5930107875297402,2.59791634359062,11,5,4,7,4,0,0.49962157342867797,0.09338921410106224,0.0,0.053910071593612746,0.23617421305369274
1366.0,Giacomo Raspadori,51,0.5911243434654188,1.249660912196876,9,6,0,6,3,0,0.5043461566825915,0.08677818678282724,0.0,0.06568048260726875,0.13885121246631957
1178.0,Roman Yaremchuk,44,0.5829593707045491,1.178015724564382,25,10,7,11,14,0,0.2172543254143331,0.365705045290216,0.0,0.023318374828181963,0.04712062898257528
222.0,Rafael Alexandre Conceição Leão,15,0.5821413664807039,2.6212622445058704,24,9,6,10,13,1,0.2714603365964643,0.2938905120785157,0.016790517805723985,0.02425589027002933,0.1092192601877446
370.0,Dejan Lovren,22,0.5789750943832902,1.8882480146734406,16,5,1,9,7,0,0.43220931692306813,0.146765777460222,0.0,0.03618594339895564,0.11801550091709004
1255.0,Giorgi Kochorashvili,48,0.5788105440684918,1.472396288963069,10,2,2,4,6,0,0.18473750517420917,0.3940730388942826,0.0,0.057881054406849174,0.1472396288963069
1107.0,Marc Cucurella Saseta,23,0.5758207692735328,2.63939858966229,26,2,3,16,10,0,0.4038089132508676,0.17201185602266508,0.0,0.022146952664366646,0.10151533037162654
677.0,Pau Francisco Torres,23,0.5755835796806357,1.623812867976981,18,1,2,9,9,0,0.42071642159642414,0.15486715808421153,0.0,0.03197686553781309,0.09021182599872117
1082.0,Mohamed Salah,37,0.5696314244714412,1.3414425213105454,15,6,5,6,9,0,0.10790241705023504,0.46172900742120615,0.0,0.03797542829809608,0.08942950142070302
290.0,Krzysztof Piątek,19,0.569214501627546,0.7401119728810333,2,1,0,1,1,0,0.011150859533192739,0.5580636420943533,0.0,0.284607250813773,0.3700559864405166
785.0,Mario Gavranović,3,0.569125334904379,1.728266027746903,12,3,5,6,6,0,0.23849723238377493,0.330628102520604,0.0,0.04742711124203158,0.1440221689789086
1346.0,Callum McGregor,52,0.5639617109032387,1.6273474804144727,16,4,3,7,9,0,0.20632035543549354,0.3576413554677451,0.0,0.035247606931452416,0.10170921752590455
734.0,Vahid Amiri,33,0.5624375710393853,0.669901125423469,9,1,4,4,5,0,0.3086188637728666,0.2538187072665186,0.0,0.062493063448820586,0.07443345838038545
174.0,Luis Alberto Suárez Díaz,12,0.5615274546788703,1.768327524785694,15,6,7,9,6,0,0.394050187802373,0.16747726687649728,0.0,0.03743516364525802,0.1178885016523796
588.0,Leander Dendoncker,29,0.5593721660489872,1.8196376519014814,14,2,0,9,5,0,0.34837309643690884,0.21099906961207834,0.0,0.039955154717784803,0.12997411799296296
1276.0,Ondrej Duda,49,0.5586418523565863,0.8756498316501048,24,6,5,14,10,0,0.4251940785924758,0.1334477737641104,0.0,0.023276743848191093,0.0364854096520877
533.0,Harry Wilson,30,0.5558599286436038,1.810810855362952,9,3,1,6,3,0,0.5192465160258324,0.03661341261777146,0.0,0.061762214293733755,0.2012012061514391
640.0,Sardar Azmoun,33,0.5550696086465969,0.5507249314983401,9,6,2,4,5,0,0.15460774531921687,0.4004618633273801,0.0,0.06167440096073299,0.06119165905537113
157.0,Wout Weghorst,11,0.554896374290357,1.616282687475671,8,5,1,6,2,0,0.5262749929793885,0.02862138131096848,0.0,0.06936204678629462,0.20203533593445888
196.0,Kléper Laveran Lima Ferreira,15,0.554682587963067,1.785839505129575,23,0,1,15,8,0,0.39531829690104,0.15936429106202699,0.0,0.024116634259263782,0.07764519587519891
85.0,Carlos Henrique Casimiro,7,0.5517346644050323,2.3121670350688937,35,6,8,20,15,0,0.346419904818529,0.20531475958650322,0.0,0.015763847554429493,0.06606191528768268
1142.0,Alexander Prass,43,0.5498681126191891,1.0903777318790198,8,1,1,6,2,0,0.4611025209669715,0.08876559165221759,0.0,0.06873351407739864,0.13629721648487747
98.0,Antony Matheus dos Santos,7,0.5493086581291142,1.603539787303313,20,9,2,7,13,0,0.2703950090895039,0.27891364903961025,0.0,0.02746543290645571,0.08017698936516565
185.0,Federico Santiago Valverde Dipetta,12,0.5492037016401965,1.8608074140920026,21,7,3,12,9,0,0.43068142652868846,0.11852227511150797,0.0,0.02615255722096174,0.08860987686152393
1028.0,Shinji Kagawa,24,0.5476821798867746,1.3287788084128556,24,4,5,12,12,0,0.2640295530972412,0.28365262678953335,0.0,0.022820090828615608,0.055365783683868984
224.0,Zakaria Aboukhlal,14,0.542662808942035,0.3674323511082403,2,1,0,1,1,0,0.04310174931907153,0.49956105962296343,0.0,0.2713314044710175,0.18371617555412015
1535.0,Jakub Jankto,45,0.5343041650404358,1.5980588553838517,20,7,5,12,8,0,0.424462600238255,0.10984156480218081,0.0,0.02671520825202179,0.07990294276919259
876.0,Sadio Mané,10,0.5314899395837382,0.9542193087030378,14,2,6,9,5,0,0.341816053742107,0.18967388584163128,0.0,0.03796356711312416,0.06815852205021698
1368.0,Luka Sučić,22,0.530356930958635,1.6069708640843816,20,4,3,10,10,0,0.2891912693400423,0.2411656616185927,0.0,0.02651784654793175,0.08034854320421908
629.0,Lucas Hernández Pi,16,0.5270528292449181,1.884547412268081,23,6,5,11,12,0,0.2485204329080952,0.278532396336823,0.0,0.022915340401952963,0.0819368440116557
879.0,Moussa Wagué,10,0.5248004929901654,0.914602718136466,10,4,4,7,3,0,0.3130151638578185,0.21178532913234688,0.0,0.05248004929901654,0.0914602718136466
150.0,Marten de Roon,11,0.5222340183119785,1.2917380946703612,12,0,4,8,4,0,0.306635125838496,0.21559889247348257,0.0,0.043519501525998205,0.1076448412225301
940.0,Nicolai Jørgensen,6,0.5213233480836469,0.6747340752016738,9,4,3,5,4,0,0.34659974973654645,0.17472359834710052,0.0,0.057924816453738544,0.07497045280018598
306.0,Michel Aebischer,3,0.5211788800404006,1.6231155988038126,23,3,6,15,8,0,0.3400333146879745,0.18114556535242607,0.0,0.022659951306104372,0.07057024342625272
53.0,Alexis Mac Allister,4,0.5184860710621815,1.7950728799133684,26,4,8,15,11,0,0.37049426786450057,0.14799180319768093,0.0,0.019941771963930058,0.06904126461205264
355.0,Josip Stanišić,22,0.5179442059046814,1.9175367635027971,10,1,1,4,6,0,0.18148221533773828,0.33646199056694304,0.0,0.05179442059046814,0.1917536763502797
1095.0,Jerdy Schouten,11,0.515622535273125,1.605788127922716,16,2,3,11,5,0,0.36179978816962177,0.15382274710350313,0.0,0.03222640845457031,0.10036175799516975
1495.0,Manuel Locatelli,51,0.5146952849558151,1.8316940030704845,14,5,3,7,7,0,0.3431914497701771,0.17150383518563803,0.0,0.03676394892541536,0.13083528593360602
349.0,Eric Dier,21,0.5105471028974139,0.8846341880249163,11,2,1,6,5,0,0.22858950715371612,0.2819575957436978,0.0,0.04641337299067399,0.08042128982044694
484.0,Vincent Paté Aboubakar,27,0.5098906485669469,1.7478758787088966,12,5,5,2,10,0,0.15881251099925942,0.3510781375676873,0.0,0.04249088738057891,0.14565632322574137
862.0,Christian Alberto Cueva Bravo,38,0.5069619335772829,2.6382545187499917,24,4,8,12,12,0,0.2536098903649486,0.2533520432123344,0.0,0.021123413899053454,0.10992727161458299
899.0,Thiago Alcântara do Nascimento,23,0.506812258244824,1.3542995335025254,12,3,0,8,4,0,0.30118254403521916,0.20562971420960494,0.0,0.042234354853735334,0.11285829445854378
563.0,Mohammed Kudus,31,0.49997986786063625,1.1659889568676742,14,7,2,4,10,0,0.19713840380486805,0.30284146405576834,0.0,0.03571284770433116,0.08328492549054815
1131.0,Mehmet Zeki Çelik,42,0.4995403094441423,1.7794461952315166,14,4,6,8,6,0,0.3146413245478033,0.184898984896339,0.0,0.035681450674581595,0.12710329965939404
372.0,Josip Juranović,22,0.49625304252925034,2.7956908100482245,27,7,8,17,10,0,0.32975436517924606,0.16649867735000437,0.0,0.01837974231589816,0.10354410407586016
35.0,Mathew Leckie,5,0.49450795429062994,1.817693631489772,19,4,4,10,9,0,0.24710471448637653,0.2474032398042534,0.0,0.026026734436348942,0.09566808586788274
1503.0,Alexander Isak,35,0.49427645266622794,1.9301666672610522,20,6,5,6,14,0,0.17814911352047813,0.3161273391457498,0.0,0.024713822633311396,0.09650833336305262
391.0,Marco Asensio Willemsen,23,0.4939565759523988,0.9939601500488702,14,11,3,6,8,0,0.3671037221267849,0.1268528538256139,0.0,0.03528261256802848,0.0709971535749193
1136.0,Nélson Cabral Semedo,15,0.4938882095803485,1.1418042365226935,11,1,3,6,5,0,0.26566202364122476,0.22822618593912372,0.0,0.04489892814366805,0.10380038513842668
282.0,Bartosz Bereszyński,19,0.49262254476194317,1.5436035377729418,18,2,3,10,8,0,0.25882967372017235,0.23379287104177082,0.0,0.02736791915344129,0.08575575209849677
801.0,Fernando Luiz Rosa,7,0.4894177845887041,1.1489883277893502,14,3,5,6,8,0,0.22175975617434884,0.2676580284143552,0.0,0.03495841318490744,0.08207059484209644
1466.0,Gerard Moreno Balaguero,23,0.4873177643919087,1.6990678333102376,19,8,4,8,11,0,0.26347087979792294,0.22384688459398586,0.0,0.025648303389047826,0.08942462280580198
1153.0,Christoph Baumgartner,43,0.4864942535078328,1.5090650391481104,16,7,6,7,9,0,0.17063804189019238,0.3158562116176404,0.0,0.03040589084423955,0.0943165649467569
664.0,Alireza Jahanbakhsh,33,0.48574065237333763,0.6685633242733056,10,5,1,5,5,0,0.43571281133946893,0.050027841033868724,0.0,0.04857406523733376,0.06685633242733055
4.0,Fabian Lukas Schär,3,0.4842839698850661,1.6507942518773373,20,4,3,10,10,0,0.2057947985898024,0.2784891712952637,0.0,0.024214198494253304,0.08253971259386686
350.0,Kalvin Phillips,21,0.48193977468211635,2.9855947138720857,20,5,4,11,9,0,0.2846484377013742,0.19729133698074217,0.0,0.024096988734105818,0.14927973569360428
1180.0,Georgiy Sudakov,44,0.47318323035138776,1.634719711761618,28,5,6,12,16,0,0.20129288388162453,0.27189034646976323,0.0,0.016899401083978135,0.05838284684862921
628.0,Benjamin Pavard,16,0.4719326643237998,1.089273162951921,21,2,5,13,8,0,0.2356642518381052,0.2362684124856947,0.0,0.02247298401541904,0.05187015061675814
807.0,Abdalla Mahmoud El Said Bekhit,37,0.471546005166388,0.7195061419216573,14,3,3,8,6,0,0.28800434245636286,0.18354166271002517,0.0,0.033681857511884856,0.05139329585154695
1099.0,Joey Veerman,11,0.4714337854004452,1.3931103401376537,19,6,2,13,6,0,0.3905860297260504,0.08084775567439494,0.0,0.024812304494760275,0.07332159684935019
1553.0,Enis Bardhi,54,0.471082222690304,0.797044588340953,15,6,5,8,7,0,0.37115976752716584,0.09992245516313811,0.0,0.031405481512686934,0.05313630588939687
275.0,Karol Świderski,19,0.4700192333331329,0.22284556616564277,5,3,1,2,3,0,0.3698923728504995,0.1001268604826334,0.0,0.09400384666662658,0.04456911323312855
1480.0,Federico Bernardeschi,51,0.4664536371484682,0.761340842607179,14,6,2,8,6,0,0.35731070096039613,0.10914293618807203,0.0,0.0333181169391763,0.054381488757655645
1245.0,Timi Elšnik,47,0.46542948406539836,1.453948857044495,14,3,4,6,8,0,0.1445594608792156,0.3208700231861828,0.0,0.03324496314752846,0.1038534897888925
864.0,André Martín Carrillo Díaz,38,0.4651149585095793,0.7637956672691253,12,6,3,6,6,0,0.24897446260022735,0.21614049590935183,0.0,0.038759579875798277,0.06364963893909377
786.0,Adem Ljajić,2,0.46339525945356946,0.7346404901383401,10,3,2,5,5,0,0.36933697026123463,0.09405828919233485,0.0,0.046339525945356945,0.073464049013834
276.0,Jakub Piotr Kiwior,19,0.46311347592976526,1.3428580961981817,16,3,3,7,9,0,0.22411814117633805,0.23899533475342724,0.0,0.02894459224561033,0.08392863101238636
436.0,Antonee Robinson,25,0.4603283158476298,0.4752791512746666,8,1,2,6,2,0,0.30885395467269483,0.15147436117493498,0.0,0.05754103948095372,0.05940989390933332
213.0,Yahia Attiyat allah,14,0.4579369447865409,1.7668119465411714,12,4,3,8,4,0,0.32549271811197494,0.13244422667456593,0.0,0.038161412065545075,0.14723432887843094
112.0,Ferjani Sassi,8,0.457090029275693,1.4894036176858332,20,6,4,8,12,0,0.09142548095302691,0.3656645483226661,0.0,0.02285450146378465,0.07447018088429166
1015.0,Denis Cheryshev,41,0.45522186962411,1.3653433358322862,16,9,3,5,11,0,0.17295848715520884,0.2822633824689012,0.0,0.028451366851506874,0.08533395848951789
977.0,Mats Hummels,26,0.4540504323565521,1.1142616319478182,17,4,4,10,7,0,0.11431712213708006,0.3397333102194721,0.0,0.026708848962150124,0.06554480187928342
1537.0,Josip Brekalo,22,0.4498575473160537,0.9506081485804528,2,0,0,2,0,0,0.4498575473160537,0.0,0.0,0.22492877365802685,0.4753040742902264
931.0,Sergio Leonel Agüero del Castillo,4,0.4498321682901922,0.8103530583008649,11,5,1,4,7,0,0.09906763391893336,0.3507645343712588,0.0,0.04089383348092656,0.07366845984553318
777.0,Abdiel Arroyo Molinar,36,0.4489204729361185,0.3647129130687824,2,2,0,2,0,0,0.4489204729361185,0.0,0.0,0.22446023646805924,0.1823564565343912
1137.0,Francisco Fernandes Conceição,15,0.44841310160392583,1.25786861474311,15,6,5,6,9,0,0.18507590712091138,0.26333719448301446,0.0,0.029894206773595056,0.08385790764954067
1281.0,Ivan Schranz,49,0.4459214450900675,0.6166065959581607,11,5,2,7,4,0,0.294086844693202,0.15183460039686547,0.0,0.040538313190006135,0.05605514508710552
320.0,Akram Hassan Afif,20,0.4444900410518458,1.0529751491071584,13,4,4,7,6,0,0.36557819082051185,0.07891185023133389,0.0,0.03419154161937275,0.08099808839285834
242.0,Ibrahima Konaté,16,0.44417281797941904,0.7892166494659928,5,1,2,4,1,0,0.26640009368980594,0.1777727242896131,0.0,0.0888345635958838,0.15784332989319855
1158.0,Jonas Older Wind,6,0.44296048093137247,0.6584955988488889,12,6,3,6,6,0,0.2740583637049612,0.1689021172264113,0.0,0.036913373410947706,0.054874633237407405
388.0,Marcos Llorente Moreno,23,0.4428432513184457,0.9348814027119111,17,3,7,10,7,0,0.27817156443189583,0.16467168688654982,0.0,0.0260496030187321,0.054993023688935945
368.0,Bruno Petković,22,0.4404931147420806,1.4362161464630094,21,3,6,11,10,0,0.2471418442850879,0.19335127045699269,0.0,0.020975862606765743,0.06839124506966712
518.0,Timothy Castagne,29,0.43671111147068276,0.6290356309924253,8,1,2,5,3,0,0.2728313084363619,0.16387980303432087,0.0,0.054588888933835344,0.07862945387405317
529.0,Mario Götze,26,0.43461809374730187,2.3815313579562103,8,1,2,4,4,0,0.21829613034136042,0.21632196340594145,0.0,0.054327261718412734,0.2976914197445263
153.0,Virgil van Dijk,11,0.4337654496878069,1.9067979613848278,22,2,4,14,8,0,0.31583630251601563,0.11792914717179116,0.0,0.01971661134944577,0.08667263460840126
408.0,Daichi Kamada,24,0.4321559949742843,1.7194959091120205,10,4,0,5,5,0,0.2060376480989678,0.2261183468753165,0.0,0.04321559949742843,0.17194959091120204
409.0,Wataru Endo,24,0.43151679839862456,2.02042004059198,16,7,3,7,9,0,0.17660969000455892,0.2549071083940656,0.0,0.026969799899914035,0.12627625253699876
295.0,Héctor Miguel Herrera López,18,0.4253545802855698,1.4696675421240561,22,7,6,8,14,0,0.18609671896116226,0.23925786132440752,0.0,0.01933429910388954,0.06680307009654801
1536.0,Lukáš Masopust,45,0.4234170640121073,1.0500173009368503,10,2,3,6,4,0,0.2216364213604371,0.20178064265167028,0.0,0.04234170640121073,0.10500173009368503
1171.0,Maximilian Mittelstädt,26,0.42284135120432204,2.015733464227811,19,5,2,11,8,0,0.260901213586563,0.16194013761775902,0.0,0.02225480795812221,0.10609123495935846
379.0,Abdessamad Ezzalzouli,14,0.42283712110667726,0.6070536717670286,7,3,2,2,5,0,0.05039785024032162,0.37243927086635564,0.0,0.06040530301523961,0.08672195310957552
962.0,Alfreð Finnbogason,40,0.4206310101717914,0.8051855094340241,9,2,3,4,5,0,0.20791744845342203,0.2127135617183694,0.0,0.04673677890797682,0.08946505660378046
1139.0,Nicolas Seiwald,43,0.41988570451918894,1.6523811395781745,15,2,5,8,7,0,0.27359422787895676,0.14629147664023226,0.0,0.027992380301279263,0.11015874263854496
453.0,Niklas Süle,26,0.41833732619227915,0.9820726024099646,14,1,1,9,5,0,0.31494750461491355,0.10338982157736565,0.0,0.029881237585162795,0.0701480430292832
653.0,Anis Ben Slimane,8,0.4139540286338082,0.3196159316392357,10,4,0,8,2,0,0.405976427074182,0.007977601559626226,0.0,0.04139540286338082,0.031961593163923566
314.0,Davy Klaassen,11,0.4102402775930779,1.7324545816058445,8,3,2,5,3,0,0.21167189082759744,0.19856838676548053,0.0,0.05128003469913474,0.21655682270073057
247.0,César Jasib Montes Castro,18,0.4049784302093446,1.0681627891682723,3,2,0,3,0,0,0.4049784302093446,0.0,0.0,0.13499281006978153,0.3560542630560908
1020.0,Mário Figueira Fernandes,41,0.4049580239036795,0.8892277448621374,16,4,1,10,6,0,0.34153052773232906,0.06342749617135049,0.0,0.02530987649397997,0.05557673405388359
201.0,Gonçalo Matias Ramos,15,0.4022896872701614,1.2767909832935973,6,4,2,2,3,1,0.1647355817339991,0.219043865894807,0.018510239641355272,0.06704828121169357,0.21279849721559954
1148.0,Romano Schmid,43,0.40205592745672625,0.9916679331235148,8,3,3,6,2,0,0.3233449550988945,0.07871097235783181,0.0,0.05025699093209078,0.12395849164043934
891.0,Diego da Silva Costa,23,0.40196697174275803,1.8532574030143683,15,3,5,9,6,0,0.2701284669554518,0.13183850478730613,0.0,0.02679779811618387,0.12355049353429122
301.0,Fabian Rieder,3,0.4011997323533521,0.465245880545544,7,3,3,6,1,0,0.38003280446109905,0.021166927892253003,0.0,0.0573142474790503,0.066463697220792
481.0,Bryan Mbeumo,27,0.40022374771181257,1.019924629559328,10,2,4,7,3,0,0.32567943378901365,0.07454431392279891,0.0,0.04002237477118126,0.10199246295593281
647.0,Mehdi Torabi,33,0.400172596601209,0.7164536121541717,11,2,2,5,6,0,0.2121188795741324,0.18805371702707666,0.0,0.036379326963746274,0.06513214655947015
303.0,Yann Sommer,3,0.4001688131553155,0.8851995964528329,5,0,1,3,2,0,0.19601902768279195,0.20414978547252352,0.0,0.0800337626310631,0.17703991929056656
1356.0,Stuart Armstrong,52,0.3989157863036057,0.6607539107129886,11,3,4,6,5,0,0.1875969937618518,0.21131879254175395,0.0,0.03626507148214597,0.06006853733754442
1187.0,Illia Zabarnyi,44,0.3976403147015694,2.2880720361068643,19,1,2,11,8,0,0.21829087471285133,0.17934943998871816,0.0,0.020928437615872073,0.12042484400562443
902.0,Antonio Rukavina,2,0.39672711385575127,0.5230627431579195,3,2,1,2,1,0,0.3674413936131978,0.029285720242553496,0.0,0.13224237128525043,0.1743542477193065
194.0,Otávio Edmilson da Silva Monteiro,15,0.3962859200457085,1.0745153996117085,9,3,5,5,4,0,0.30998047818059504,0.08630544186511344,0.0,0.044031768893967614,0.1193905999568565
1510.0,Renato Júnior Luz Sanches,15,0.39618444700131084,1.414587152831419,13,5,3,6,7,0,0.28124414404339504,0.11494030295791581,0.0,0.030475726692408524,0.10881439637164761
1581.0,Dejan Kulusevski,35,0.3955043929136956,1.1806097587100857,11,3,4,5,6,0,0.1863671394411922,0.20913725347250336,0.0,0.03595494481033596,0.10732815988273506
1534.0,Vladimír Darida,45,0.394679070341547,0.8130925435897234,12,4,1,8,4,0,0.3347108842052283,0.05996818613631863,0.0,0.03288992252846225,0.06775771196581028
262.0,Saud Abdullah Abdul Hamid,17,0.3941780274749068,1.034607605272119,16,3,5,8,8,0,0.20900094702972238,0.1851770804451844,0.0,0.024636126717181676,0.06466297532950743
274.0,Hattan Babhir,17,0.3927127226219161,0.5936828629141049,6,4,1,2,4,0,0.36774664865024426,0.024966073971671845,0.0,0.06545212043698602,0.09894714381901748
1154.0,Michael Gregoritsch,43,0.39270067848230183,0.9576800929809028,8,1,3,5,3,0,0.2606902360482924,0.13201044243400945,0.0,0.04908758481028773,0.11971001162261286
1272.0,David Strelec,49,0.39187149869353544,1.0128681191268596,8,2,3,4,4,0,0.20016066266370564,0.19171083602982983,0.0,0.04898393733669193,0.12660851489085745
1035.0,Keisuke Honda,24,0.39174437992607947,0.9417456092953834,6,3,0,4,2,0,0.38733528553501356,0.004409094391065938,0.0,0.06529072998767992,0.15695760154923058
678.0,Simon Thorup Kjær,6,0.3912986014713804,1.006478362115664,10,3,3,6,4,0,0.1577179218536149,0.23358067961776552,0.0,0.03912986014713804,0.10064783621156641
1421.0,Jakub Moder,19,0.39097622130212717,1.2585710760414675,12,3,0,6,6,0,0.2724932148924138,0.11848300640971335,0.0,0.032581351775177264,0.10488092300345563
447.0,Nuno Mendes,15,0.38996331419371427,0.7461650202903193,22,2,5,11,11,0,0.24719268323673182,0.1427706309569825,0.0,0.017725605190623377,0.03391659183137815
38.0,Nicolás Hernán Otamendi,4,0.38848441754152124,0.6021880836691744,8,3,0,6,2,0,0.3405604149540612,0.047924002587460095,0.0,0.048560552192690155,0.0752735104586468
957.0,Aron Einar Gunnarsson,40,0.38808428647114324,0.714271445728054,11,3,1,7,4,0,0.37484647793933623,0.013237808531807008,0.0,0.03528038967919484,0.06493376779345945
1269.0,Alejandro Grimaldo García,23,0.38664463279344236,0.8096979539091547,15,7,7,9,6,0,0.2950750344577057,0.0915695983357367,0.0,0.025776308852896158,0.05397986359394365
158.0,Teun Koopmeiners,11,0.38486653617795646,1.3498732744592823,4,2,2,3,1,0,0.3268071054205432,0.05805943075741329,0.0,0.09621663404448912,0.3374683186148206
382.0,Pablo Martín Páez Gavira,23,0.38451055735533407,1.5246908707079794,11,2,2,7,4,0,0.25009729648849655,0.1344132608668376,0.0,0.03495550521412128,0.13860826097345266
1127.0,Ferdi Erenay Kadıoğlu,42,0.38287595762666493,1.744123073434105,27,3,10,15,12,0,0.24084759822996804,0.14202835939669686,0.0,0.014180591023209812,0.06459715086792982
456.0,Leon Goretzka,26,0.3819179736659572,1.4371548356548816,14,4,2,7,7,0,0.16044024199977697,0.22147773166618023,0.0,0.027279855261854086,0.10265391683249155
500.0,Celso Borges Mora,28,0.38187504605563843,0.6557996703669444,10,3,2,6,4,0,0.25228106706564923,0.12959397898998926,0.0,0.038187504605563846,0.06557996703669444
854.0,Víctor Yoshimar Yotún Flores,38,0.3791729039874754,1.107260372766314,13,5,0,7,6,0,0.33108345389080135,0.048089450096674036,0.0,0.02916714646057503,0.085173874828178
1160.0,Morten Hjulmand,6,0.37721643699510155,1.3054477663648791,15,6,3,8,7,0,0.2052298760974196,0.17198656089768197,0.0,0.025147762466340103,0.08702985109099194
524.0,Leandro Trossard,29,0.3761525678314146,1.98959952361301,29,5,6,15,14,0,0.1872696788610669,0.1888828889703477,0.0,0.012970778201083262,0.06860688012458654
1259.0,Otar Kakabadze,48,0.37416186145357366,0.7469532942260083,13,2,2,9,4,0,0.24467704938026283,0.12948481207331078,0.0,0.028781681650274896,0.05745794570969295
532.0,Ben Davies,30,0.3732170700101407,1.012785694321922,15,1,2,9,6,0,0.17508486053021236,0.19813220947992832,0.0,0.024881138000676047,0.06751904628812813
167.0,Young-Gwon Kim,13,0.3725416378855787,1.83446136890032,11,1,3,7,4,0,0.21919420929240174,0.15334742859317702,0.0,0.0338674216259617,0.16676921535457453
1258.0,Georges Mikautadze,48,0.37102471525908565,1.5190823355163754,16,2,4,7,9,0,0.20924747084110903,0.16177724441797658,0.0,0.023189044703692853,0.09494264596977346
264.0,Jesús Daniel Gallardo Vasconcelos,18,0.37008758003130954,0.8859023502479465,13,2,2,8,5,0,0.26999987443622225,0.1000877055950873,0.0,0.02846827538702381,0.06814633463445742
952.0,Kelechi Promise Iheanacho,39,0.36911469195793567,1.5008196878724283,12,5,3,5,7,0,0.215076495651441,0.15403819630649462,0.0,0.030759557663161307,0.12506830732270235
302.0,Éder Gabriel Militão,7,0.36858779901680505,1.2169576472571306,13,3,0,7,6,0,0.19500576132221345,0.17358203769459166,0.0,0.02835290761667731,0.09361212671208698
745.0,Younès Belhanda,14,0.3684320607353378,0.790877002715241,16,6,3,7,8,1,0.09893794690459665,0.25037663267852084,0.019117481152220336,0.023027003795958612,0.04942981266970256
437.0,Weston McKennie,25,0.3667234701510263,1.3237041587676155,20,2,4,10,10,0,0.24189639014611033,0.12482708000491594,0.0,0.018336173507551314,0.06618520793838077
1325.0,Lorenzo Pellegrini,51,0.36556851987112987,1.3950367689058414,11,4,4,7,4,0,0.2963046094581198,0.06926391041301004,0.0,0.03323350180646635,0.12682152444598557
342.0,John Stones,21,0.3644864098790343,1.6788326640141769,19,0,2,12,7,0,0.27251077397436807,0.09197563590466616,0.0,0.019183495256791278,0.088359613895483
942.0,Pione Sisto Ifolo Emirmija,6,0.36221147292225564,0.7584482262388513,10,5,1,4,6,0,0.17141517965522274,0.19079629326703298,0.0,0.036221147292225565,0.07584482262388513
431.0,Sergino Dest,25,0.3607029219069714,1.3637335615540722,11,7,1,4,7,0,0.23721302049135135,0.12348990141562,0.0,0.03279117471881558,0.12397577832309747
1062.0,Rafał Kurzawa,19,0.35994437692101705,0.6295331053669253,6,3,0,4,2,0,0.31589822334335155,0.04404615357766554,0.0,0.059990729486836175,0.10492218422782089
1264.0,Giorgi Chakvetadze,48,0.3593872204120162,1.1048007387196572,14,4,5,9,5,0,0.20406090349722894,0.15532631691478727,0.0,0.025670515743715445,0.07891433847997552
632.0,Mehdi Taremi,33,0.3591134890626003,1.9611514341164524,15,3,5,9,6,0,0.19365611208126846,0.1654573769813319,0.0,0.023940899270840022,0.13074342894109683
822.0,Javier Hernández Balcázar,18,0.3588437008124001,0.916632079741727,19,3,5,12,7,0,0.18837703052069582,0.17046667029170426,0.0,0.01888651056907369,0.04824379367061721
1606.0,Jere Juhani Uronen,55,0.35704720306362936,0.8953693715732954,10,3,3,7,3,0,0.2624424327442624,0.09460477031936691,0.0,0.03570472030636294,0.08953693715732955
1478.0,Leonardo Bonucci,51,0.35693488337312085,1.162476736174118,13,2,2,7,6,0,0.2188884627197539,0.13804642065336692,0.0,0.027456529490240064,0.08942128739800907
985.0,Mark Milligan,5,0.35015962283763313,0.11923649955591155,1,1,0,1,0,0,0.35015962283763313,0.0,0.0,0.35015962283763313,0.11923649955591155
124.0,Pervis Josué Estupiñán Tenorio,9,0.34835416858409646,0.9309273993696106,11,6,2,8,3,0,0.29461517590056874,0.05373899268352774,0.0,0.031668560780372404,0.08462976357905551
166.0,Woo-Young Jung,13,0.3481766885308605,0.8093109327819976,16,3,2,8,8,0,0.17035563177485769,0.1778210567560028,0.0,0.02176104303317878,0.05058193329887485
106.0,Yassine Meriah,8,0.34575266434085916,1.8331905798969215,15,0,1,10,5,0,0.26749885130751316,0.07825381303334608,0.0,0.023050177622723943,0.12221270532646143
905.0,Marco Reus,26,0.34503832454088895,1.635403637106275,17,4,2,9,8,0,0.18339975275134074,0.16163857178954819,0.0,0.020296372031816997,0.09620021394742795
57.0,Craig Goodwin,5,0.3445215388505687,0.7088290280311009,9,2,2,7,2,0,0.263455434134137,0.08106610471643162,0.0,0.03828017098339652,0.07875878089234455
294.0,José Andrés Guardado Hernández,18,0.34129964345724473,0.6058067618105251,15,5,1,9,6,0,0.27389206265692645,0.06740758080031826,0.0,0.022753309563816316,0.040387117454035004
806.0,Mohamed Naser Elsayed Elneny,37,0.3399624826600159,0.8326644366532259,9,4,1,5,4,0,0.19408767588753897,0.14587480677247683,0.0,0.03777360918444621,0.09251827073924732
1284.0,Tomáš Suslov,49,0.3397697380832538,0.5066424573016225,11,3,2,6,5,0,0.1794545861477463,0.16031515193550752,0.0,0.030888158007568525,0.04605840520923841
1348.0,Scott McTominay,52,0.3392229958833539,0.3340097204074979,8,3,1,5,3,0,0.29226773990889876,0.04695525597445513,0.0,0.04240287448541924,0.041751215050937235
611.0,Cyle Larin,32,0.3391992893065066,2.021853117404418,8,1,1,4,4,0,0.1726091302545014,0.16659015905200522,0.0,0.04239991116331333,0.25273163967555223
212.0,José Diogo Dalot Teixeira,15,0.3373446784056193,1.1685144026685126,18,5,5,9,9,0,0.14847803273284554,0.1888666456727737,0.0,0.018741371022534408,0.06491746681491736
1041.0,Johann Berg Guðmunds­son,40,0.33633439813274435,0.7186368487733964,9,5,3,4,5,0,0.20870796646990958,0.12762643166283472,0.0,0.03737048868141604,0.0798485387525996
1248.0,Adam Gnezda Čerin,47,0.3355748294819731,0.6966248554251246,12,4,1,7,5,0,0.1738063835571232,0.1617684459248499,0.0,0.02796456912349776,0.058052071285427054
1596.0,Stephen O''Donnell,52,0.335510544494375,0.4519922978417089,9,2,3,7,2,0,0.26925416508911565,0.06625637940525936,0.0,0.03727894938826389,0.05022136642685655
476.0,Pierre Kunde Malong,27,0.33148775942955966,0.32885069597083955,10,6,1,4,6,0,0.13638260820615336,0.19510515122340633,0.0,0.03314877594295597,0.032885069597083955
1279.0,Juraj Kucka,49,0.33094272402318303,0.7102265814356401,15,4,3,9,6,0,0.23144773552528553,0.0994949884978975,0.0,0.022062848268212202,0.04734843876237601
197.0,Rúben Santos Gato Alves Dias,15,0.3308244479578884,2.014997566049903,19,3,1,12,7,0,0.17734484134871867,0.15347960660916976,0.0,0.01741181305041518,0.10605250347631069
1576.0,Maarten Stekelenburg,11,0.32953242021328405,0.264335399412641,1,0,1,1,0,0,0.32953242021328405,0.0,0.0,0.32953242021328405,0.264335399412641
5.0,Djibril Sow,3,0.32951288596911793,0.8780567434924007,8,2,4,5,3,0,0.263422957612672,0.06608992835644595,0.0,0.04118911074613974,0.10975709293655009
232.0,Raphaël Varane,16,0.3284068486115654,0.8595286090674297,20,1,2,12,8,0,0.1932695793637298,0.13513726924783565,0.0,0.01642034243057827,0.04297643045337148
848.0,Łukasz Piszczek,19,0.327792004401416,0.16366510378829582,4,3,1,3,1,0,0.3186079308347258,0.009184073566690147,0.0,0.081948001100354,0.040916275947073956
684.0,Santiago Arias Naranjo,34,0.3247432241230169,1.056901505772451,11,1,1,6,5,0,0.18082727693656925,0.14391594718644762,0.0,0.02952211128391063,0.09608195507022281
417.0,Hee-Chan Hwang,13,0.3225183243613158,0.9967197899418119,16,5,6,5,11,0,0.14188322178146523,0.18063510257985055,0.0,0.020157395272582236,0.06229498687136324
1586.0,Alessandro Schöpf,43,0.32210281761708587,0.40962778641179964,7,3,3,3,4,0,0.1407738575685833,0.18132896004850257,0.0,0.04601468823101227,0.058518255201685666
147.0,Nathan Aké,11,0.3217691013005003,1.7637102955829982,20,3,4,13,7,0,0.22783485392554415,0.0939342473749562,0.0,0.016088455065025015,0.0881855147791499
286.0,Jakub Kamiński,19,0.3203020165943366,1.33886776854106,10,3,0,6,4,0,0.24592990579637997,0.07437211079795672,0.0,0.03203020165943366,0.133886776854106
221.0,Vitor Machado Ferreira,15,0.31943904639130927,1.3307529719789821,17,7,1,9,8,0,0.172826007027027,0.14661303936428224,0.0,0.018790532140665252,0.07827958658699895
543.0,Kieffer Roberto Francisco Moore,30,0.317854180917924,0.9168316641580283,15,6,2,9,6,0,0.2113577431053088,0.10649643781261518,0.0,0.0211902787278616,0.06112211094386855
1364.0,Federico Dimarco,51,0.3176873635294309,0.20588290401297124,7,4,2,4,3,0,0.2946766807463786,0.023010682783052235,0.0,0.045383909075632986,0.029411843430424463
1318.0,Giovanni Di Lorenzo,51,0.3170735192995763,0.7278348587013609,18,2,2,11,7,0,0.24556573683874985,0.07150778246082645,0.0,0.017615195516643128,0.04043526992785338
1280.0,Peter Pekarík,49,0.3169366028423264,0.8937085025016389,18,4,6,10,8,0,0.19355502567007754,0.12338157717224889,0.0,0.01760758904679591,0.04965047236120216
1009.0,Aleksey Miranchuk,41,0.3157630707414502,0.5730862671399278,11,2,4,5,6,0,0.14247428061952094,0.17328879012192924,0.0,0.0287057337037682,0.052098751558175255
1467.0,Kevin Mbabu,3,0.3155275836433779,1.3274645288172144,8,3,3,5,3,0,0.211084780407822,0.10444280323555591,0.0,0.03944094795542224,0.1659330661021518
981.0,Tom Rogić,5,0.3154251191065097,0.8563399328734123,9,4,2,2,7,0,0.03571936001878842,0.2797057590877213,0.0,0.03504723545627886,0.09514888143037914
780.0,Stephan Lichtsteiner,3,0.31502492367410845,1.508204042963123,9,2,3,5,4,0,0.16644360601936795,0.14858131765474056,0.0,0.03500276929712316,0.16757822699590255
577.0,Abdul Rahman Baba,31,0.3129497909011236,0.7692132011953082,8,0,2,3,5,0,0.14636534636113738,0.16658444453998628,0.0,0.03911872386264045,0.09615165014941353
238.0,Marcus Thuram,16,0.3100208100991194,2.7354720003189765,20,6,6,10,10,0,0.18567115636647147,0.12434965373264796,0.0,0.01550104050495597,0.13677360001594882
800.0,Roberto Firmino Barbosa de Oliveira,7,0.30963835566899217,1.5792253089842863,12,2,2,6,6,0,0.21992496940945092,0.0897133862595412,0.0,0.025803196305749346,0.13160210908202385
179.0,Moon-Hwan Kim,13,0.30818439725080427,1.1323303805678124,12,2,3,7,5,0,0.19761095455672842,0.11057344269407589,0.0,0.025682033104233688,0.09436086504731771
915.0,Julian Brandt,26,0.3077512561452006,0.7876391345660406,11,3,0,5,6,0,0.1312167425845302,0.17653451356067038,0.0,0.027977386922290962,0.07160355768782188
373.0,Borna Sosa,22,0.3076427000091203,0.4907157827268894,7,4,1,3,4,0,0.21088246264512342,0.09676023736399691,0.0,0.04394895714416004,0.07010225467526991
1112.0,Mikel Merino Zazón,23,0.3068253461704682,0.9538422016737521,17,1,3,9,8,0,0.20526553460306432,0.1015598115674039,0.0,0.018048549774733424,0.05610836480433836
536.0,Chris Mepham,30,0.30652717871059143,0.6999426178200662,9,1,2,5,4,0,0.27466125058256535,0.03186592812802605,0.0,0.034058575412287934,0.07777140198000736
173.0,Darwin Gabriel Núñez Ribeiro,12,0.30578838464078034,0.8399283266745814,9,2,2,5,4,0,0.18284571448358355,0.12294267015719676,0.0,0.033976487182308925,0.09332536963050904
896.0,José Ignacio Fernández Iglesias,23,0.30427567594618166,0.8964227481745102,14,3,4,8,6,0,0.18038725751485624,0.12388841843132539,0.0,0.02173397685329869,0.0640301962981793
615.0,Stephen Antunes Eustáquio,32,0.30403378809722137,0.5875270140844322,12,4,3,5,7,0,0.09244373068573004,0.2115900574114913,0.0,0.025336149008101782,0.04896058450703602
1157.0,Rasmus Winther Højlund,6,0.3038145484411515,1.0155876777213715,11,5,2,4,7,0,0.10397887770817563,0.1998356707329759,0.0,0.027619504403741047,0.09232615252012467
381.0,Ante Budimir,22,0.30331899293709025,0.8450812756943169,4,2,2,2,2,0,0.11466540703639197,0.18865358590069828,0.0,0.07582974823427256,0.21127031892357923
104.0,Aïssa Bilal Laïdouni,8,0.30327792962573535,0.888603474879058,11,2,3,7,4,0,0.1861891392287072,0.1170887903970281,0.0,0.02757072087506685,0.08078213407991436
893.0,Gerard Piqué Bernabéu,23,0.3029265043856272,0.7799934746901471,10,2,3,5,5,0,0.2019636046122699,0.10096289977335728,0.0,0.030292650438562718,0.07799934746901471
634.0,Ehsan Hajsafi,33,0.3025931053813086,0.5641123717919891,6,2,2,3,3,0,0.13138966543192204,0.17120343994938658,0.0,0.050432184230218106,0.09401872863199819
68.0,Andreas Christensen,6,0.3025506059336032,1.1839181211723198,14,0,1,10,4,0,0.1876245682700442,0.11492603766355909,0.0,0.021610757566685946,0.08456558008373713
14.0,Saša Lukić,2,0.3022075782571232,1.0297342031183692,11,0,1,7,4,0,0.17913901074346045,0.12306856751366271,0.0,0.027473416205193016,0.0936122002834881
472.0,Ngoran Suiru Fai Collins,27,0.3017256657513666,1.145438955050696,5,2,1,3,2,0,0.1631058217640725,0.1386198439872941,0.0,0.060345133150273324,0.2290877910101392
743.0,Mbark Boussoufa,14,0.29961294487782597,0.44308289420905855,8,2,5,6,2,0,0.2422448099143206,0.057368134963505374,0.0,0.037451618109728246,0.05538536177613232
1286.0,László Bénes,49,0.29946213454149484,0.45833944545003436,4,3,1,4,0,0,0.29946213454149484,0.0,0.0,0.07486553363537371,0.11458486136250859
1156.0,Jannik Vestergaard,6,0.2984736041371354,1.0297565718586803,10,1,2,7,3,0,0.17698320124769323,0.12149040288944216,0.0,0.029847360413713542,0.10297565718586803
1198.0,Tomáš Holeš,45,0.2984216587007049,0.6677585216858719,10,4,3,5,5,0,0.15246238181076324,0.14595927688994176,0.0,0.02984216587007049,0.0667758521685872
434.0,Timothy Weah,25,0.29797533269670806,1.2887272999752013,16,3,6,9,7,0,0.15817744755487875,0.13979788514182928,0.0,0.018623458293544254,0.08054545624845008
94.0,Ivan Ilić,2,0.2977755705863597,1.0378465151434328,11,3,3,6,5,0,0.24246272066407804,0.05531284992228162,0.0,0.027070506416941788,0.09434968319485754
183.0,Facundo Pellistri Rebollo,12,0.2966022641801871,0.9230549273817918,10,3,3,5,5,0,0.10431784716857215,0.19228441701161494,0.0,0.029660226418018708,0.09230549273817919
73.0,Kasper Schmeichel,6,0.29658956725455204,0.5772182465794,9,0,2,6,3,0,0.220457201178945,0.076132366075607,0.0,0.03295439636161689,0.06413536073104445
514.0,Jan Vertonghen,29,0.296541351817259,1.7010758222864006,14,1,2,8,6,0,0.1740585710764752,0.12248278074078378,0.0,0.021181525129804212,0.12150541587760004
100.0,Gabriel Teodoro Martinelli Silva,7,0.2948683063775496,1.6347779396855888,14,4,4,5,9,0,0.10655035633456932,0.18831795004298033,0.0,0.021062021884110688,0.11676985283468491
469.0,Nico Schlotterbeck,26,0.2944370423941052,1.3490301280765027,10,0,4,7,3,0,0.22087309490159318,0.07356394749251194,0.0,0.029443704239410517,0.13490301280765027
1605.0,Teemu Pukki,55,0.2940977814023087,1.2014019503168831,15,5,3,6,9,0,0.14306876310930788,0.15102901829300086,0.0,0.019606518760153912,0.08009346335445887
265.0,Ernesto Alexis Vega Rojas,18,0.2928024965978941,0.7327521190855357,9,5,0,5,4,0,0.17511934280520486,0.11768315379268922,0.0,0.03253361073309934,0.08141690212061509
1202.0,Lukáš Provod,45,0.29244080783644066,0.8648438474483099,10,4,1,5,5,0,0.16908578228897675,0.12335502554746396,0.0,0.029244080783644065,0.08648438474483099
76.0,Alexander Hartmann Bah,6,0.2891375804237485,0.7663276500890357,11,1,5,9,2,0,0.2692553666341654,0.019882213789583117,0.0,0.026285234583977135,0.06966615000809416
746.0,Medhi Amine El Mouttaqi Benatia,14,0.2886256804994287,0.8123879569129995,8,2,1,4,4,0,0.06240984075598293,0.22621583974344578,0.0,0.03607821006242859,0.10154849461412493
757.0,Ivan Strinić,22,0.28695106937392,0.7795024990276739,14,1,3,8,6,0,0.17640154859076224,0.11054952078315772,0.0,0.02049650495528,0.05567874993054813
1101.0,Cole Palmer,21,0.28598377675257486,0.550578274840788,9,3,1,6,3,0,0.24943235113737916,0.03655142561519569,0.0,0.03177597519473054,0.06117536387119867
58.0,Nicolás Alejandro Tagliafico,4,0.28563220686669133,1.1832231978574992,16,3,4,11,5,0,0.17933023433265266,0.10630197253403864,0.0,0.017852012929168208,0.0739514498660937
1116.0,Bradley Barcola,16,0.28432598552491894,0.9597177385753517,11,3,4,4,7,0,0.046002668042979936,0.23832331748193902,0.0,0.02584781686590172,0.08724706714321379
405.0,Yuto Nagatomo,24,0.2832780519603154,1.3364838727622734,11,3,3,6,5,0,0.16476750528269873,0.11851054667761664,0.0,0.02575255017821049,0.1214985338874794
724.0,Albin Ekdal,35,0.28206291359280833,0.8653468716908299,10,2,2,5,5,0,0.18084200602515113,0.10122090756765725,0.0,0.028206291359280832,0.086534687169083
726.0,Gustav Svensson,35,0.2802378343915385,0.49142826144306095,6,0,4,4,2,0,0.20300199269656877,0.07723584169496976,0.0,0.04670630573192308,0.08190471024051016
607.0,Alistair Johnston,32,0.2800185249759017,1.0605044118519342,16,3,5,9,7,0,0.1865616310449989,0.09345689393090278,0.0,0.017501157810993855,0.06628152574074589
154.0,Jurriën David Norman Timber,11,0.27968781071895277,1.8744714731227523,8,0,0,5,3,0,0.17318237720327373,0.10650543351567904,0.0,0.034960976339869096,0.23430893414034404
798.0,Douglas Costa de Souza,7,0.2794016310623702,1.3391154264507068,21,6,4,8,13,0,0.12929494777428918,0.15010668328808097,0.0,0.013304839574398581,0.06376740125955746
198.0,Yassine Bounou,14,0.2788816021167406,0.3780125358567702,3,0,0,2,1,0,0.146776981207841,0.13210462090889963,0.0,0.09296053403891354,0.1260041786189234
1484.0,Matteo Pessina,51,0.27887767408604286,0.4994593572384687,5,1,2,3,2,0,0.06298128102724967,0.2158963930587932,0.0,0.05577553481720857,0.09989187144769374
655.0,Ali Maâloul,8,0.27832953981809005,0.9219626644813496,13,3,3,8,5,0,0.20125704769547464,0.07707249212261538,0.0,0.021409964601391544,0.07092020496010382
613.0,Richie Laryea,32,0.2770666772495375,0.28646378433433695,7,4,2,3,4,0,0.15758139666301924,0.1194852805865182,0.0,0.03958095389279107,0.04092339776204813
406.0,Hidemasa Morita,24,0.2770242422626094,0.3249299806630932,6,2,2,4,2,0,0.14752417099009313,0.12950007127251625,0.0,0.04617070704376824,0.0541549967771822
1321.0,Gianluca Scamacca,51,0.2769538349845483,0.4926614999184881,10,5,4,4,6,0,0.12588175771866442,0.15107207726588387,0.0,0.02769538349845483,0.049266149991848814
963.0,Victor Moses,39,0.27620557180021127,0.9085673104441484,14,6,3,4,10,0,0.06746654626452941,0.20873902553568185,0.0,0.019728969414300804,0.06489766503172488
50.0,Riley McGree,5,0.27563139295697603,0.7127587998886273,9,6,1,5,4,0,0.18750830444974756,0.08812308850722847,0.0,0.030625710328552894,0.07919542220984749
1218.0,Orkun Kökçü,42,0.2753257037342008,1.1285236535452907,16,3,2,9,7,0,0.20322279138090343,0.07210291235329737,0.0,0.01720785648338755,0.07053272834658067
851.0,Maciej Rybus,19,0.2732220685266096,0.8912182783909776,13,3,3,7,6,0,0.10059485683678701,0.17262721168982254,0.0,0.021017082194354584,0.06855525218392135
1334.0,John McGinn,52,0.2719489736802644,1.0133721494060877,12,3,4,7,5,0,0.19311331622703132,0.07883565745323302,0.0,0.022662414473355364,0.08444767911717398
748.0,Nabil Dirar,14,0.27184392058494017,0.6211523700789477,7,3,2,3,3,1,0.16279380444008995,0.08171795785701287,0.027332158287837367,0.03883484579784859,0.08873605286842111
1021.0,Daler Kuzyaev,41,0.27128424940122337,0.7646830022453931,14,5,2,7,7,0,0.11372439915194278,0.15755985024928063,0.0,0.019377446385801668,0.054620214446099505
1209.0,Patrik Schick,45,0.2701569441223326,0.9241172299955569,15,6,3,5,10,0,0.04399872955171237,0.22615821457062016,0.0,0.01801046294148884,0.06160781533303713
1599.0,Ryan Fraser,52,0.2700179757214709,0.8123799010810636,7,4,1,2,5,0,0.11523524849793855,0.1547827272235323,0.0,0.0385739965316387,0.11605427158300909
1339.0,Bendegúz Bolla,53,0.26860225877840355,1.2802724858471424,9,2,2,5,4,0,0.2140097008875404,0.054592557890863126,0.0,0.029844695419822615,0.14225249842746027
170.0,Matías Vecino Falero,12,0.2682045937812417,0.7575728043858727,15,3,2,8,7,0,0.09982755420776623,0.16837703957347544,0.0,0.017880306252082777,0.05050485362572485
108.0,Ellyes Joris Skhiri,8,0.2667873224372384,1.4114867686048453,21,2,7,12,9,0,0.14610961709316736,0.12067770534407103,0.0,0.012704158211297067,0.06721365564784978
1085.0,Thomas Lemar,16,0.265357864294932,0.5908962443677761,10,3,2,6,4,0,0.18874033632402196,0.07661752797091002,0.0,0.026535786429493204,0.05908962443677761
1496.0,Marek Hamšík,49,0.2648632904462404,1.1820557924834991,13,4,2,7,6,0,0.20554546640230725,0.05931782404393313,0.0,0.020374099265095418,0.09092736865257686
1229.0,Nicolae Claudiu Stanciu,46,0.26297722129351647,0.34640906969484614,12,4,3,6,6,0,0.13505047563910436,0.12792674565441214,0.0,0.021914768441126373,0.02886742247457051
318.0,Hassan Khalid Al Heidos,20,0.2629766052816007,0.9699397616792373,4,3,1,2,2,0,0.16558695523891867,0.09738965004268202,0.0,0.06574415132040018,0.24248494041980934
480.0,Karl Brillant Toko Ekambi,27,0.2626164179745163,0.4443475220286963,8,3,1,4,4,0,0.23900564851535872,0.02361076945915759,0.0,0.032827052246814536,0.05554344025358704
223.0,Ricardo Jorge Luz Horta,15,0.26231394847776995,0.43192664189062535,8,3,2,3,5,0,0.03577140158417604,0.22654254689359388,0.0,0.032789243559721244,0.05399083023632817
1548.0,Ezgjan Alioski,54,0.26087977547748903,0.6492423188322721,12,3,3,8,4,0,0.21821005854633674,0.04266971693115231,0.0,0.021739981289790752,0.05410352656935601
1527.0,Mateusz Andrzej Klich,19,0.25958709533758123,0.9013983405850419,7,2,1,5,2,0,0.17932570375549928,0.08026139158208193,0.0,0.03708387076251161,0.12877119151214883
580.0,Danilo Luís Hélio Pereira,15,0.2594030224153485,0.6202817597217793,8,2,1,5,3,0,0.09178075400841972,0.1676222684069288,0.0,0.032425377801918565,0.07753521996522242
715.0,Blerim Džemaili,3,0.2590554186725517,0.782079410159001,17,1,3,9,8,0,0.13336295879009064,0.12569245988246108,0.0,0.015238554039561866,0.04600467118582358
354.0,Marko Livaja,22,0.2578428298648934,1.369001979260707,9,4,3,3,6,0,0.04648117891233783,0.21136165095255555,0.0,0.028649203318321485,0.15211133102896746
1247.0,Žan Karničnik,47,0.25752913602501254,1.1851064306724544,7,1,0,3,4,0,0.08589740324173326,0.1716317327832793,0.0,0.03678987657500179,0.16930091866749347
856.0,Édison Michael Flores Peralta,38,0.256262438049793,0.7825223284502804,10,2,3,6,4,0,0.13042728399721537,0.12583515405257759,0.0,0.0256262438049793,0.07825223284502804
31.0,Christian Fassnacht,3,0.25562420964255056,1.3163019908823461,3,1,0,1,2,0,0.0642255623800768,0.1913986472624738,0.0,0.08520806988085018,0.43876733029411535
796.0,Cristian Gamboa Luna,28,0.25543625531269254,0.5863450952627698,10,4,3,4,6,0,0.11039634290022053,0.145039912412472,0.0,0.025543625531269255,0.05863450952627698
753.0,Fayçal Fajr,14,0.25361598228536114,0.38958876687994504,2,2,0,2,0,0,0.25361598228536114,0.0,0.0,0.12680799114268057,0.19479438343997252
241.0,Youssouf Fofana,16,0.2533986074407775,0.621438450055768,13,3,2,6,7,0,0.112280876204835,0.1411177312359425,0.0,0.019492200572367502,0.047802957696597544
1485.0,Francesco Acerbi,51,0.251727027308406,0.9260126816832913,16,0,1,11,5,0,0.16459430362029684,0.08713272368810922,0.0,0.015732939206775376,0.05787579260520571
1514.0,Lucas Digne,16,0.25152082233540507,0.32526793673534765,3,1,0,2,1,0,0.2124572051501779,0.039063617185227176,0.0,0.08384027411180169,0.10842264557844922
1313.0,Alessandro Bastoni,51,0.2513345438691396,0.6565421647597963,12,1,4,7,5,0,0.14182787973943303,0.1095066641297066,0.0,0.0209445453224283,0.05471184706331636
1542.0,Aleksandar Dragović,43,0.2505002138405779,1.2836981981156297,11,0,1,8,3,0,0.19232276480728977,0.058177449033288114,0.0,0.02277274671277981,0.11669983619232997
675.0,Trent Alexander-Arnold,21,0.249599417474485,0.8373645106935553,12,7,1,7,5,0,0.2003940801943038,0.04920533728018123,0.0,0.020799951456207083,0.0697803758911296
234.0,Hugo Lloris,16,0.24958174836543545,0.9962944390659618,3,0,0,2,1,0,0.14288065631424002,0.10670109205119545,0.0,0.08319391612181182,0.3320981463553206
103.0,Issam Jebali,8,0.24897616557653324,0.43282076439296246,6,3,1,3,3,0,0.07149637643660874,0.1774797891399245,0.0,0.04149602759608887,0.07213679406549374
1642.0,Pavel Kadeřábek,45,0.24881931057931475,0.14665299310208146,4,1,0,3,1,0,0.01810098893955356,0.2307183216397612,0.0,0.06220482764482869,0.036663248275520366
277.0,Matty Cash,19,0.24794048639361552,1.8086386733854574,12,1,2,8,4,0,0.1778548459212036,0.07008564047241189,0.0,0.02066170719946796,0.1507198894487881
1204.0,David Jurásek,45,0.24628683076555918,0.7704147912220631,13,4,4,7,6,0,0.1537132768065112,0.092573553959048,0.0,0.018945140828119936,0.05926267624785101
132.0,Moisés Isaac Caicedo Corozo,9,0.24579773128146984,1.017607581377654,10,2,2,5,5,0,0.10901866487080084,0.136779066410669,0.0,0.024579773128146985,0.10176075813776539
33.0,Jackson Irvine,5,0.2457189612802247,0.5889730941002311,9,2,3,5,4,0,0.13774579362185144,0.10797316765837327,0.0,0.027302106808913856,0.06544145490002568
583.0,João Mário Naval da Costa Eduardo,15,0.2449152667395412,0.9071146094477063,18,2,3,11,7,0,0.19262164724924527,0.0522936194902959,0.0,0.013606403707752289,0.05039525608042813
182.0,José Martín Cáceres Silva,12,0.2437506300279811,1.3273145595371805,7,1,2,4,3,0,0.15244532277450729,0.09130530725347383,0.0,0.034821518575425876,0.18961636564816864
1206.0,Adam Hložek,45,0.2434239877894868,0.665052213196394,7,4,1,2,5,0,0.07799468202014105,0.16542930576934575,0.0,0.03477485539849811,0.09500745902805628
181.0,Jin-Su Kim,13,0.24278489736354036,1.3337161600991876,11,5,4,6,5,0,0.13467855814062668,0.10810633922291368,0.0,0.022071354305776395,0.12124692364538069
909.0,Jérôme Boateng,26,0.24237091104808897,0.8445267606280965,18,4,3,9,9,0,0.1552926696855694,0.08707824136251957,0.0,0.01346505061378272,0.046918153368227584
184.0,Jae-Sung Lee,13,0.24223595430210448,1.152450157415654,20,3,5,10,10,0,0.1005522716425146,0.14168368265958992,0.0,0.012111797715105224,0.0576225078707827
1329.0,András Schäfer,53,0.24218179711830143,1.1032307142687754,15,3,3,7,8,0,0.19265111541334115,0.0495306817049603,0.0,0.016145453141220095,0.07354871428458502
293.0,Christian Nørgaard,6,0.2415661489224202,0.851557662928946,12,1,2,8,4,0,0.16999832016231498,0.0715678287601052,0.0,0.020130512410201685,0.07096313857741217
1124.0,Abdülkerim Bardakcı,42,0.24078169211264516,0.724940590267716,10,1,1,7,3,0,0.18336298980719956,0.0574187023054456,0.0,0.024078169211264516,0.0724940590267716
426.0,Jan Bednarek,19,0.24034649805754835,1.231929444996669,13,0,0,9,4,0,0.17893347244452953,0.06141302561301882,0.0,0.01848819215827295,0.09476380346128223
1170.0,Robert Andrich,26,0.24007561018538645,0.8309807718919043,18,3,5,10,8,0,0.14375066421001534,0.09632494597537111,0.0,0.013337533899188136,0.04616559843843913
131.0,Pape Gueye,10,0.23896087149384568,0.43966681350536685,9,4,2,3,6,0,0.0819934464955114,0.1569674249983343,0.0,0.026551207943760632,0.04885186816726298
900.0,Iago Aspas Juncal,23,0.23874220262337748,0.3853640961942175,6,4,1,3,3,0,0.0988559829639436,0.1398862196594339,0.0,0.039790367103896246,0.06422734936570292
861.0,José Paolo Guerrero Gonzáles,38,0.2380810785505695,1.1670862944696794,7,4,1,3,4,0,0.08537623617077858,0.15270484237979093,0.0,0.034011582650081355,0.16672661349566847
1022.0,Fyodor Smolov,41,0.23800022018055192,0.9515871892228666,10,2,4,5,5,0,0.11610645575145881,0.12189376442909311,0.0,0.023800022018055193,0.09515871892228665
866.0,Blaise Matuidi,16,0.23761464802845356,1.6140459217551817,10,1,4,6,4,0,0.13882300388043384,0.09879164414801975,0.0,0.023761464802845356,0.16140459217551817
47.0,Aziz Eraltay Behich,5,0.23711625600521197,1.1217344428089429,13,2,3,6,7,0,0.11257576668395336,0.12454048932125861,0.0,0.01823971200040092,0.08628726483145714
451.0,João Maria Lobo Alves Palhinha Gonçalves,15,0.23634249924294262,0.5964275819858609,15,5,3,6,9,0,0.0741007342249427,0.16224176501799992,0.0,0.015756166616196176,0.03976183879905739
642.0,Saeid Ezatolahi Afagh,33,0.23519039605268538,0.7918609300516901,13,4,2,7,6,0,0.13968356891261963,0.09550682714006573,0.0,0.018091568927129646,0.06091237923474539
739.0,Ricardo Andrade Quaresma Bernardo,15,0.23495788118308886,0.8149876440523651,12,4,2,5,7,0,0.14068258385300886,0.09427529733008001,0.0,0.019579823431924073,0.06791563700436376
1544.0,Eljif Elmas,54,0.23487343081847517,0.49997012879822095,12,3,1,6,6,0,0.11892173846868498,0.11595169234979018,0.0,0.0195727859015396,0.041664177399851746
943.0,John Michael Nchekwube Obinna,39,0.23449880165736664,0.44702414250487454,11,1,3,7,4,0,0.14044706150047176,0.09405174015689492,0.0,0.02131807287794242,0.04063855840953405
663.0,Joe Allen,30,0.23374957087902531,0.9152124950581252,16,2,3,8,8,0,0.10425091918408044,0.12949865169494487,0.0,0.014609348179939082,0.057200780941132824
648.0,Karim Ansarifard,33,0.23361346082482728,1.2023119953896388,8,3,2,4,4,0,0.17485789689423936,0.058755563930587916,0.0,0.02920168260310341,0.15028899942370486
249.0,Héctor Alfredo Moreno Herrera,18,0.23336603476772602,0.574456413555666,7,0,2,4,3,0,0.13203677805925979,0.10132925670846622,0.0,0.033338004966818005,0.08206520193652371
738.0,Adrien Sebastian Perruchet Silva,15,0.23329659128301355,0.6629795519497452,14,3,4,7,7,0,0.12192618862765388,0.11137040265535972,0.0,0.016664042234500968,0.04735568228212466
1287.0,Norbert Gyömbér,49,0.2331713165773814,0.2763549188332814,6,1,0,4,2,0,0.21957521438858074,0.013596102188800665,0.0,0.03886188609623024,0.04605915313888023
703.0,Adnan Januzaj,29,0.2331214779182746,0.9712976026243538,9,3,1,3,6,0,0.09485021132871961,0.13827126658955496,0.0,0.02590238643536384,0.10792195584715042
1614.0,Daniel O''Shaughnessy,55,0.23297031670777446,0.39441146775114505,5,2,3,4,1,0,0.2199786271983457,0.012991689509428755,0.0,0.046594063341554894,0.07888229355022901
1525.0,Kamil Jóźwiak,19,0.231626144206206,0.5864579012444109,12,1,5,7,5,0,0.1477418749627041,0.08388426924350188,0.0,0.0193021786838505,0.04887149177036757
916.0,Anice Badri,8,0.23138851923345324,0.4967561685524813,10,2,2,5,5,0,0.11451050040297087,0.11687801883048236,0.0,0.023138851923345326,0.04967561685524813
778.0,Branislav Ivanović,2,0.23128646916988466,0.4398834947980746,8,3,2,6,2,0,0.2047640034891045,0.026522465680780132,0.0,0.028910808646235582,0.054985436849759324
1291.0,Qazim Laçi,50,0.23115277745777693,0.5709155880636211,8,1,2,6,2,0,0.20478369161368917,0.026369085844087765,0.0,0.028894097182222116,0.07136444850795264
685.0,Bamidele Alli,21,0.23082883777845045,0.7070213540826042,9,3,3,4,5,0,0.08760604145499512,0.14322279632345533,0.0,0.02564764864205005,0.07855792823140047
414.0,Hiroki Sakai,24,0.23045375911532326,1.23076889365093,13,3,5,8,5,0,0.15191694347914939,0.0785368156361739,0.0,0.01772721223964025,0.09467453028084077
929.0,Enzo Nicolás Pérez,4,0.23039691978907817,0.4648791064795862,4,0,1,2,2,0,0.11604833200510936,0.11434858778396878,0.0,0.05759922994726954,0.11621977661989655
1018.0,Ilya Kutepov,41,0.2302666777763206,0.7530399707432196,6,1,1,5,1,0,0.22506917660095108,0.005197501175369512,0.0,0.038377779629386766,0.1255066617905366
820.0,Lucas Torreira Di Pascua,12,0.22933659177101023,0.2930992842054506,6,4,1,3,3,0,0.20810556807871555,0.021231023692294643,0.0,0.038222765295168375,0.048849880700908434
917.0,Fakhreddine Ben Youssef,8,0.22894528500409578,2.209616341774284,9,3,4,5,4,0,0.1269020727481488,0.102043212255947,0.0,0.025438365000455085,0.24551292686380932
120.0,Ismail Jakobs,10,0.22602395931781238,1.0315681879840266,11,5,4,7,4,0,0.1619649000338846,0.06405905928392773,0.0,0.02054763266525567,0.09377892618036605
707.0,Ruben Loftus-Cheek,21,0.22563394825509164,1.325331172626346,7,2,1,3,4,0,0.12625768772385856,0.09937626053123307,0.0,0.0322334211792988,0.18933302466090657
416.0,Ao Tanaka,24,0.22532868125733926,0.6348174031169749,3,0,1,3,0,0,0.22532868125733926,0.0,0.0,0.07510956041911308,0.21160580103899163
711.0,Vincent Kompany,29,0.22518241324196736,0.9521163156032527,11,0,1,6,5,0,0.1567581762655321,0.06842423697643527,0.0,0.020471128476542488,0.0865560286912048
1469.0,Daniel Wass,6,0.22397285430510444,0.7633788037963342,15,4,4,8,7,0,0.1547769800665187,0.06919587423858571,0.0,0.014931523620340297,0.050891920253088946
300.0,Nico Elvedi,3,0.22371227359736381,0.3291424585703591,4,0,1,2,2,0,0.11246793749056125,0.11124433610680258,0.0,0.055928068399340954,0.08228561464258978
697.0,Jamie Vardy,21,0.219910233718689,0.14164581882631233,3,1,1,1,2,0,0.10949445953434397,0.11041577418434503,0.0,0.07330341123956301,0.04721527294210411
705.0,Thomas Vermaelen,29,0.21975630227498572,0.32524615702276255,4,0,0,3,1,0,0.21465297776758652,0.005103324507399186,0.0,0.05493907556874643,0.08131153925569064
1533.0,Tomáš Kalas,45,0.2172861594023474,0.6009334597436381,3,1,0,2,1,0,0.2026664537566782,0.014619705645669214,0.0,0.07242871980078247,0.20031115324787938
635.0,Seyed Majid Hosseini,33,0.217033172560324,0.33800615726997973,7,0,2,4,3,0,0.11108145521079194,0.10595171734953211,0.0,0.031004738937189143,0.04828659389571139
958.0,Oghenekaro Etebo,39,0.21676343571038326,0.8210326735509063,16,6,5,6,10,0,0.07121313440900158,0.14555030130138166,0.0,0.013547714731898954,0.05131454209693164
129.0,Kalidou Koulibaly,10,0.21552994573595502,0.919439141478568,11,0,1,6,5,0,0.12254090117182907,0.09298904456412592,0.0,0.019593631430541367,0.08358537649805163
1274.0,Denis Vavro,49,0.21481735013184305,0.720260672584864,8,2,0,4,4,0,0.1821985266780615,0.032618823453781545,0.0,0.026852168766480382,0.090032584073108
1655.0,Jakub Świerczok,19,0.2139833156714401,1.0181002787157303,2,0,0,1,1,0,0.1086421922306228,0.10534112344081731,0.0,0.10699165783572005,0.5090501393578651
1105.0,Robin Aime Robert Le Normand,23,0.21378704495633202,0.7076833285729807,8,0,2,6,2,0,0.151167295044414,0.062619749911918,0.0,0.026723380619541503,0.08846041607162258
795.0,João Miranda de Souza Filho,7,0.21363963148014176,0.3527428188755123,4,1,1,2,2,0,0.12564153993155272,0.08799809154858901,0.0,0.05340990787003544,0.08818570471887807
172.0,In-Beom Hwang,13,0.2128277149591345,1.334341745004797,19,5,4,10,9,0,0.09968440699476792,0.1131433079643666,0.0,0.01120145868205971,0.07022851289498931
133.0,Abdou Diallo,10,0.2111588915599133,1.189799396049165,7,1,1,4,3,0,0.1325909973586626,0.07856789420125071,0.0,0.03016555593713047,0.16997134229273786
30.0,Nemanja Radonjić,2,0.21075516228703522,0.5166292968129325,9,3,3,4,5,0,0.1628972964905444,0.04785786579649083,0.0,0.023417240254115027,0.05740325520143694
699.0,Danny Rose,21,0.2107202441521505,0.26646624575461364,7,1,3,4,3,0,0.1915415149297894,0.019178729222361076,0.0,0.030102892021735782,0.03806660653637338
91.0,Danilo Luiz da Silva,7,0.21064137625829318,0.6444184874808565,15,1,1,8,7,0,0.14438903937387032,0.06625233688442284,0.0,0.014042758417219546,0.042961232498723766
1226.0,Denis Mihai Drăguş,46,0.21063667341189757,0.360897268874909,8,4,2,4,4,0,0.016720778263590544,0.193915895148307,0.0,0.026329584176487196,0.04511215860936363
358.0,Lovro Majer,22,0.21054166495004678,0.5890081677361745,14,4,2,8,6,0,0.14341470190965902,0.06712696304038777,0.0,0.01503869035357477,0.04207201198115532
769.0,José Luis Rodríguez Francis,36,0.21040810925269574,0.43171932777168354,8,3,0,4,4,0,0.08160480380204643,0.12880330545064927,0.0,0.026301013656586967,0.05396491597146044
1063.0,Takashi Usami,24,0.20951637871435325,0.7997043887075181,10,4,3,5,5,0,0.11310499778266526,0.096411380931688,0.0,0.020951637871435325,0.07997043887075181
339.0,Jordan Pickford,21,0.20682497144964404,0.8625214720938434,4,0,0,4,0,0,0.20682497144964404,0.0,0.0,0.05170624286241101,0.21563036802346086
986.0,Trent Sainsbury,5,0.20554150855723086,0.24792623410309272,2,1,0,2,0,0,0.20554150855723086,0.0,0.0,0.10277075427861543,0.12396311705154636
860.0,Luis Jan Piers Advíncula Castrillón,38,0.20546682831765886,0.34724235366693296,11,4,1,6,5,0,0.15154554734103792,0.05392128097662094,0.0,0.018678802574332624,0.031567486696993906
948.0,Onyinye Wilfred Ndidi,39,0.20522932126607682,0.4806669727414995,13,1,2,7,6,0,0.12289162979707355,0.08233769146900329,0.0,0.015786870866621294,0.03697438251857688
716.0,Victor Nilsson Lindelöf,35,0.2046755680736867,0.7806070038488195,9,0,1,5,4,0,0.1315110127000056,0.0731645553736811,0.0,0.022741729785965187,0.08673411153875772
546.0,Joseff Morrell,30,0.20428702444331615,0.9268784838063767,10,3,2,6,4,0,0.13757941356346298,0.0667076108798532,0.0,0.020428702444331613,0.09268784838063768
841.0,Diego Sebastián Laxalt Suárez,12,0.2042054701730445,0.622033391679997,9,2,3,5,4,0,0.1320249307803226,0.07218053939272188,0.0,0.02268949668589383,0.06911482129777745
1540.0,Sasa Kalajdzic,43,0.2040975649271973,0.8482616205288818,8,3,2,5,3,0,0.16993912365602368,0.03415844127117363,0.0,0.025512195615899663,0.10603270256611022
1200.0,Merih Demiral,42,0.20337347891559104,0.42679175435076944,4,2,1,3,1,0,0.19136838092376038,0.012005097991830678,0.0,0.05084336972889776,0.10669793858769236
774.0,Michael Amir Murillo Bermudez,36,0.20290735411173813,0.40369320376918083,6,1,1,2,4,0,0.04052809375264222,0.1623792603590959,0.0,0.033817892351956355,0.0672822006281968
1363.0,Riccardo Calafiori,51,0.20252008052383683,0.7496880145529498,11,2,2,7,4,0,0.13235448445942205,0.07016559606441478,0.0,0.01841091641125789,0.06815345586844998
438.0,Yunus Dimoara Musah,25,0.20227233116469145,0.9188205743110184,13,2,3,8,5,0,0.16038799765999717,0.0418843335046943,0.0,0.015559410089591651,0.07067850571623219
645.0,Saman Ghoddos,33,0.20220661744933677,0.3786611269840556,7,2,1,3,4,0,0.08111518331759517,0.12109143413174159,0.0,0.028886659635619538,0.054094446712007936
988.0,Daniel Arzani,5,0.20098880018879434,0.3067104105523803,8,4,3,3,5,0,0.06133236808851189,0.13965643210028245,0.0,0.025123600023599292,0.03833880131904754
1511.0,Rafael Alexandre Fernandes Ferreira da Silva,15,0.20088417920169396,0.4467735856580442,2,1,0,2,0,0,0.20088417920169396,0.0,0.0,0.10044208960084698,0.2233867928290221
1589.0,Loïc Négo,53,0.20024532685952687,0.9217101073077686,7,0,1,4,3,0,0.11378096315530271,0.08646436370422414,0.0,0.028606475265646695,0.13167287247253837
329.0,William Silva de Carvalho,15,0.1988651748250692,0.5952994606725545,16,1,3,8,8,0,0.09042880083680731,0.1084363739882619,0.0,0.012429073426566826,0.037206216292034654
644.0,Ali Karimi,33,0.19873157645928563,0.29767227958503967,2,0,0,1,1,0,0.1002850760607334,0.09844650039855221,0.0,0.09936578822964282,0.14883613979251983
1283.0,Róbert Boženík,49,0.19869205362753498,0.21527053921631664,3,2,1,1,2,0,0.12877161431808185,0.06992043930945313,0.0,0.06623068454251166,0.07175684640543888
419.0,Daniel Alves da Silva,7,0.19837234078776655,0.713381479450441,5,2,1,2,3,0,0.08262902470586084,0.1157433160819057,0.0,0.03967446815755331,0.14267629589008818
928.0,Javier Alejandro Mascherano,4,0.19794789297464674,0.4478762227345367,13,0,2,7,6,0,0.13491281054626353,0.06303508242838324,0.0,0.01522676099804975,0.0344520171334259
1220.0,Kevin Danso,43,0.19635765667867264,0.7057888598968621,4,0,0,2,2,0,0.09837685603980462,0.09798080063886802,0.0,0.04908941416966816,0.17644721497421553
1260.0,Lasha Dvali,48,0.19567569587526903,0.825151412451993,5,0,0,3,2,0,0.09753020042288321,0.09814549545238584,0.0,0.039135139175053804,0.16503028249039858
1300.0,Jasir Asani,50,0.19484878095467084,1.053540442279979,12,7,3,4,8,0,0.0836835831883248,0.11116519776634604,0.0,0.016237398412889237,0.08779503685666491
817.0,Cristian Gabriel Rodríguez Barrotti,12,0.19320381177527235,0.44459658120762185,10,4,1,4,6,0,0.03761041305022302,0.1555933987250493,0.0,0.019320381177527234,0.044459658120762184
892.0,Sergio Ramos García,23,0.1929414872736383,0.5178401034378354,9,2,2,5,4,0,0.1708888807877217,0.022052606485916622,0.0,0.021437943030404256,0.057537789270870596
1517.0,Ozan Tufan,42,0.19271931623498675,0.37337287021082527,6,2,1,2,4,0,0.08031613957667376,0.11240317665831297,0.0,0.03211988603916446,0.062228811701804214
1183.0,Mykola Matvienko,44,0.19217864186494166,1.2681927155601587,15,0,4,11,4,0,0.16371556878684618,0.028463073078095494,0.0,0.012811909457662777,0.08454618103734392
473.0,Martin Hongla Yma II,27,0.1906915521893821,0.7665821260489413,13,3,3,5,8,0,0.06364155913793727,0.12704999305144482,0.0,0.014668580937644778,0.05896785584991856
440.0,Giovanni Reyna,25,0.1904225672160654,1.244933333679757,10,5,3,4,6,0,0.06455888277117883,0.12586368444488658,0.0,0.01904225672160654,0.1244933333679757
789.0,José Paulo Bezzera Maciel Júnior,7,0.19027795922678226,0.7954989404163509,8,3,1,4,4,0,0.10431221528913838,0.08596574393764388,0.0,0.023784744903347782,0.09943736755204387
1038.0,Gonzalo Gerardo Higuaín,4,0.19013956421025055,0.5493288113939763,5,2,1,4,1,0,0.16671648805918005,0.023423076151070494,0.0,0.03802791284205011,0.10986576227879526
204.0,Sofyan Amrabat,14,0.18985389362762933,0.4204391316694138,11,2,1,8,3,0,0.1450686896918262,0.04478520393580315,0.0,0.01725944487523903,0.03822173924267398
933.0,Corentin Tolisso,16,0.1889034308874884,1.0008125130952665,11,4,2,5,6,0,0.09042442225952967,0.09847900862795875,0.0,0.017173039171589854,0.09098295573593332
84.0,Alex Sandro Lobo Silva,7,0.18735363974611935,0.7126652180828295,9,2,2,4,5,0,0.09253833735950821,0.09481530238661112,0.0,0.02081707108290215,0.0791850242314255
1133.0,Jeremie Frimpong,11,0.1872581328360163,0.23453643006082803,3,3,0,1,2,0,0.030341154095386715,0.1569169787406296,0.0,0.06241937761200544,0.078178810020276
1123.0,Samet Akaydin,42,0.18692046116405667,0.8637346741872077,9,0,0,6,3,0,0.12187988090904302,0.06504058025501366,0.0,0.02076894012933963,0.0959705193541342
609.0,Tajon Buchanan,32,0.18641010651034315,1.7329972560581008,10,5,2,5,5,0,0.10489212113115604,0.0815179853791871,0.0,0.018641010651034316,0.17329972560581008
122.0,Angelo Smit Preciado Quiñónez,9,0.18536533774578545,0.7219214444277572,7,3,3,4,3,0,0.12870072077808264,0.05666461696770281,0.0,0.026480762535112206,0.10313163491825103
939.0,Lasse Schöne,6,0.18497703207660493,0.31551169982590777,8,2,1,4,4,0,0.11165768832414431,0.07331934375246062,0.0,0.023122129009575616,0.03943896247823847
779.0,Aleksandar Kolarov,2,0.18489357518816218,0.43521268309787664,7,2,1,4,3,0,0.1530825549042995,0.03181102028386268,0.0,0.02641336788402317,0.062173240442553804
1359.0,Kevin Csoboth,53,0.1836469106664259,1.9512948700001749,5,1,0,2,3,0,0.07257456345405615,0.11107234721236978,0.0,0.03672938213328518,0.39025897400003495
193.0,Guillermo Varela Olivera,12,0.1831973666218215,0.509514718293022,9,5,1,7,2,0,0.15780458308472986,0.025392783537091634,0.0,0.020355262957980166,0.05661274647700244
756.0,Domagoj Vida,22,0.1831775273273302,0.5846437874061141,8,0,1,5,3,0,0.15478174396171693,0.028395783365613252,0.0,0.022897190915916275,0.07308047342576426
693.0,Johan Andrés Mojica Palacio,34,0.18250368908130377,0.5487352417877945,9,4,2,4,5,0,0.09033132799672612,0.09217236108457766,0.0,0.02027818767570042,0.06097058242086606
502.0,Bryan Oviedo,28,0.18249634612123233,0.4888195361425782,10,3,2,4,6,0,0.09385348980769581,0.0886428563135365,0.0,0.018249634612123235,0.048881953614257824
781.0,Nemanja Matić,2,0.18221371336942122,0.33937647786801717,6,2,1,2,4,0,0.024807769468943686,0.15740594390047755,0.0,0.030368952228236868,0.0565627463113362
903.0,Filipe Luís Kasmirski,7,0.18151983147588946,1.219482842498436,11,1,2,7,4,0,0.11957026596945242,0.06194956550643704,0.0,0.016501802861444495,0.11086207659076691
1004.0,Daniel Colindres Solera,28,0.1805790698476994,0.44883892995372054,9,5,1,4,5,0,0.1220086254194517,0.05857044442824769,0.0,0.020064341094188823,0.04987099221708006
1027.0,Genki Haraguchi,24,0.17967524707342816,0.6320834528541671,7,3,1,4,3,0,0.13515922114510573,0.044516025928322434,0.0,0.025667892439061167,0.09029763612202388
1273.0,Milan Škriniar,49,0.1795088539379698,1.0296901223913486,8,3,1,4,4,0,0.11294820006238672,0.06656065387558308,0.0,0.022438606742246226,0.12871126529891858
956.0,Brian Oladapo Idowu,39,0.1769689010520455,0.29451190291901,7,1,1,5,2,0,0.10633808703077158,0.07063081402127391,0.0,0.025281271578863642,0.042073128988430006
1243.0,Andraž Šporar,47,0.1768127312196942,0.5818106808272079,10,4,4,5,5,0,0.07236608520343495,0.10444664601625926,0.0,0.01768127312196942,0.05818106808272079
1294.0,Nedim Bajrami,50,0.17678023968451537,0.7140672404009732,5,3,0,1,4,0,0.012319075827779224,0.16446116385673612,0.0,0.03535604793690307,0.14281344808019464
1303.0,Armando Broja,50,0.17667883302386647,0.3006934113235671,6,1,2,3,3,0,0.019818493122090733,0.15686033990177575,0.0,0.029446472170644413,0.05011556855392785
393.0,Unai Simón Mendibil,23,0.17548819005371352,0.3259187285612589,4,0,0,2,2,0,0.08773548590066724,0.08775270415304631,0.0,0.04387204751342838,0.08147968214031473
681.0,Radamel Falcao García Zárate,34,0.17260659055963792,0.7142513699638894,8,3,0,4,4,0,0.0497485089731529,0.12285808158648504,0.0,0.02157582381995474,0.08928142124548617
1251.0,Jon Gorenc Stankovič,47,0.17242403566415834,0.5260297745012876,6,1,2,3,3,0,0.07584847025407622,0.0965755654100821,0.0,0.028737339277359723,0.08767162908354793
69.0,Joachim Andersen,6,0.17179073844384496,0.9378279806111536,12,2,1,7,5,0,0.1021607435225061,0.06962999492133883,0.0,0.014315894870320414,0.07815233171759613
937.0,Henrik Dalsgaard,6,0.17151785800635122,0.45320341961617616,9,2,1,7,2,0,0.16773909475428372,0.003778763252067499,0.0,0.01905753977848347,0.05035593551290846
1236.0,Valentin Mihai Mihăilă,46,0.171484228099296,0.1311704170917005,5,3,0,1,4,0,0.009111655304286348,0.16237257279500966,0.0,0.0342968456198592,0.026234083418340097
1305.0,Arbër Hoxha,50,0.16991186922618065,0.6539442133612006,11,3,1,5,6,0,0.0817689526239389,0.08814291660224173,0.0,0.015446533566016423,0.059449473941927324
1444.0,Viktor Tsygankov,44,0.1692568098328178,0.25192841328622595,5,3,0,3,2,0,0.137378380075983,0.0318784297568348,0.0,0.03385136196656356,0.05038568265724519
855.0,Samuel Yves Umtiti,16,0.16830177535198737,0.3629348135388201,5,2,1,3,2,0,0.0943615626372794,0.07394021271470796,0.0,0.033660355070397475,0.07258696270776402
638.0,Ali Gholizadeh,33,0.16789122650226093,1.123803129221226,10,3,4,4,6,0,0.05772891429388841,0.11016231220837253,0.0,0.016789122650226092,0.11238031292212261
519.0,Thibaut Courtois,29,0.1677364450590395,1.1467497075682203,6,0,0,4,2,0,0.09687755545862364,0.07085888960041588,0.0,0.027956074176506585,0.19112495126137005
1572.0,Evgeny Makarenko,44,0.1658130899839891,0.4124720285929606,5,1,0,2,3,0,0.08164738761073519,0.08416570237325392,0.0,0.03316261799679782,0.08249440571859212
1211.0,Tomáš Chorý,45,0.1654988142296814,0.8308455656924882,2,1,0,1,1,0,0.018127862723632326,0.1473709515060491,0.0,0.0827494071148407,0.4154227828462441
1055.0,Saîf-Eddine Khaoui,8,0.16452873996314402,2.0584654202665873,6,1,0,3,3,0,0.09283723376734873,0.07169150619579528,0.0,0.027421456660524004,0.34307757004443123
1598.0,Lyndon Dykes,52,0.16370261673090394,0.48607600541389523,5,3,2,3,2,0,0.06018847525906757,0.10351414147183635,0.0,0.032740523346180786,0.09721520108277905
763.0,Milan Badelj,22,0.16344450464553162,0.3208463318375284,8,1,2,4,4,0,0.08745004342440746,0.07599446122112413,0.0,0.020430563080691452,0.04010579147969105
695.0,Carlos Arturo Bacca Ahumada,34,0.161475257162447,0.24411151146082422,4,1,2,2,2,0,0.038778209490919556,0.12269704767152745,0.0,0.04036881429061175,0.061027877865206054
125.0,Iliman Ndiaye,10,0.1608574756360289,2.5277561192825084,7,3,1,2,5,0,0.06590832444560833,0.09494915119042058,0.0,0.022979639376575555,0.36110801704035833
614.0,Atiba Hutchinson,32,0.16026300530632676,0.1830595545609758,3,0,0,2,1,0,0.0932944278301784,0.06696857747614834,0.0,0.05342100176877559,0.06101985152032527
169.0,Mathías Olivera Miramontes,12,0.1602143598340359,0.7753844712154054,10,4,5,5,5,0,0.0718829637598114,0.0883313960742245,0.0,0.01602143598340359,0.07753844712154054
1438.0,Gonçalo Bernardo Inácio,15,0.15914900027214623,0.3580222750923971,6,0,0,5,1,0,0.11342357070287779,0.04572542956926846,0.0,0.026524833378691038,0.059670379182066184
1219.0,Philipp Mwene,43,0.15855373343343032,0.8758965957503779,5,1,2,2,3,0,0.055266681251784855,0.10328705218164545,0.0,0.03171074668668607,0.1751793191500756
321.0,Homam Alamin Ahmed,20,0.15767815601868543,0.750746248592993,6,0,2,4,2,0,0.08281659025967633,0.0748615657590091,0.0,0.026279692669780905,0.12512437476549884
1656.0,Przemysław Płacheta,19,0.15703192392643656,0.2942681585352224,2,1,1,1,1,0,0.0817886741342744,0.07524324979216215,0.0,0.07851596196321828,0.1471340792676112
1094.0,Stefan de Vrij,11,0.1565040461945183,0.6349031277484826,8,0,1,6,2,0,0.13098164070928237,0.025522405485235936,0.0,0.019563005774314787,0.07936289096856032
812.0,Ahmed Fathy Abdel Meneim Ibrahim,37,0.15618453493411633,0.40327552234938535,5,2,1,4,1,0,0.12818563820421813,0.027998896729898193,0.0,0.031236906986823264,0.08065510446987707
1159.0,Victor Bernth Kristansen,6,0.1557414926361859,0.3686567869035162,3,1,2,3,0,0,0.1557414926361859,0.0,0.0,0.05191383087872863,0.1228855956345054
863.0,Miguel Ángel Trauco Saavedra,38,0.15567933404854803,0.6389209640504433,9,2,1,6,3,0,0.11840642266656258,0.03727291138198549,0.0,0.017297703783172004,0.07099121822782703
1092.0,Kobbie Mainoo,21,0.15464259796459945,0.6045210201742269,12,3,3,7,5,0,0.0735220841385814,0.08112051382601806,0.0,0.01288688316371662,0.05037675168118558
968.0,Odion Jude Ighalo,39,0.15438806074607697,0.5531095562421768,7,4,1,2,5,0,0.035009560852094834,0.11937849989398215,0.0,0.022055437249439567,0.07901565089173955
710.0,Anga Dedryck Boyata,29,0.15436820240707524,0.966494072701703,5,0,1,3,2,0,0.13221003807359585,0.02215816433347938,0.0,0.030873640481415048,0.1932988145403406
608.0,Jonathan David,32,0.15389464474793746,0.1901999178641537,2,2,0,0,2,0,0.0,0.15389464474793746,0.0,0.07694732237396873,0.09509995893207684
784.0,Duško Tošić,2,0.1533870137440534,0.6337584622696272,5,0,1,4,1,0,0.13469170105204079,0.0186953126920126,0.0,0.03067740274881068,0.12675169245392542
1076.0,Marco Jhonfai Fabián De La Mora,18,0.15322198709145246,0.09401368369066904,3,2,0,2,1,0,0.14465765906472589,0.00856432802672657,0.0,0.05107399569715082,0.031337894563556346
660.0,William Saliba,16,0.15268851990733637,0.4160018205409519,9,1,3,7,2,0,0.11269662537633189,0.03999189453100445,0.0,0.01696539110081515,0.04622242450455021
1519.0,Burak Yılmaz,42,0.15260471248793767,0.8025238078340068,11,4,3,7,4,0,0.11749662811364103,0.035108084374296654,0.0,0.013873155680721606,0.07295670980309153
904.0,Renato Soares de Oliveira Augusto,7,0.1523049349493017,0.4263421112427219,4,1,0,2,2,0,0.058097162796207816,0.09420777215309388,0.0,0.038076233737325424,0.10658552781068048
475.0,Jean-Charles Castelletto,27,0.15224664896905132,1.0269399633643985,2,0,0,1,1,0,0.08491295345912722,0.06733369550992409,0.0,0.07612332448452566,0.5134699816821993
310.0,Almoez Ali Zainalabiddin Abdulla,20,0.15175952180803076,0.513244409329986,3,2,0,1,2,0,0.07187875580318837,0.07988076600484238,0.0,0.050586507269343585,0.17108146977666203
494.0,Yeltsin Ignacio Tejeda Valverde,28,0.15171015620227457,0.2430019983951178,3,1,1,1,2,0,0.050714761208717776,0.10099539499355681,0.0,0.050570052067424855,0.08100066613170594
316.0,Assim Omer Al Haj Madibo,20,0.15118382919409368,0.4691592590115531,5,0,1,3,2,0,0.0767224138308901,0.07446141536320357,0.0,0.030236765838818735,0.09383185180231061
425.0,Nicola Zalewski,19,0.1503999527285572,0.630341380159859,10,1,2,5,5,0,0.07626863116860536,0.07413132155995185,0.0,0.01503999527285572,0.0630341380159859
1221.0,İrfan Can Kahveci,42,0.1502189294136522,0.808091562361893,16,1,1,10,6,0,0.09803705849669495,0.05218187091695725,0.0,0.009388683088353262,0.05050572264761831
531.0,Joshua Sargent,25,0.15003090378412096,0.2873448729377572,5,3,1,2,3,0,0.06992329592051003,0.08010760786361092,0.0,0.03000618075682419,0.05746897458755144
143.0,Nampalys Mendy,10,0.1493820367219139,0.7193603643492221,11,2,1,6,5,0,0.06973188785954207,0.07965014886237183,0.0,0.013580185156537628,0.06539639675902019
1590.0,Ádám Szalai,53,0.14883938070896421,0.5117163426326861,4,3,1,1,3,0,0.07431184560200532,0.07452753510695889,0.0,0.037209845177241054,0.12792908565817152
1214.0,Ondřej Lingr,45,0.14848395273737963,0.6320984963908971,5,1,1,2,3,0,0.05330462667183766,0.09517932606554194,0.0,0.029696790547475926,0.12641969927817942
1044.0,Emil Hallfreðsson,40,0.14837494587895458,0.5415018678491833,4,1,1,2,2,0,0.07330110497600302,0.07507384090295156,0.0,0.037093736469738646,0.13537546696229583
1530.0,Ondrej Celustka,45,0.14789651660788478,0.5302430347102589,4,0,0,2,2,0,0.07420661484325887,0.07368990176462592,0.0,0.036974129151971194,0.13256075867756473
1227.0,Răzvan Gabriel Marin,46,0.14758581113051353,0.32361456475230455,12,3,3,4,8,0,0.035693968243696195,0.11189184288681736,0.0,0.012298817594209461,0.02696788039602538
541.0,Joe Rodon,30,0.14753459737223806,0.47669806637218004,8,1,0,5,3,0,0.13219541730138437,0.015339180070853694,0.0,0.018441824671529758,0.059587258296522505
80.0,Andreas Evald Cornelius,6,0.1471081309136356,0.8130094202820313,13,3,4,7,6,0,0.08290470633875922,0.06420342457487634,0.0,0.01131601007027966,0.06253918617554087
661.0,Ghilane Chalali,8,0.14652343685861244,0.7565741829474704,4,1,0,4,0,0,0.14652343685861244,0.0,0.0,0.03663085921465311,0.1891435457368676
255.0,Mohammed Kanoo,17,0.14645855174383007,0.7161656146536889,12,2,0,5,7,0,0.06818413541737464,0.07827441632645545,0.0,0.01220487931198584,0.059680467887807405
136.0,Enner Remberto Valencia Lastra,9,0.14581035473662513,0.487298198271684,7,3,3,3,4,0,0.07005201523194379,0.07575833950468132,0.0,0.020830050676660734,0.06961402832452629
733.0,Cédric Ricardo Alves Soares,15,0.14525095850838834,0.4197819063502675,8,2,1,6,2,0,0.08788589579303209,0.05736506271535627,0.0,0.018156369813548543,0.05247273829378344
1244.0,Petar Stojanović,47,0.14375980462211768,0.5746045218628267,10,3,2,6,4,0,0.08465161656011701,0.05910818806200064,0.0,0.014375980462211769,0.05746045218628267
1471.0,Georgiy Dzhikiya,41,0.14335277109342814,0.43103517659147195,9,0,2,6,3,0,0.10698065646472303,0.036372114628705134,0.0,0.015928085677047572,0.04789279739905244
471.0,Jean-Eric Maxim Choupo-Moting,27,0.14286922516580777,0.899794368891743,11,2,2,4,7,0,0.061791818839096756,0.08107740632671101,0.0,0.012988111378709798,0.08179948808106755
1173.0,José Luis Sanmartín Mato,23,0.1424320679639482,0.08808417269741958,3,1,1,1,2,0,0.06915812750710547,0.07327394045684271,0.0,0.04747735598798273,0.02936139089913986
1036.0,Eduardo Antonio Salvio,4,0.14233861763367672,0.3341186832719933,12,3,5,6,6,0,0.08152818789020774,0.06081042974346896,0.0,0.01186155146947306,0.027843223605999442
1240.0,Jan Mlakar,47,0.1416854128859293,0.5987212774465084,7,2,3,2,5,0,0.02852478683289033,0.11316062605303896,0.0,0.020240773269418474,0.08553161106378691
1161.0,Jarrod Bowen,21,0.1415432824569763,0.4410568332368009,2,1,1,1,1,0,0.07331313297874899,0.06823014947822732,0.0,0.07077164122848816,0.22052841661840045
997.0,Hamdi Nagguez,8,0.14098661513383637,0.9228947552480391,7,3,3,5,2,0,0.1218401475008389,0.019146467632997457,0.0,0.02014094501911948,0.13184210789257703
692.0,Wílmar Enrique Barrios Terán,34,0.14085492229881963,0.3145156554310621,6,0,0,4,2,0,0.08124647358591514,0.059608448712904494,0.0,0.023475820383136604,0.05241927590517701
1470.0,Magomed Ozdoev,41,0.14005605139299826,0.3266456888009973,6,2,0,3,3,0,0.0741863952083386,0.06586965618465966,0.0,0.023342675232166377,0.054440948133499555
499.0,Óscar Esau Duarte Gaitán,28,0.1394556447181749,0.5972054174405725,4,2,1,3,1,0,0.10169610440705122,0.03775954031112368,0.0,0.034863911179543725,0.14930135436014313
1222.0,Andrei Florin Ratiu,46,0.1394188269574779,0.3003870844575004,10,2,3,3,7,0,0.014627947657712042,0.12479087929976584,0.0,0.01394188269574779,0.03003870844575004
259.0,Saleh Khalid Al Shehri,17,0.13929618516671072,1.0061839158930046,5,3,1,2,2,1,0.014843412536743247,0.07737881324819264,0.047073959381774826,0.027859237033342144,0.20123678317860091
736.0,Omid Ebrahimi,33,0.13926036951589105,0.32274445534685214,3,1,0,2,1,0,0.12195189231842715,0.017308477197463895,0.0,0.04642012317196368,0.10758148511561738
1357.0,Ryan Christie,52,0.13880952653438322,0.17418222122675106,3,1,1,2,1,0,0.07722057311012662,0.06158895342425662,0.0,0.04626984217812774,0.05806074040891702
925.0,Faustino Marcos Alberto Rojo,4,0.13865483418262328,0.6638279797374181,4,2,0,2,2,0,0.08632952102679142,0.05232531315583187,0.0,0.03466370854565582,0.16595699493435453
63.0,Gonzalo Ariel Montiel,4,0.13819694296543,0.13324799305049356,4,2,2,3,1,0,0.11023179968428481,0.027965143281145185,0.0,0.0345492357413575,0.03331199826262339
714.0,Andreas Granqvist,35,0.13755789059774262,0.6621402678849047,7,0,3,4,3,0,0.08306320929123978,0.05449468130650283,0.0,0.019651127228248945,0.09459146684070066
582.0,Osman Bukari,31,0.13733226031626528,0.06515794838548691,4,2,1,1,3,0,0.018541611944099586,0.11879064837216567,0.0,0.03433306507906632,0.01628948709637173
584.0,Antoine Semenyo,31,0.13711094618476236,0.024603991361268625,1,1,0,0,1,0,0.0,0.13711094618476236,0.0,0.13711094618476236,0.024603991361268625
1084.0,Presnel Kimpembe,16,0.13700478443963665,0.19328182624961157,4,1,1,2,2,0,0.06918159632590634,0.06782318811373031,0.0,0.03425119610990916,0.04832045656240289
1182.0,Vitalii Mykolenko,44,0.1353843309404846,0.42592665731828777,6,1,1,5,1,0,0.12684831216628012,0.00853601877420449,0.0,0.022564055156747434,0.07098777621971462
821.0,Sung-Yeung Ki,13,0.13504861409017424,0.3345117856038483,9,1,1,5,4,0,0.07013896364088568,0.06490965044928858,0.0,0.015005401565574915,0.037167976178205366
761.0,Josip Pivarić,22,0.1350249888509436,0.28638805934827927,7,3,2,3,4,0,0.06670390333560555,0.06832108551533805,0.0,0.01928928412156337,0.04091257990689704
617.0,Jonathan Osorio,32,0.13476748655882087,0.7880485036880533,8,1,1,4,4,0,0.07036251547381302,0.06440497108500784,0.0,0.01684593581985261,0.09850606296100667
1550.0,Aleksandar Trajkovski,54,0.13448179156715578,0.5864968613730074,12,5,4,4,8,0,0.031171566780615834,0.10331022478653995,0.0,0.011206815963929648,0.048874738447750615
802.0,Nahitan Michel Nández Acosta,12,0.13410420517095897,1.1327713263306731,7,1,2,4,3,0,0.08943771927868498,0.044666485892274004,0.0,0.019157743595851283,0.16182447519009616
34.0,Kye Rowles,5,0.13378400049299333,0.2646665157217482,3,0,0,2,1,0,0.07539922495145593,0.058384775541537405,0.0,0.044594666830997776,0.0882221719072494
1369.0,Taulant Sulejmanov,50,0.13362747361259042,0.3882210906769969,3,2,1,1,2,0,0.043572231493720116,0.09005524211887031,0.0,0.04454249120419681,0.12940703022566563
304.0,Bruno Guimarães Rodriguez Moura,7,0.13352952563776546,0.28375721670659254,3,1,0,1,2,0,0.012198550215345062,0.1213309754224204,0.0,0.044509841879255156,0.09458573890219751
970.0,Alex Iwobi,39,0.13324762257863149,0.26746626121566724,8,3,1,3,5,0,0.01897509455876978,0.11427252801986172,0.0,0.016655952822328936,0.033433282651958406
1587.0,Louis Schaub,43,0.13296595678100911,0.31015958376707686,2,2,0,1,1,0,0.08966707324914647,0.04329888353186264,0.0,0.06648297839050456,0.15507979188353843
560.0,Mohammed Al Burayk,17,0.13273822988787903,0.7617187498019896,11,4,3,6,5,0,0.08740809912057672,0.04533013076730231,0.0,0.012067111807989002,0.06924715907290814
741.0,Gonçalo Manuel Ganchinho Guedes,15,0.1316086088034828,0.2882637143740399,7,3,1,3,4,0,0.07655708406855159,0.055051524734931204,0.0,0.018801229829068972,0.04118053062486284
1555.0,Andreas Ulmer,43,0.13128416419195682,0.7593613566988706,4,0,0,3,1,0,0.09010711805181193,0.041177046140144884,0.0,0.032821041047989205,0.18984033917471765
1070.0,Amine Harit,14,0.13101308229795683,0.3403077519268496,6,2,2,3,3,0,0.08258065246762653,0.048432429830330304,0.0,0.021835513716326138,0.05671795865447493
394.0,Carlos Soler Barragán,23,0.13031034771684188,0.17070070085467665,4,2,0,3,1,0,0.12181817109192439,0.008492176624917493,0.0,0.03257758692921047,0.04267517521366916
237.0,Randal Kolo Muani,16,0.13020683106293576,0.2697448772859591,6,2,1,3,3,0,0.040554432843798706,0.08965239821913706,0.0,0.021701138510489295,0.04495747954765985
1552.0,Stefan Ristovski,54,0.12979371537406786,0.24241085336102242,6,2,0,3,3,0,0.08875516911938289,0.04103854625468498,0.0,0.021632285895677977,0.040401808893503734
959.0,Kenneth Josiah Omeruo,39,0.1296554238197868,0.4980941117585301,2,0,0,2,0,0,0.1296554238197868,0.0,0.0,0.0648277119098934,0.24904705587926504
621.0,Fábio Henrique Tavares,7,0.12939415846341806,1.0068855000610313,7,0,0,5,2,0,0.09875676166854157,0.030637396794876492,0.0,0.018484879780488295,0.14384078572300446
548.0,Bassam Hisham Al Rawi,20,0.12906659268283574,0.4759934976768987,5,1,1,3,2,0,0.06864397660851015,0.06042261607432557,0.0,0.025813318536567147,0.09519869953537974
215.0,Romain Saïss,14,0.1270802244068164,0.7250228363411579,8,0,0,6,2,0,0.09649297892270883,0.03058724548410758,0.0,0.01588502805085205,0.09062785454264474
156.0,Steven Bergwijn,11,0.12641287790012667,0.7111573974574541,8,2,1,4,4,0,0.0702638869944906,0.056148990905636076,0.0,0.015801609737515834,0.08889467468218176
446.0,Matthijs de Ligt,11,0.12627231492983007,0.3104940065087805,4,1,0,3,1,0,0.1219487726178635,0.004323542311966591,0.0,0.03156807873245752,0.07762350162719513
493.0,Kendall Jamaal Waston Manley,28,0.1251203736607187,0.3458883717842683,1,1,0,1,0,0,0.1251203736607187,0.0,0.0,0.1251203736607187,0.3458883717842683
7.0,Strahinja Pavlović,2,0.12491132485524455,0.4223139766812766,7,1,3,5,2,0,0.0952956068108262,0.02961571804441835,0.0,0.017844474979320648,0.06033056809732523
400.0,Takehiro Tomiyasu,24,0.12454842619017509,0.48450502325463474,8,1,2,5,3,0,0.0905568280994623,0.03399159809071278,0.0,0.015568553273771886,0.06056312790682934
949.0,Hörður Björgvin Magnússon,40,0.12452120024550781,0.5498888128006478,4,0,0,3,1,0,0.11334390370774808,0.011177296537759738,0.0,0.031130300061376952,0.13747220320016196
565.0,Salis Abdul Samed,31,0.1243324565605657,0.5887842590891281,8,0,1,5,3,0,0.0895886374743221,0.034743819086243605,0.0,0.015541557070070712,0.07359803238614102
1278.0,Dávid Hancko,49,0.12423689454490325,0.3319586633218641,6,0,2,5,1,0,0.11601397777687741,0.008222916768025838,0.0,0.020706149090817208,0.05532644388697735
972.0,Marko Pjaca,22,0.12423687984197951,0.13072997592084185,3,1,1,1,2,0,0.04630696541012587,0.07792991443185364,0.0,0.04141229328065984,0.04357665864028062
551.0,Romario Andrés Ibarra Mina,9,0.12370427795504797,0.43708102718666886,2,2,0,0,2,0,0.0,0.12370427795504797,0.0,0.061852138977523986,0.21854051359333443
569.0,Gideon Mensah,31,0.12298514002044916,0.38982664299293845,3,1,0,2,1,0,0.07442360379049391,0.04856153622995526,0.0,0.040995046673483054,0.1299422143309795
1207.0,İsmail Yüksek,42,0.12277238746765383,0.6970724735908588,10,1,3,5,5,0,0.05030038011727488,0.07247200735037895,0.0,0.012277238746765383,0.06970724735908587
612.0,Alphonso Davies,32,0.1219222378643962,0.26694664947786584,11,2,4,6,5,0,0.07383362138371503,0.04808861648068116,0.0,0.0110838398058542,0.02426787722526053
442.0,Haji Wright,25,0.12132771606654041,0.5305384811602454,6,2,1,2,4,0,0.02364006267327738,0.09768765339326305,0.0,0.020221286011090068,0.08842308019337423
1644.0,Valentino Lazaro,43,0.12111288032890152,0.24459803780781075,3,2,1,2,1,0,0.10882167848899216,0.012291201839909362,0.0,0.04037096010963384,0.08153267926927026
97.0,Frederico Rodrigues Santos,7,0.1198457740326749,0.6140774458477427,6,2,3,3,3,0,0.053303361762038405,0.0665424122706365,0.0,0.019974295672112483,0.10234624097462379
1267.0,Zuriko Davitashvili,48,0.11979050133310881,0.5602829046361466,3,1,0,2,1,0,0.0966783330706743,0.02311216826243451,0.0,0.03993016711103627,0.18676096821204888
1167.0,Jonathan Tah,26,0.11875459100856596,0.8942094128302234,8,0,1,6,2,0,0.11589559885453429,0.0028589921540316627,0.0,0.014844323876070745,0.11177617660377792
1481.0,Emerson Palmieri dos Santos,51,0.11849769845231307,0.42631616174195075,6,2,1,2,4,0,0.05126068479229896,0.06723701366001411,0.0,0.019749616408718845,0.07105269362365846
690.0,Jefferson Andrés Lerma Solís,34,0.11844120044424519,0.5511506431767159,8,1,2,3,4,1,0.041513267716913736,0.062109249903912866,0.014818682823418599,0.014805150055530649,0.06889383039708949
767.0,Armando Enrique Cooper Whitaker,36,0.11762012962746841,0.40735927348676104,7,1,2,3,4,0,0.05659679890946534,0.061023330718003074,0.0,0.016802875661066915,0.05819418192668015
731.0,Emil Krafth,35,0.11733514957301908,0.36279845349791695,3,1,0,2,1,0,0.10636011915962149,0.01097503041339759,0.0,0.039111716524339694,0.12093281783263898
48.0,Harry Souttar,5,0.11728792954546602,0.8327487209976089,3,0,1,2,1,0,0.07040834795028603,0.04687958159517999,0.0,0.03909597651515534,0.27758290699920296
452.0,Matheus Luiz Nunes,15,0.117240172697644,0.34987824611773444,5,1,1,2,3,0,0.057144638075681806,0.060095534621962196,0.0,0.0234480345395288,0.06997564922354689
927.0,Cristian David Pavón,4,0.11684701480300011,0.9854161459814326,9,1,1,4,5,0,0.056336229768050895,0.060510785034949215,0.0,0.01298300164477779,0.10949068288682584
461.0,Manuel Neuer,26,0.11641854627107667,0.5644970821761314,2,0,0,1,1,0,0.058228381633536615,0.058190164637540065,0.0,0.058209273135538336,0.2822485410880657
1437.0,João Neves,15,0.11618640447395101,0.39657507641408896,4,1,0,2,2,0,0.052016889618655186,0.06416951485529582,0.0,0.029046601118487753,0.09914376910352224
1230.0,Ianis Hagi,46,0.11578057746469875,0.19575199193084375,6,2,2,3,3,0,0.06434016357325682,0.051440413891441925,0.0,0.019296762910783125,0.032625331988473956
1531.0,Jan Bořil,45,0.11549801385904068,0.4464050301597609,8,3,3,6,2,0,0.08885424992173918,0.026643763937301515,0.0,0.014437251732380085,0.05580062876997011
765.0,Gabriel Enrique Gómez Girón,36,0.11515825317469246,0.3773672231163251,4,1,0,3,1,0,0.10978073437372031,0.005377518800972143,0.0,0.028789563293673114,0.09434180577908127
1529.0,Karol Linetty,19,0.11444713592806925,0.20818440996046833,6,1,2,3,3,0,0.022036905872369523,0.09241023005569973,0.0,0.019074522654678207,0.03469740166007806
539.0,Ethan Ampadu,30,0.11371504852523592,0.36671999686557566,8,0,3,6,2,0,0.0825798840203266,0.031135164504909347,0.0,0.01421438106565449,0.04583999960819696
243.0,Paulo Bruno Exequiel Dybala,4,0.11367979937609989,0.23896816705287524,2,2,0,1,1,0,0.09930770267609988,0.0143720967,0.0,0.05683989968804994,0.11948408352643762
955.0,Rúrik Gíslason,40,0.11356162613479483,0.1593675211343187,2,2,0,1,1,0,0.10193730728499673,0.011624318849798101,0.0,0.05678081306739741,0.07968376056715935
809.0,Tarek Hamed,37,0.11317236625854041,0.3393171817780293,6,2,0,4,2,0,0.08408365550780668,0.029088710750733732,0.0,0.01886206104309007,0.056552863629671546
1423.0,Jakub Piotrowski,19,0.11313932246844899,0.9374047681521689,5,2,2,1,4,0,0.03552848090380683,0.07761084156464217,0.0,0.0226278644936898,0.18748095363043377
1323.0,Mateo Retegui,51,0.1130562338283633,0.33821860105044277,3,2,0,1,2,0,0.01367415950187047,0.09938207432649283,0.0,0.0376854112761211,0.11273953368348093
138.0,Boulaye Dia,10,0.11261258258745346,0.8562468176403294,9,2,1,5,4,0,0.08210857587324008,0.030504006714213397,0.0,0.012512509176383718,0.09513853529336994
603.0,Cheikhou Kouyaté,10,0.11235021341263544,0.3132517747756153,6,0,1,4,2,0,0.06715669292880064,0.04519352048383479,0.0,0.018725035568772575,0.05220862912926921
805.0,Marwan Mohsen,37,0.11230066347491613,0.3342826024552971,5,3,1,3,2,0,0.09005985241904209,0.022240811055874048,0.0,0.022460132694983224,0.06685652049105942
362.0,Bilal El Khannous,14,0.11195441400000003,0.19867513695315486,2,1,1,1,1,0,0.05649848374103621,0.05545593025896382,0.0,0.055977207000000015,0.09933756847657743
1088.0,Papa Alioune N''Diaye,10,0.11193457550234029,0.14645834247155778,4,1,1,2,2,0,0.05649287946052135,0.055441696041818936,0.0,0.027983643875585072,0.036614585617889446
622.0,Ederson Santana de Moraes,7,0.11172607736131221,0.3111248910014736,1,0,0,1,0,0,0.11172607736131221,0.0,0.0,0.11172607736131221,0.3111248910014736
1365.0,Ayoze Pérez Gutiérrez,23,0.11138277620351636,0.2661369399762792,4,3,1,0,4,0,0.0,0.11138277620351636,0.0,0.02784569405087909,0.0665342349940698
504.0,Miki Yamane,24,0.11129651034411778,0.09576016826377796,1,1,0,1,0,0,0.11129651034411778,0.0,0.0,0.11129651034411778,0.09576016826377796
1141.0,Patrick Wimmer,43,0.11128978483173071,0.11513052514459177,2,2,0,1,1,0,0.0756925757093954,0.03559720912233532,0.0,0.05564489241586536,0.05756526257229588
1554.0,Xaver Schlager,43,0.11092759205187086,0.41919424405710193,10,2,3,4,6,0,0.04637669993226496,0.0645508921196059,0.0,0.011092759205187087,0.04191942440571019
478.0,Nicolas Alexis Julio N'Koulou Ndoubena,27,0.11077705843068814,0.5198564993954115,3,0,0,3,0,0,0.11077705843068814,0.0,0.0,0.03692568614356271,0.1732854997984705
1012.0,Yury Gazinskiy,41,0.11072282216391684,0.7690781821205885,5,1,1,2,3,0,0.07997702037085631,0.030745801793060527,0.0,0.022144564432783367,0.15381563642411772
1429.0,Anzor Mekvabishvili,48,0.11055547649948799,0.3225153379335196,6,2,0,2,4,0,0.04018549442335994,0.07036998207612807,0.0,0.018425912749914664,0.053752556322253266
759.0,Danijel Subašić,22,0.11022837843196236,0.1773993210934502,4,0,1,3,1,0,0.08195462875000425,0.0282737496819581,0.0,0.02755709460799059,0.04434983027336255
203.0,Youssef En-Nesyri,14,0.10915327687018406,0.443111260291104,7,4,0,3,4,0,0.02357679855394921,0.08557647831623484,0.0,0.015593325267169151,0.06330160861301486
118.0,Piero Martín Hincapié Reyna,9,0.10847631219825334,0.45845021880510906,6,0,0,3,3,0,0.054922850008584975,0.05355346218966837,0.0,0.018079385366375555,0.07640836980085151
636.0,Morteza Pouraliganji,33,0.10836523079354102,0.23548603881630562,4,1,1,3,1,0,0.103830113886349,0.0045351169071920425,0.0,0.027091307698385254,0.058871509704076404
782.0,Luka Milivojević,2,0.10822451224017751,0.4349078301974076,3,1,0,3,0,0,0.10822451224017751,0.0,0.0,0.036074837413392506,0.1449692767324692
570.0,Mohamed Salisu,31,0.10772778169189068,0.3426552819075776,1,0,0,1,0,0,0.10772778169189068,0.0,0.0,0.10772778169189068,0.3426552819075776
22.0,Dušan Vlahović,2,0.10770626690647209,0.24125738922247333,4,2,0,2,2,0,0.04138632884706067,0.06631993805941142,0.0,0.02692656672661802,0.060314347305618334
64.0,Exequiel Alejandro Palacios,4,0.10752245551874441,0.5641948258675498,5,1,2,3,2,0,0.038261201692561905,0.0692612538261825,0.0,0.02150449110374888,0.11283896517350996
829.0,Min-Woo Kim,13,0.10745381771544288,0.5823505398634119,8,3,2,4,4,0,0.06538544897271807,0.04206836874272481,0.0,0.01343172721443036,0.07279381748292649
1308.0,Alejandro Baena Rodríguez,23,0.10650469261703382,0.31408286493557636,3,0,1,2,1,0,0.07232034704880841,0.034184345568225416,0.0,0.03550156420567794,0.10469428831185879
811.0,Amr Medhat Warda,37,0.10641448724437298,0.2626369044872239,7,2,3,4,3,0,0.08435224133126362,0.022062245913109374,0.0,0.015202069606338997,0.03751955778388912
557.0,Yasir Gharsan Al Shahrani,17,0.10640156785801198,0.26596217473575107,9,5,2,4,5,0,0.03857229068654099,0.06782927717147097,0.0,0.011822396428667998,0.029551352748416786
1557.0,Boban Nikolov,54,0.10622033283619461,0.3134956709622283,6,2,1,3,3,0,0.051711424563082246,0.05450890827311237,0.0,0.017703388806032436,0.05224927849370472
1345.0,Endre Botka,53,0.10617049877817074,0.3278667925115596,6,0,0,3,3,0,0.05315776699592365,0.05301273178224708,0.0,0.017695083129695123,0.05464446541859327
1333.0,Márton Dárdai,53,0.10588850887066159,0.5730300350146924,3,0,0,2,1,0,0.059385905964657794,0.0465026029060038,0.0,0.035296169623553864,0.19101001167156414
888.0,Pontus Jansson,35,0.1056294687691632,0.12705311316527745,3,1,0,2,1,0,0.104012787903903,0.0016166808652601993,0.0,0.0352098229230544,0.042351037721759154
1445.0,Nicușor Silviu Bancu,46,0.1055284624186422,0.3008268938187402,10,0,2,6,4,0,0.07098469026695656,0.03454377215168563,0.0,0.010552846241864219,0.03008268938187402
1060.0,Manuel Henrique Tavares Fernandes,15,0.10514490314838912,0.2788158961424972,5,3,0,2,3,0,0.09206790813684554,0.013076995011543573,0.0,0.021028980629677823,0.05576317922849944
176.0,José María Giménez de Vargas,12,0.104867453599371,0.38356619173883355,5,1,1,4,1,0,0.09182242212496933,0.013045031474401668,0.0,0.0209734907198742,0.07671323834776671
1262.0,Giorgi Mamardashvili,48,0.10477585971217153,0.11217000695773205,1,0,0,1,0,0,0.10477585971217153,0.0,0.0,0.10477585971217153,0.11217000695773205
567.0,Thomas Teye Partey,31,0.10448436770322826,0.5349710734937845,10,2,1,5,5,0,0.052401006125460406,0.052083361577767856,0.0,0.010448436770322827,0.053497107349378445
1184.0,Arthur Theate,29,0.10443040739805085,0.2523159987529664,9,2,2,6,3,0,0.09335162345233329,0.011078783945717548,0.0,0.011603378599783427,0.028035110972551822
837.0,Abdullah Ibrahim Otayf,17,0.10372570217433849,0.5277110681858128,8,2,0,4,4,0,0.055939934502377456,0.04778576767196104,0.0,0.012965712771792311,0.0659638835232266
313.0,Pedro Miguel Correia,20,0.10368475106643588,0.3064911443228078,3,1,1,1,2,0,0.05095031076893449,0.05273444029750138,0.0,0.03456158368881196,0.10216371477426926
1330.0,Willi Orban,53,0.10335198540582925,0.20189402258057937,3,2,0,3,0,0,0.10335198540582925,0.0,0.0,0.03445066180194308,0.06729800752685978
908.0,Jonas Hector,26,0.10208583980537196,0.1803876227550529,5,1,1,4,1,0,0.07857855967839407,0.023507280126977895,0.0,0.020417167961074394,0.036077524551010584
1292.0,Ylber Ramadani,50,0.10149390264310452,0.7817619428825414,4,0,1,3,1,0,0.06384921599482249,0.037644686648282036,0.0,0.02537347566077613,0.19544048572063535
1549.0,Arijan Ademi,54,0.10133501397887983,0.6872507301914241,5,1,0,2,3,0,0.034624412863190936,0.06671060111568888,0.0,0.020267002795775965,0.13745014603828482
673.0,André Miguel Valente Silva,15,0.10117388919932127,0.2581128480201715,8,1,3,4,4,0,0.04593412830975658,0.055239760889564705,0.0,0.012646736149915159,0.032264106002521435
344.0,Pape Matar Sarr,10,0.10082099690050242,0.7509153049482394,3,2,1,2,1,0,0.09748535897621374,0.0033356379242886823,0.0,0.03360699896683414,0.25030510164941316
140.0,Jeremy Leonel Sarmiento Morante,9,0.10074670406486651,0.6043484880544793,7,2,1,4,3,0,0.06410031997302432,0.036646384091842184,0.0,0.01439238629498093,0.08633549829349704
592.0,Johan Alberto Venegas Ulloa,28,0.10029228516631779,0.3307387123168694,4,0,2,3,1,0,0.0865294002744639,0.013762884891853885,0.0,0.025073071291579447,0.08268467807921735
1192.0,Taras Stepanenko,44,0.09936266597680933,0.16186109220967376,7,2,1,3,4,0,0.02933295591172024,0.07002971006508908,0.0,0.014194666568115619,0.023123013172810538
998.0,Luis Carlos Ovalle Victoria,36,0.09861550009407569,0.12796844439164182,2,0,0,1,1,0,0.04936943209289029,0.04924606800118539,0.0,0.04930775004703784,0.06398422219582091
432.0,Walker Zimmerman,25,0.09834136090658697,0.3900064157323238,5,1,0,2,3,0,0.014540544901117195,0.08380081600546978,0.0,0.019668272181317396,0.07800128314646476
1521.0,Cengiz Umut Meraş,42,0.09782485554019416,0.267599188720316,6,1,0,4,2,0,0.07562264089849655,0.022202214641697617,0.0,0.01630414259003236,0.04459986478671934
996.0,Adolfo Abdiel Machado,36,0.09667348339500843,0.3828025966903219,1,0,1,1,0,0,0.09667348339500843,0.0,0.0,0.09667348339500843,0.3828025966903219
1140.0,Maximilian Wöber,43,0.0959560769562611,0.457676878272294,4,1,3,3,1,0,0.07195383240893898,0.024002244547322138,0.0,0.023989019239065275,0.1144192195680735
1215.0,Matěj Jurásek,45,0.09584509500683869,0.2806947287800163,6,5,1,1,5,0,0.005417066129918483,0.09042802887692021,0.0,0.015974182501139782,0.04678245479666938
834.0,Jesús Manuel Corona Ruíz,18,0.09573358652588225,0.881440279655201,7,1,3,4,3,0,0.054239848226768854,0.04149373829911339,0.0,0.013676226646554606,0.125920039950743
1349.0,Anthony Ralston,52,0.09546292984025392,0.09046047676848379,3,1,1,2,1,0,0.09066626513352384,0.004796664706730079,0.0,0.03182097661341798,0.030153492256161263
291.0,Thiago Ezequiel Almada,4,0.09502936960956657,0.20441460420837723,1,1,0,1,0,0,0.09502936960956657,0.0,0.0,0.09502936960956657,0.20441460420837723
665.0,Roozbeh Cheshmi,33,0.09471919344548618,0.1250672637291606,2,2,0,0,2,0,0.0,0.09471919344548618,0.0,0.04735959672274309,0.0625336318645803
244.0,Henry Josué Martín Mex,18,0.09469254583681534,0.3900282715041302,6,2,3,4,2,0,0.06390392703805982,0.030788618798755517,0.0,0.015782090972802556,0.06500471191735503
1177.0,Wout Faes,29,0.09453785380472263,0.24327322545379762,2,0,0,1,1,0,0.04826108981886285,0.04627676398585977,0.0,0.04726892690236131,0.12163661272689881
1197.0,Ladislav Krejčí,45,0.09354417430273075,0.6698679710368931,10,2,3,6,4,0,0.07568965325830104,0.017854521044429708,0.0,0.009354417430273074,0.06698679710368931
1351.0,Ádám Nagy,53,0.09303556098736401,0.3460652858276875,8,1,1,4,4,0,0.06220546246591241,0.030830098521451597,0.0,0.011629445123420502,0.043258160728460934
545.0,Brennan Johnson,30,0.09270487608305063,0.27347419351603647,3,3,0,0,3,0,0.0,0.09270487608305063,0.0,0.030901625361016875,0.09115806450534548
572.0,Tariq Lamptey,31,0.0926838069083564,0.1393466620792211,2,1,1,0,2,0,0.0,0.0926838069083564,0.0,0.0463419034541782,0.06967333103961056
412.0,Takuma Asano,24,0.09245618514051536,1.4195841517429306,6,4,0,1,5,0,0.01714810040935763,0.07530808473115774,0.0,0.015409364190085893,0.23659735862382178
1631.0,Reece James,21,0.09226201384653532,0.23428902050397743,3,2,1,1,2,0,0.03966086216188144,0.052601151684653874,0.0,0.03075400461551177,0.07809634016799248
1336.0,Billy Gilmour,52,0.09215470504278013,0.29994116057034204,4,1,1,2,2,0,0.056142637047966154,0.03601206799481397,0.0,0.023038676260695033,0.07498529014258551
1607.0,Glen Kamara,55,0.09202774294358851,0.6145501514211142,9,1,1,6,3,0,0.06318288490720543,0.028844858036383078,0.0,0.010225304771509834,0.06828335015790159
558.0,Nawaf Shaker Al Abid,17,0.09185743312466278,0.3472063015345034,6,1,1,3,3,0,0.021162967513130772,0.07069446561153202,0.0,0.015309572187443797,0.05786771692241723
168.0,Sang-Ho Na,13,0.09126908840382386,0.5607191680546192,6,0,3,4,2,0,0.05498195729782333,0.03628713110600053,0.0,0.015211514733970644,0.09345319467576986
1332.0,Jack Hendry,52,0.09107570104679659,0.15603717701078035,3,1,1,2,1,0,0.08403889699461967,0.007036804052176923,0.0,0.030358567015598862,0.05201239233692678
410.0,Maya Yoshida,24,0.09030952563823579,0.5544666547485565,6,0,0,5,1,0,0.08173712641795472,0.008572399220281066,0.0,0.015051587606372631,0.09241110912475942
466.0,Lukas Klostermann,26,0.09007501962741322,0.07922972554816289,1,0,0,1,0,0,0.09007501962741322,0.0,0.0,0.09007501962741322,0.07922972554816289
107.0,Ali Abdi,8,0.09002730226960572,0.04732768077544102,1,1,0,1,0,0,0.09002730226960572,0.0,0.0,0.09002730226960572,0.04732768077544102
88.0,Filip Mladenović,2,0.08957844408638892,0.2702008936633325,7,1,1,4,3,0,0.06499072420245916,0.024587719883929753,0.0,0.012796920583769845,0.03860012766619036
315.0,Abdelkarim Hassan Al Haj Fadlalla,20,0.0892427064522371,1.536287981619904,9,4,1,3,6,0,0.04126936125285547,0.047973345199381616,0.0,0.00991585627247079,0.17069866462443378
1430.0,Václav Černý,45,0.08851952592094656,0.2150145817245046,4,2,2,1,3,0,0.026815480228919004,0.06170404569202756,0.0,0.02212988148023664,0.05375364543112615
799.0,Christian Bolaños Navarro,28,0.0872745262994894,0.13359533544702842,3,1,0,2,1,0,0.08060167241723207,0.006672853882257327,0.0,0.029091508766496466,0.044531778482342806
1465.0,Pascal Groß,26,0.08725808774394876,0.8880462971974652,5,0,0,3,2,0,0.0466203760004283,0.040637711743520454,0.0,0.017451617548789752,0.17760925943949304
1474.0,Rifat Zhemaletdinov,41,0.08723819775080832,0.31050862901591236,4,2,0,2,2,0,0.020519705162045473,0.06671849258876285,0.0,0.02180954943770208,0.07762715725397809
625.0,Éverton Augusto de Barros Ribeiro,7,0.08708803824552168,0.47222568469743953,4,0,2,2,2,0,0.0444928251595543,0.042595213085967386,0.0,0.02177200956138042,0.11805642117435988
1246.0,Vanja Drkušić,47,0.08696568379237421,0.27740594708137833,2,1,1,1,1,0,0.044393587714411493,0.04257209607796272,0.0,0.043482841896187105,0.13870297354068917
418.0,Chul Hong,13,0.0860579116405487,0.5773324406469806,6,1,3,3,3,0,0.04405656160023277,0.04200135004031592,0.0,0.014342985273424784,0.09622207344116344
1254.0,Dodi Lukebakio,29,0.08565311066997376,0.26227349966671565,6,3,2,4,2,0,0.05930214356267154,0.02635096710730222,0.0,0.014275518444995626,0.04371224994445261
712.0,Daniel Nii Tackie Mensah Welbeck,21,0.08518456476798497,0.14070935721159641,1,1,0,0,1,0,0.0,0.08518456476798497,0.0,0.08518456476798497,0.14070935721159641
43.0,Cristian Gabriel Romero,4,0.0850649774223653,0.3764127343682342,3,0,0,2,1,0,0.04775882786641443,0.03730614955595086,0.0,0.028354992474121765,0.12547091145607805
1042.0,Duje Ćaleta-Car,22,0.08444419168779708,0.20803767505701382,2,0,0,2,0,0,0.08444419168779708,0.0,0.0,0.04222209584389854,0.10401883752850691
1268.0,Heorhii Tsitaishvili,48,0.0843962798938496,0.5558892046005195,6,4,0,2,4,0,0.04880909756241286,0.035587182331436734,0.0,0.014066046648974933,0.09264820076675324
1515.0,Sérgio Miguel Relvas de Oliveira,15,0.08426378195412848,0.12375332385978513,3,0,0,2,1,0,0.07320803422723468,0.011055747726893807,0.0,0.028087927318042827,0.04125110795326171
670.0,Ikoma Loïs Openda,29,0.08405485731563295,0.17632824285249185,4,0,1,2,2,0,0.04229172662385493,0.041763130691778005,0.0,0.021013714328908237,0.04408206071312296
109.0,Mohamed Dräger,8,0.08404924492306359,0.2250731504113708,4,3,1,1,3,0,0.05822643028347786,0.025822814639585738,0.0,0.021012311230765898,0.0562682876028427
1328.0,Davide Frattesi,51,0.08381730646374373,0.1535543976601764,4,0,1,3,1,0,0.05584112159895324,0.02797618486479049,0.0,0.020954326615935933,0.0383885994150441
1476.0,Vyacheslav Karavaev,41,0.08374909859600886,0.14648762942487864,2,1,0,2,0,0,0.08374909859600886,0.0,0.0,0.04187454929800443,0.07324381471243932
367.0,Anass Zaroury,14,0.08324510961380269,0.22424819961356496,2,0,1,1,1,0,0.04280065964228191,0.04044444997152078,0.0,0.04162255480690134,0.11212409980678248
250.0,Edson Omar Álvarez Velázquez,18,0.08254457481689373,0.44259251730994087,7,2,2,5,2,0,0.04974623953122664,0.0327983352856671,0.0,0.011792082116699104,0.0632275024728487
1051.0,Yuri Zhirkov,41,0.08221557341131294,0.322839247406764,4,2,0,2,2,0,0.04096437298486692,0.04125120042644602,0.0,0.020553893352828236,0.080709811851691
604.0,Nicolas Jackson,10,0.08214319076052146,0.3464032652885285,4,0,0,2,2,0,0.04076781577393169,0.04137537498658975,0.0,0.020535797690130364,0.08660081632213212
883.0,Cheikh N''Doye,10,0.08197276219984692,0.3967716506082083,2,1,0,2,0,0,0.08197276219984692,0.0,0.0,0.04098638109992346,0.19838582530410415
561.0,Woo-Yeong Jeong,13,0.08181989629475131,0.24810537535295624,3,1,0,1,2,0,0.022279917034277178,0.05953997926047414,0.0,0.027273298764917103,0.08270179178431875
1477.0,Andrea Belotti,51,0.08153916934543703,0.24639281443637456,5,2,1,2,3,0,0.03735926720552579,0.04417990213991125,0.0,0.016307833869087407,0.04927856288727491
1543.0,Martin Hinteregger,43,0.08105277843848026,0.42648763154164515,6,2,1,4,2,0,0.06833885405695736,0.012713924381522893,0.0,0.013508796406413377,0.07108127192360753
906.0,Julian Draxler,26,0.0808955988074785,0.340225507509357,8,2,3,3,5,0,0.028440663717481513,0.05245493508999698,0.0,0.010111949850934812,0.04252818843866962
747.0,Nordin Amrabat,14,0.08062099451409582,0.2516761730483336,4,2,1,2,2,0,0.05281028976658497,0.02781070474751085,0.0,0.020155248628523956,0.0629190432620834
1277.0,Stanislav Lobotka,49,0.08059276590041109,0.31248401180112934,10,2,3,5,5,0,0.032256658635170216,0.04833610726524085,0.0,0.008059276590041109,0.031248401180112934
556.0,Abdulelah Saad Hameed Al-Malki,17,0.0799434457834956,1.5583368394286297,6,0,0,4,2,0,0.04734296183275779,0.03260048395073783,0.0,0.013323907630582601,0.25972280657143826
1097.0,Marc Guehi,21,0.07977846443720296,0.506531297980633,2,1,0,2,0,0,0.07977846443720296,0.0,0.0,0.03988923221860148,0.2532656489903165
842.0,Mohammad Ibrahim Al Sahlawi,17,0.0794231890806916,0.0762870700651185,2,1,1,1,1,0,0.007107397480691606,0.0723157916,0.0,0.0397115945403458,0.03814353503255925
1482.0,Rafael Tolói,51,0.0788755974724857,0.1471556074869194,5,0,2,4,1,0,0.07267108371688269,0.006204513755603009,0.0,0.01577511949449714,0.029431121497383878
1238.0,Jaka Bijol,47,0.07842969562373223,0.3611089642423362,4,1,0,3,1,0,0.07022774245313017,0.008201953170602055,0.0,0.019607423905933057,0.09027724106058405
619.0,Sam Adekugbe,32,0.07816710845091795,0.35918657381661956,3,1,1,2,1,0,0.05242512985824861,0.025741978592669346,0.0,0.026055702816972653,0.11972885793887318
470.0,Jonas Hofmann,26,0.07793846239090105,0.3550844361050526,7,1,2,4,3,0,0.04383585842021456,0.034102603970686506,0.0,0.011134066055843007,0.050726348015007514
110.0,Dylan Daniel Mahmoud Bronn,8,0.07775313586846706,0.253787751870876,5,0,1,4,1,0,0.07556427742504046,0.0021888584434265985,0.0,0.015550627173693413,0.050757550374175196
1252.0,Benjamin Verbič,47,0.07770077507280723,0.1800340120592552,5,1,1,3,2,0,0.01833107308765008,0.05936970198515715,0.0,0.015540155014561446,0.036006802411851044
380.0,Pedro Guilherme Abreu dos Santos,7,0.07765733066219366,0.12218416156831913,1,1,0,0,1,0,0.0,0.07765733066219366,0.0,0.07765733066219366,0.12218416156831913
1109.0,Martín Zubimendi Ibáñez,23,0.07734730411686858,0.2646236426730484,7,1,2,4,3,0,0.04143937811053766,0.03590792600633093,0.0,0.011049614873838367,0.037803377524721196
1128.0,Micky van de Ven,11,0.07676609253314744,0.14837408807790398,1,0,0,1,0,0,0.07676609253314744,0.0,0.0,0.07676609253314744,0.14837408807790398
852.0,Michał Pazdan,19,0.07661440277297232,0.13141196595507829,2,0,0,2,0,0,0.07661440277297232,0.0,0.0,0.03830720138648616,0.06570598297753914
1256.0,Otar Kiteishvili,48,0.07568914106505725,0.1339096880470299,4,0,1,3,1,0,0.05802737210686124,0.017661768958196013,0.0,0.018922285266264313,0.03347742201175748
441.0,Brenden Aaronson,25,0.07511831694898174,0.1817272953747113,4,2,2,2,2,0,0.03825415274596142,0.036864164203020335,0.0,0.018779579237245436,0.045431823843677825
477.0,André-Frank Zambo Anguissa,27,0.07476482267649981,0.39571401689124763,4,0,0,3,1,0,0.047500527443475674,0.02726429523302414,0.0,0.018691205669124952,0.09892850422281191
1650.0,James Forrest,52,0.07464698882713933,0.3824597126231205,3,1,1,0,3,0,0.0,0.07464698882713933,0.0,0.024882329609046443,0.1274865708743735
390.0,Nayef Aguerd,14,0.07431555197590438,0.48138170320782797,5,0,1,3,2,0,0.04921631229803133,0.025099239677873045,0.0,0.014863110395180876,0.0962763406415656
1505.0,Robin Quaison,35,0.07420545273900525,0.09795888835869407,1,1,0,0,1,0,0.0,0.07420545273900525,0.0,0.07420545273900525,0.09795888835869407
596.0,Matthias Ginter,26,0.07418358496570586,0.5256848200451827,7,0,1,4,3,0,0.058914311146798515,0.015269273818907334,0.0,0.010597654995100837,0.0750978314350261
1439.0,Pedro Lomba Neto,15,0.0741035780755889,0.3710229246071226,7,1,2,4,3,0,0.0397584194459972,0.03434515862959171,0.0,0.010586225439369842,0.053003274943874655
1547.0,Stole Dimitrievski,54,0.07405822505357604,0.3906713283280776,3,1,1,2,1,0,0.04828833235672828,0.025769892696847745,0.0,0.024686075017858678,0.1302237761093592
319.0,Ismaeel Mohammad Mohammad,20,0.07345147840610788,0.6936635381967796,3,2,1,1,2,0,0.0201847751432998,0.053266703262808086,0.0,0.024483826135369296,0.23122117939892653
859.0,Pedro Jesús Aquino Sánchez,38,0.07312740830335908,0.09577251090081575,3,0,2,2,1,0,0.0721656002542867,0.0009618080490723838,0.0,0.02437580276778636,0.03192417030027191
15.0,Milos Veljkovic,2,0.07311635461612602,0.386653678543627,7,0,0,4,3,0,0.053629915582721704,0.019486439033404322,0.0,0.010445193516589431,0.05523623979194671
938.0,Jonas Knudsen,6,0.07259700163269167,0.7734746769308815,2,0,0,2,0,0,0.07259700163269167,0.0,0.0,0.036298500816345836,0.3867373384654407
793.0,David Alberto Guzmán Pérez,28,0.0723187101562871,0.25160324601394773,3,1,0,3,0,0,0.0723187101562871,0.0,0.0,0.02410623671876237,0.08386774867131591
261.0,Firas Tariq Nasser Al Albirakan,17,0.07215418455598616,0.7616516156664213,4,1,1,2,2,0,0.03589337292526261,0.03626081163072353,0.0,0.01803854613899654,0.19041290391660531
1577.0,Darko Churlinov,54,0.07195406046026527,0.23143308535806026,3,1,2,2,1,0,0.04420632886179193,0.027747731598473338,0.0,0.023984686820088422,0.07714436178602009
871.0,Nabil Fekir,16,0.07191261604466856,0.13814692164706746,4,3,0,1,3,0,0.02420604040009693,0.04770657564457163,0.0,0.01797815401116714,0.034536730411766865
1418.0,Adam Buksa,19,0.0717677767639044,0.20201698315216476,4,1,1,3,1,0,0.06098288490742889,0.010784891856475527,0.0,0.0179419441909761,0.05050424578804119
1499.0,Tomáš Hubočan,49,0.07166163612373987,0.36614157433844396,7,1,4,5,2,0,0.054718117843591825,0.016943518280148038,0.0,0.010237376589105696,0.05230593919120628
976.0,Sami Khedira,26,0.07153212057642654,0.12483265913221354,3,0,1,2,1,0,0.039389190158623966,0.03214293041780257,0.0,0.023844040192142178,0.04161088637740452
616.0,Ismael Koné,32,0.07146990152783163,0.4920842505993057,5,0,0,3,2,0,0.04415533855978036,0.027314562968051265,0.0,0.014293980305566325,0.09841685011986115
832.0,Seung-Woo Lee,13,0.07102086459668348,0.27550021704091865,5,1,1,3,2,0,0.057456367796442254,0.013564496800241233,0.0,0.014204172919336696,0.05510004340818373
1322.0,Mattia Zaccagni,51,0.07092770343617309,0.3168280618600498,4,0,1,2,2,0,0.035966594839207285,0.03496110859696582,0.0,0.017731925859043273,0.07920701546501245
308.0,Alex Nicolao Telles,7,0.06979244269703659,0.369164077768268,4,1,1,3,1,0,0.048254856595586114,0.021537586101450484,0.0,0.017448110674259148,0.092291019442067
824.0,Yong Lee,13,0.06966109235881515,1.0365653036404407,6,1,1,3,3,0,0.03590743594315541,0.03375365641565975,0.0,0.011610182059802526,0.17276088394007347
849.0,Jacek Góralski,19,0.06963364236592984,0.15016441205675793,4,1,0,2,2,0,0.03743343483844389,0.03220020752748596,0.0,0.01740841059148246,0.03754110301418948
115.0,Taha Yassine Khenissi,8,0.06960747089049828,0.17731822326974472,2,1,0,1,1,0,0.05390353173803571,0.01570393915246256,0.0,0.03480373544524914,0.08865911163487236
1353.0,Martin Ádám,53,0.06960655648800071,0.3785357210943286,3,0,1,2,1,0,0.05541870786574816,0.014187848622252551,0.0,0.023202185496000238,0.12617857369810953
1512.0,Marcel Halstenberg,26,0.06886570137498994,0.2634594746498676,3,0,2,2,1,0,0.06692689290542278,0.0019388084695671683,0.0,0.022955233791663313,0.0878198248832892
540.0,Neco Williams,30,0.06881454853259156,0.17558987224035386,4,2,0,3,1,0,0.06299726978713578,0.005817278745455789,0.0,0.01720363713314789,0.043897468060088464
10.0,Vanja Milinković Savić,2,0.06875657477295284,0.07025559241603993,1,0,1,1,0,0,0.06875657477295284,0.0,0.0,0.06875657477295284,0.07025559241603993
1567.0,Matěj Vydra,45,0.06856874145753374,0.15720977680468298,1,1,0,1,0,0,0.06856874145753374,0.0,0.0,0.06856874145753374,0.15720977680468298
1224.0,Marius Mihai Marin,46,0.06833470081249787,0.24146874603916643,5,1,1,3,2,0,0.03656568834738594,0.031769012465111934,0.0,0.013666940162499575,0.04829374920783329
1422.0,Bartosz Slisz,19,0.06814508082085353,0.19073101823009575,3,0,1,2,1,0,0.04279902147516068,0.025346059345692853,0.0,0.022715026940284513,0.06357700607669858
1034.0,Hotaru Yamaguchi,24,0.06814477172516395,0.15031387612837743,2,0,0,1,1,0,0.03411101231738251,0.03403375940778143,0.0,0.034072385862581975,0.07515693806418872
1609.0,Joel Pohjanpalo,55,0.0678482805681179,0.3773411025366547,4,2,2,2,2,0,0.03876854600021348,0.029079734567904407,0.0,0.016962070142029474,0.09433527563416368
969.0,Ari Freyr Skúlason,40,0.06784288233010607,0.04861639135629809,1,1,0,1,0,0,0.06784288233010607,0.0,0.0,0.06784288233010607,0.04861639135629809
347.0,Famara Diedhiou,10,0.06770100637069426,0.16304316728523538,2,1,0,2,0,0,0.06770100637069426,0.0,0.0,0.03385050318534713,0.08152158364261769
71.0,Rasmus Nissen Kristensen,6,0.06755735471193106,0.19952116132038394,4,0,2,3,1,0,0.06386840733820506,0.0036889473737259956,0.0,0.016889338677982764,0.049880290330095986
772.0,Jaime Manuel Penedo Cano,36,0.0674066815249861,0.07607815507650878,1,0,1,1,0,0,0.0674066815249861,0.0,0.0,0.0674066815249861,0.07607815507650878
610.0,Steven de Sousa Vitoria,32,0.0674029048975385,0.0962724350870579,1,0,0,1,0,0,0.0674029048975385,0.0,0.0,0.0674029048975385,0.0962724350870579
1168.0,Emre Can,26,0.06729940058382966,0.7843533846003055,5,1,1,3,2,0,0.04245709567364047,0.024842304910189184,0.0,0.013459880116765932,0.1568706769200611
626.0,Jules Olivier Ntcham,27,0.06710927736657875,0.22114362420618908,5,1,1,2,3,0,0.02962415728969181,0.03748512007688694,0.0,0.01342185547331575,0.04422872484123781
768.0,Blas Antonio Miguel Pérez Ortega,36,0.06646287528262555,0.2316778019968856,3,2,1,2,1,0,0.05010445003730459,0.016358425245320964,0.0,0.022154291760875185,0.07722593399896187
59.0,Garang Kuol,5,0.06422946853285053,0.11722431800143102,1,1,0,0,1,0,0.0,0.06422946853285053,0.0,0.06422946853285053,0.11722431800143102
1166.0,Mohamed Zeki Amdouni,3,0.06406803852100922,0.08275429595535135,3,1,0,1,2,0,0.007049542053993837,0.05701849646701539,0.0,0.021356012840336405,0.027584765318450447
325.0,Vincent Janssen,11,0.06372574446389609,0.12704547220393736,2,1,0,1,1,0,0.0496581457378423,0.014067598726053787,0.0,0.031862872231948045,0.06352273610196868
803.0,Mohamed Abdul Shafy Sayed Abouezeid,37,0.06372557181732885,0.13218320294636715,2,0,0,2,0,0,0.06372557181732885,0.0,0.0,0.031862785908664426,0.06609160147318358
486.0,Marko Grujić,2,0.06320450356201825,0.3368090882800305,3,1,0,1,2,0,0.0278492586469421,0.03535524491507615,0.0,0.021068167854006083,0.11226969609334349
1427.0,Serhii Sydorchuk,44,0.06304034772664427,0.29225044816189655,5,1,1,3,2,0,0.03884380950582286,0.024196538220821406,0.0,0.012608069545328855,0.05845008963237931
1574.0,Ryan Gravenberch,11,0.06222522451673148,0.6678380904362732,6,2,1,2,4,0,0.014176769848724954,0.04804845466800652,0.0,0.01037087075278858,0.11130634840604553
868.0,Pedro David Gallese Quiróz,38,0.061981823849796724,0.3042149936798744,2,0,0,1,1,0,0.03110542127886587,0.030876402570930852,0.0,0.030990911924898362,0.1521074968399372
260.0,Sultan Abdullah Salim Al Ghannam,17,0.06164223237760275,0.27223762833083,4,2,2,2,2,0,0.031517207643941274,0.03012502473366148,0.0,0.015410558094400688,0.0680594070827075
27.0,Nemanja Maksimović,2,0.061560373762997354,0.46825068162811423,5,2,2,3,2,0,0.038057590408331586,0.023502783354665765,0.0,0.012312074752599472,0.09365013632562284
424.0,Arkadiusz Milik,19,0.0611209189590022,0.23534462295527875,5,0,1,3,2,0,0.03823970321128666,0.02288121574771554,0.0,0.01222418379180044,0.04706892459105575
762.0,Vedran Ćorluka,22,0.060787714072857504,0.03516858157203842,2,0,0,1,1,0,0.03042601699395515,0.03036169707890235,0.0,0.030393857036428752,0.01758429078601921
599.0,Bryan Ruiz González,28,0.06045552776070779,0.2634897097245014,7,0,2,3,4,0,0.02578557490725293,0.03466995285345486,0.0,0.008636503965815398,0.0376413871035002
735.0,José Miguel da Rocha Fonte,15,0.0602475025040484,0.23033374294091272,7,0,1,4,3,0,0.03490664706133157,0.025340855442716834,0.0,0.008606786072006914,0.03290482042013039
1594.0,Gergő Lovrencsics,53,0.06016682946977954,0.1587152366335171,2,1,1,1,1,0,0.03030157746568373,0.029865252004095812,0.0,0.03008341473488977,0.07935761831675855
639.0,Ahmad Nourollahi,33,0.060128810429621815,0.6517508812916398,4,3,0,1,3,0,0.015972623669565502,0.04415618676005631,0.0,0.015032202607405454,0.16293772032290996
1162.0,Eberechi Eze,21,0.05979202705387583,0.11760556317955843,3,1,0,1,2,0,0.028365445453292004,0.031426581600583835,0.0,0.01993067568462528,0.039201854393186145
869.0,Jefferson Agustín Farfán Guadalupe,38,0.0596416246617087,0.22792287890006843,6,2,1,4,2,0,0.04916910319957733,0.010472521462131366,0.0,0.00994027077695145,0.03798714648334474
602.0,Nicolas Moumi Ngamaleu,27,0.058666396535360245,0.2961279487453485,2,1,1,1,1,0,0.02945296378657342,0.029213432748786825,0.0,0.029333198267680122,0.14806397437267424
1545.0,Stefan Lainer,43,0.05859213881531352,0.23627730817803194,2,0,0,2,0,0,0.05859213881531352,0.0,0.0,0.02929606940765676,0.11813865408901597
505.0,Hiroki Ito,24,0.058485468811058997,0.17324228480591408,4,0,1,2,2,0,0.029201263904138807,0.029284204906920186,0.0,0.014621367202764749,0.04331057120147852
1031.0,Gen Shōji,24,0.057884398758831335,0.19291070024279472,4,1,0,3,1,0,0.05152460212223217,0.006359796636599157,0.0,0.014471099689707834,0.04822767506069868
1413.0,Zeno Debast,29,0.05767776063608598,0.3821355919769989,4,1,1,3,1,0,0.04979920415543886,0.007878556480647114,0.0,0.014419440159021494,0.09553389799424973
248.0,Francisco Guillermo Ochoa Magaña,18,0.05767602873614889,0.10317608564717023,3,0,0,2,1,0,0.03702396668091794,0.02065206205523095,0.0,0.01922534291204963,0.03439202854905674
37.0,Mitchell Thomas Duke,5,0.05740534983939146,0.2932150810364996,4,2,1,2,2,0,0.03151925920876657,0.025886090630624893,0.0,0.014351337459847865,0.0733037702591249
1638.0,Nicolai Møller Boilesen,6,0.05612175480896277,0.3047740424959309,1,0,0,1,0,0,0.05612175480896277,0.0,0.0,0.05612175480896277,0.3047740424959309
23.0,Luka Jović,2,0.055940583446677405,0.14261936189305724,3,1,1,2,1,0,0.04045886316801768,0.015481720278659723,0.0,0.01864686114889247,0.047539787297685744
1342.0,Callum Styles,53,0.05563981855190757,0.21297659491027804,3,1,2,2,1,0,0.030308101027701803,0.025331717524205762,0.0,0.01854660618396919,0.07099219830342601
698.0,Luis Fernando Muriel Fruto,34,0.055586653619044996,0.04240349725515668,2,0,1,1,1,0,0.027834914330286765,0.02775173928875823,0.0,0.027793326809522498,0.02120174862757834
696.0,Andrés Mateus Uribe Villa,34,0.05543265874416829,0.050504412278034386,2,0,0,1,1,0,0.027728159548601475,0.027704499195566813,0.0,0.027716329372084146,0.025252206139017193
749.0,Karim El Ahmadi Al Aroos,14,0.05538100018375198,0.17168556570755567,5,1,1,3,2,0,0.04681907152031367,0.008561928663438306,0.0,0.011076200036750396,0.03433711314151113
1498.0,Ľubomír Šatka,49,0.05487767027686051,0.24518373074844882,5,1,0,3,2,0,0.04049964326475498,0.01437802701210554,0.0,0.010975534055372101,0.04903674614968977
1023.0,Jonathan dos Santos Ramírez,18,0.05480151099533918,0.035353028882186825,1,1,0,1,0,0,0.05480151099533918,0.0,0.0,0.05480151099533918,0.035353028882186825
833.0,Rafael Márquez Álvarez,18,0.05472463573064515,0.11923302443127419,3,0,0,1,2,0,0.018266589195756813,0.036458046534888336,0.0,0.018241545243548384,0.0397443414770914
844.0,Gabriel Arturo Torres Tejada,36,0.05471579833990024,0.11833669297039431,2,0,1,1,1,0,0.027566658621811495,0.027149139718088744,0.0,0.02735789916995012,0.05916834648519716
1419.0,Kacper Urbanski,19,0.053847437358251975,0.09710583456479122,4,2,1,2,2,0,0.025785903754000764,0.028061533604251208,0.0,0.013461859339562994,0.024276458641197804
840.0,Hussain Al Mogahwi,17,0.05367229400992041,0.35768647170247003,7,1,3,3,4,0,0.03219864023266616,0.021473653777254253,0.0,0.007667470572845773,0.05109806738606715
549.0,Jhegson Sebastián Méndez Carabalí,9,0.05334723101897421,0.3776095407100756,3,0,2,2,1,0,0.05061155078762424,0.0027356802313499694,0.0,0.01778241033965807,0.12586984690335853
999.0,Rami Bedoui,8,0.053181911329727216,0.875813690858768,4,0,0,2,2,0,0.0268482193624553,0.026333691967271915,0.0,0.013295477832431804,0.218953422714692
433.0,Tim Ream,25,0.052970181413397606,0.27734988046388775,5,0,0,3,2,0,0.03284880879088634,0.020121372622511263,0.0,0.010594036282679522,0.055469976092777554
1016.0,Fedor Kudryashov,41,0.05274944457337876,0.09028488141355442,3,0,1,2,1,0,0.03855611226671379,0.014193332306664969,0.0,0.017583148191126254,0.030094960471184807
9.0,Nikola Milenković,2,0.05225628656570516,0.1322098649506504,5,1,1,3,2,0,0.03188137422149049,0.020374912344214676,0.0,0.010451257313141032,0.02644197299013008
1352.0,László Kleinheisler,53,0.05209316858388338,0.17267822519540452,7,2,2,3,4,0,0.017592550800817397,0.03450061778306598,0.0,0.007441881226269055,0.02466831788505779
1014.0,Igor Akinfeev,41,0.051703801032104466,0.11538241105261161,3,0,1,2,1,0,0.02711188502049781,0.02459191601160666,0.0,0.01723460034403482,0.03846080368420387
1460.0,Kieran Tierney,52,0.051643560201921374,0.18767512071575804,5,2,1,2,3,0,0.017651227581807073,0.0339923326201143,0.0,0.010328712040384274,0.03753502414315161
1539.0,Michael Krmenčík,45,0.051593304832112656,0.33373865484356724,3,2,0,2,1,0,0.03982736058844369,0.011765944243668966,0.0,0.017197768277370885,0.11124621828118908
873.0,Steven N''Kemboanza Mike Christopher Nzonzi,16,0.05153275255645982,0.12421534999214093,5,0,1,3,2,0,0.027031578393894216,0.0245011741625656,0.0,0.010306550511291963,0.024843069998428186
397.0,Anssumane Fati,23,0.05136707972781561,0.1682464168065449,2,0,0,1,1,0,0.025836224663908593,0.02553085506390702,0.0,0.025683539863907805,0.08412320840327245
280.0,Kamil Glik,19,0.0512866477177943,0.1524309433885312,2,1,1,1,1,0,0.02552264730373972,0.025764000414054578,0.0,0.02564332385889715,0.0762154716942656
1473.0,Aleksandr Sobolev,41,0.05117223167642165,0.2923466336817324,3,0,1,1,2,0,0.01792925701090043,0.03324297466552123,0.0,0.017057410558807218,0.09744887789391081
1492.0,Giorgio Chiellini,51,0.05094562908214721,0.25729617316574366,6,0,0,4,2,0,0.03553415702412816,0.015411472058019049,0.0,0.00849093818035787,0.04288269552762394
62.0,Jamie MacLaren,5,0.05056568174885318,0.06441442125185055,1,1,0,1,0,0,0.05056568174885318,0.0,0.0,0.05056568174885318,0.06441442125185055
706.0,Fabian Delph,21,0.05033902184833157,0.09612759121844809,7,2,1,3,4,0,0.024467381480174608,0.025871640368156958,0.0,0.007191288835475938,0.01373251303120687
186.0,Diego Roberto Godín Leal,12,0.05003620248822986,0.20368869208947793,4,0,1,3,1,0,0.03606125218975172,0.013974950298478134,0.0,0.012509050622057465,0.05092217302236948
211.0,Selim Amallah,14,0.049973254725346125,0.2663564414636731,8,1,3,4,4,0,0.025086783328043004,0.024886471397303114,0.0,0.006246656840668266,0.03329455518295914
1086.0,Benjamin Mendy,16,0.04986221495494464,0.10674927699216166,2,1,1,1,1,0,0.02518563138222471,0.024676583572719932,0.0,0.02493110747747232,0.05337463849608083
289.0,Artur Jędrzejczyk,19,0.04914947738139444,0.0869566703551494,2,1,1,1,1,0,0.02490657997512686,0.024242897406267578,0.0,0.02457473869069722,0.0434783351775747
377.0,Noussair Mazraoui,14,0.0491006607380102,0.08780904619001002,4,2,2,2,2,0,0.01185464566656317,0.03724601507144703,0.0,0.01227516518450255,0.021952261547502506
1344.0,Péter Gulácsi,53,0.048896901750824645,0.2987976018722588,2,1,0,2,0,0,0.048896901750824645,0.0,0.0,0.024448450875412323,0.1493988009361294
312.0,Boualem Khoukhi,20,0.04881294079043449,1.0212761264784813,4,0,0,3,1,0,0.04127148769874387,0.007541453091690618,0.0,0.012203235197608622,0.25531903161962033
773.0,Román Aureliano Torres Morcillo,36,0.048366668707595144,0.15130800218757703,3,2,1,1,2,0,0.010241080315544332,0.03812558839205081,0.0,0.016122222902531715,0.05043600072919235
1367.0,Elseid Hysaj,50,0.04794973092051111,0.2067979584283401,3,0,1,2,1,0,0.03679281259356376,0.011156918326947346,0.0,0.01598324364017037,0.0689326528094467
926.0,Gabriel Iván Mercado,4,0.047684710568228546,0.4810437290549118,2,1,1,1,1,0,0.0252028316240409,0.022481878944187645,0.0,0.023842355284114273,0.2405218645274559
1546.0,Visar Musliu,54,0.04766980878097858,0.2190621719575251,6,1,2,3,3,0,0.023858135729942477,0.023811673051036097,0.0,0.007944968130163097,0.03651036199292085
1491.0,Eric García Martret,23,0.04755722817838754,0.1394331198259741,4,0,0,2,2,0,0.023785374451409172,0.02377185372697838,0.0,0.011889307044596885,0.03485827995649352
808.0,Ahmed Elsayed Ali Elsayed Hegazy,37,0.04748733560828526,0.22103921458149198,3,0,0,2,1,0,0.03730106497065769,0.010186270637627575,0.0,0.01582911186942842,0.07367973819383065
1054.0,Rodrigo Moreno Machado,23,0.047445777152770825,0.05535124214042472,2,2,0,0,2,0,0.0,0.047445777152770825,0.0,0.023722888576385413,0.02767562107021236
246.0,Jorge Eduardo Sánchez Ramos,18,0.04621718706048668,0.34716729231047033,6,1,1,3,2,1,0.016040293151106538,0.017341842146267043,0.012835051763113099,0.007702864510081113,0.057861215385078386
404.0,Daizen Maeda,24,0.0459739080292553,0.163879231312575,2,0,0,1,1,0,0.023318204849392375,0.022655703179862926,0.0,0.02298695401462765,0.0819396156562875
317.0,Abdulaziz Hatem Mohammed Abdullah,20,0.04574346874844117,0.24729998630577038,3,2,0,2,1,0,0.03971005004960459,0.00603341869883658,0.0,0.015247822916147057,0.08243332876859012
910.0,Sebastian Rudy,26,0.0453667678696441,0.044577598040537805,2,1,0,1,1,0,0.013976773304391815,0.03138999456525229,0.0,0.02268338393482205,0.022288799020268903
1061.0,Yoshinori Muto,24,0.045029633150817115,0.08579912690625933,3,1,1,1,2,0,0.015454252696880359,0.029575380453936758,0.0,0.015009877716939039,0.02859970896875311
1355.0,Attila Szalai,53,0.044825237685600476,0.30617036796442393,2,0,1,2,0,0,0.044825237685600476,0.0,0.0,0.022412618842800238,0.15308518398221196
1500.0,Kristoffer Olsson,35,0.04477721939031526,0.038946363029710634,1,1,0,0,1,0,0.0,0.04477721939031526,0.0,0.04477721939031526,0.038946363029710634
513.0,Amadou Onana,29,0.044643194636246566,0.30925335734883885,7,0,1,5,2,0,0.04102630648286656,0.0036168881533800087,0.0,0.00637759923374951,0.04417905104983412
28.0,Denis Lemi Zakaria Lako Lado,3,0.04358293015249232,0.10246564056423259,2,2,0,1,1,0,0.030064327242891115,0.01351860290960121,0.0,0.02179146507624616,0.051232820282116294
914.0,John Guidetti,35,0.0435759177422353,0.2290018209850134,1,0,1,1,0,0,0.0435759177422353,0.0,0.0,0.0435759177422353,0.2290018209850134
1504.0,Róbert Mak,49,0.04346670618340816,0.4715394416473516,4,1,2,2,2,0,0.034604990984049386,0.008861715199358779,0.0,0.01086667654585204,0.1178848604118379
601.0,André Onana,27,0.04346376245142124,0.05658125677284994,2,0,0,2,0,0,0.04346376245142124,0.0,0.0,0.02173188122571062,0.02829062838642497
573.0,Chang-Hoon Kwon,13,0.04323567628940151,0.3324354962408682,2,1,0,2,0,0,0.04323567628940151,0.0,0.0,0.021617838144700755,0.1662177481204341
56.0,Ajdin Hrustic,5,0.0432216304,0.058279038467788195,1,1,0,0,1,0,0.0,0.0432216304,0.0,0.0432216304,0.058279038467788195
992.0,Keita Baldé Diao,10,0.043149252900000004,0.06432205225168379,1,1,0,0,1,0,0.0,0.043149252900000004,0.0,0.043149252900000004,0.06432205225168379
1114.0,Jesús Navas González,23,0.04279878988875752,0.12628601809482717,4,1,1,2,2,0,0.02156881820999665,0.02122997167876087,0.0,0.01069969747218938,0.03157150452370679
254.0,Orbelín Pineda Alvarado,18,0.04272225485008231,0.19843344706836036,2,2,0,0,2,0,0.0,0.04272225485008231,0.0,0.021361127425041156,0.09921672353418018
1115.0,Daniel Vivian Moreno,23,0.042358646179741305,0.14064751631598,3,0,0,3,0,0,0.042358646179741305,0.0,0.0,0.014119548726580436,0.046882505438659995
1455.0,Yunus Akgün,42,0.04208657370634471,0.11344850631776783,3,0,2,2,1,0,0.040436870985412196,0.0016497027209325095,0.0,0.014028857902114902,0.037816168772589275
1615.0,Lukáš Hrádecký,55,0.04204773500797284,0.14603887104847801,3,0,0,2,1,0,0.03329618261143172,0.00875155239654112,0.0,0.01401591166932428,0.048679623682826
1208.0,Robin Hranáč,45,0.041356158769909536,0.12407391079467144,2,0,1,2,0,0,0.041356158769909536,0.0,0.0,0.020678079384954768,0.06203695539733572
1360.0,Zsolt Nagy,53,0.04131498629836694,0.30911641514368265,1,0,0,1,0,0,0.04131498629836694,0.0,0.0,0.04131498629836694,0.30911641514368265
521.0,Munir Mohand Mohamedi,14,0.041181559956837276,0.3713176675958382,1,0,0,1,0,0,0.041181559956837276,0.0,0.0,0.041181559956837276,0.3713176675958382
566.0,Daniel Amartey,31,0.040967801066431844,0.14653399922195876,6,0,3,4,2,0,0.02593419315684201,0.015033607909589831,0.0,0.006827966844405307,0.02442233320365979
825.0,Seon-Min Moon,13,0.040957251908130446,0.3656618988659073,4,1,0,2,2,0,0.024002167843775696,0.01695508406435475,0.0,0.010239312977032611,0.09141547471647682
1147.0,Lutsharel Geertruida,11,0.040753077512848054,0.10068834365503707,2,1,1,1,1,0,0.020661447343905712,0.02009163016894234,0.0,0.020376538756424027,0.05034417182751853
882.0,"Khadim N""Diaye",10,0.040401714345244776,0.044102264957745024,1,0,1,1,0,0,0.040401714345244776,0.0,0.0,0.040401714345244776,0.044102264957745024
497.0,Yuki Soma,24,0.04029252874086576,0.11168234936493494,2,2,0,0,2,0,0.0,0.04029252874086576,0.0,0.02014626437043288,0.05584117468246747
1603.0,Tyrone Mings,21,0.04009507693063001,0.09016487581331704,1,1,0,1,0,0,0.04009507693063001,0.0,0.0,0.04009507693063001,0.09016487581331704
378.0,Abderrazak Hamdallah,14,0.04005382348422823,0.267271549601298,1,0,0,1,0,0,0.04005382348422823,0.0,0.0,0.04005382348422823,0.267271549601298
1275.0,Martin Dúbravka,49,0.03954752346412976,0.10565404486438601,2,0,0,1,1,0,0.019799054670924736,0.01974846879320502,0.0,0.01977376173206488,0.052827022432193005
1293.0,Rey Manaj,50,0.03916647221750445,0.1535164397713536,2,1,0,1,1,0,0.011607985735730735,0.02755848648177372,0.0,0.019583236108752226,0.0767582198856768
1597.0,David Marshall,52,0.03888867120362294,0.2544031992555382,3,0,0,2,1,0,0.027817378578207992,0.011071292625414944,0.0,0.012962890401207646,0.08480106641851275
220.0,Walid Cheddira,14,0.038864615153275855,0.06127704155693583,2,1,0,2,0,0,0.038864615153275855,0.0,0.0,0.019432307576637928,0.030638520778467914
188.0,Gue-Sung Cho,13,0.0388074385107537,0.2562478380538832,5,2,1,4,1,0,0.025005810576996725,0.013801627933756975,0.0,0.00776148770215074,0.051249567610776633
128.0,Michael Steveen Estrada Martínez,9,0.03870378557576523,0.08681241244204081,3,0,1,2,1,0,0.03140732682489771,0.007296458750867517,0.0,0.012901261858588411,0.028937470814013603
1194.0,Johan Bakayoko,29,0.03868513450026753,0.12142512254568247,2,0,1,1,1,0,0.019450079574867208,0.019235054925400324,0.0,0.019342567250133766,0.060712561272841234
945.0,Jón Daði Böðvarsson,40,0.038502049155568145,0.09526657261320598,1,1,0,1,0,0,0.038502049155568145,0.0,0.0,0.038502049155568145,0.09526657261320598
605.0,Milan Borjan,32,0.038212669733437885,0.9543153008992463,3,0,0,2,1,0,0.028805065969690007,0.009407603763747876,0.0,0.012737556577812628,0.31810510029974876
1306.0,Medon Berisha,50,0.037917013849623045,0.18189844301616945,3,1,0,1,2,0,0.01484596746208204,0.023071046387541004,0.0,0.012639004616541015,0.06063281433872315
571.0,Iñaki Williams Arthuer,31,0.0378617289076527,0.05840884625561232,3,1,1,1,2,0,0.016333857128568992,0.02152787177908371,0.0,0.0126205763025509,0.01946961541853744
1186.0,Oleksandr Tymchyk,44,0.037564312082307545,0.06808028253508791,4,0,1,2,2,0,0.01890247439274862,0.018661837689558924,0.0,0.009391078020576886,0.017020070633771978
1639.0,Owen Wijndal,11,0.03734419732848053,0.14619300854580425,2,0,0,1,1,0,0.018798119936497236,0.01854607739198329,0.0,0.018672098664240265,0.07309650427290212
1335.0,Grant Campbell Hanley,52,0.03716681095179934,0.2772031033376861,3,0,2,2,1,0,0.03192600568714245,0.005240805264656896,0.0,0.012388936983933114,0.09240103444589537
1212.0,Jan Kuchta,45,0.03712262690486466,0.32446626043658144,2,0,1,1,1,0,0.01836144774137448,0.01876117916349018,0.0,0.01856131345243233,0.16223313021829072
1623.0,Marlos Romero Bonfim,44,0.03703514054021158,0.06379092372236962,2,0,0,1,1,0,0.0184868482865279,0.01854829225368368,0.0,0.01851757027010579,0.03189546186118481
1290.0,Lazar Samardžić,2,0.03699422124523634,0.12144078770963745,3,1,0,1,2,0,0.012202672772896857,0.024791548472339484,0.0,0.012331407081745446,0.040480262569879154
951.0,Ragnar Sigurðsson,40,0.0367643643491508,0.1660726335028862,2,1,1,1,1,0,0.01843407953758738,0.018330284811563416,0.0,0.0183821821745754,0.0830363167514431
270.0,Raúl Alonso Jiménez Rodríguez,18,0.036532973405071265,0.1228434405411524,2,1,1,1,1,0,0.019889527465775814,0.01664344593929545,0.0,0.018266486702535632,0.0614217202705762
49.0,Mathew Ryan,5,0.03633048176038346,0.18709109618217423,3,0,0,2,1,0,0.02002255335534989,0.01630792840503357,0.0,0.012110160586794488,0.06236369872739141
1649.0,Liam Cooper,52,0.03630770553876256,0.11030038110018224,1,1,0,1,0,0,0.03630770553876256,0.0,0.0,0.03630770553876256,0.11030038110018224
1566.0,Jakub Brabec,45,0.03575790025887417,0.09091743688951964,2,0,0,1,1,0,0.01789690897498713,0.017860991283887042,0.0,0.017878950129437084,0.04545871844475982
719.0,Robin Olsen,35,0.03555750986936669,0.13767016146266545,1,0,0,1,0,0,0.03555750986936669,0.0,0.0,0.03555750986936669,0.13767016146266545
161.0,Leandro Daniel Paredes,4,0.035310650550469766,0.08218098251524605,3,1,2,2,1,0,0.029060936442422875,0.006249714108046889,0.0,0.01177021685015659,0.02739366083841535
1188.0,Volodymyr Brazhko,44,0.035117208990889076,0.12466177178329846,5,2,1,2,3,0,0.016931849004451327,0.018185359986437753,0.0,0.007023441798177816,0.02493235435665969
944.0,William Troost-Ekong,39,0.03494287412859569,0.07219984736735863,2,1,0,1,1,0,0.028651172005030087,0.006291702123565604,0.0,0.017471437064297844,0.036099923683679314
1450.0,Anthony Gordon,21,0.03450122137393271,0.17169719256387145,4,0,1,2,2,0,0.01727924674169135,0.017221974632241364,0.0,0.008625305343483177,0.04292429814096786
1371.0,Mirlind Daku,50,0.0344778780685534,0.09767553922942979,3,1,1,2,1,0,0.025508647582268833,0.008969230486284573,0.0,0.011492626022851135,0.03255851307647659
1113.0,Mike Maignan,16,0.03437557068113907,0.0827813311937402,2,0,0,1,1,0,0.017287815127412363,0.017087755553726706,0.0,0.017187785340569535,0.0413906655968701
672.0,António João Pereira Albuquerque Tavares Silva,15,0.0340599697213329,0.21323585957287466,3,1,0,2,1,0,0.025079387262013933,0.008980582459318969,0.0,0.0113533232404443,0.07107861985762488
450.0,Maximiliano Gómez González,12,0.03371144668352507,0.1371381812311292,3,1,0,1,2,0,0.012052599977848926,0.021658846705676145,0.0,0.011237148894508357,0.04571272707704307
982.0,Robbie Kruse,5,0.03357448401106538,0.24253600088945546,1,1,0,0,1,0,0.0,0.03357448401106538,0.0,0.03357448401106538,0.24253600088945546
423.0,Sebastian Szymański,19,0.033459382595180144,0.146220571563382,4,1,0,3,1,0,0.027737746878425167,0.0057216357167549714,0.0,0.008364845648795036,0.0365551428908455
1320.0,Matteo Darmian,51,0.033378940524636774,0.2987731539178693,2,1,1,1,1,0,0.017896362794015536,0.015482577730621238,0.0,0.016689470262318387,0.14938657695893465
1030.0,Makoto Hasebe,24,0.033319007998926044,0.11924555220813364,3,0,0,2,1,0,0.020255679690326673,0.013063328308599369,0.0,0.011106335999642015,0.039748517402711216
61.0,Fran Karačić,5,0.033147443753781244,0.11436806874565411,2,1,1,1,1,0,0.016384356880497105,0.016763086873284136,0.0,0.016573721876890622,0.057184034372827056
32.0,Noah Okafor,3,0.03310962656170828,0.16769059698803018,3,1,1,1,2,0,0.012472036007875586,0.0206375905538327,0.0,0.011036542187236093,0.05589686566267673
668.0,Sadegh Moharrami,33,0.03301256803288585,1.0045164945500593,2,0,0,1,1,0,0.016122955277295344,0.01688961275559051,0.0,0.016506284016442926,0.5022582472750297
787.0,Marcos Danilo Ureña Porras,28,0.03285108568739817,0.1963235604371391,5,2,1,1,4,0,0.0016166858046481305,0.031234399882750043,0.0,0.006570217137479633,0.03926471208742782
1132.0,Cenk Tosun,42,0.032843427348003405,0.2386165667017116,2,1,0,1,1,0,0.009710196397127181,0.023133230950876223,0.0,0.016421713674001703,0.1193082833508558
971.0,Abdullahi Shehu,39,0.03281458955706518,0.1078994924938721,4,0,0,2,2,0,0.01644937579764859,0.01636521375941659,0.0,0.008203647389266294,0.026974873123468024
1374.0,Attila Fiola,53,0.03163141202646586,0.11077464202575679,4,0,1,2,2,0,0.015861000297621455,0.015770411728844403,0.0,0.007907853006616465,0.027693660506439198
1516.0,Moussa Sissoko,16,0.031585660995181564,0.18337331356220113,3,0,1,1,2,0,0.010658998557985447,0.020926662437196115,0.0,0.010528553665060522,0.06112443785406704
285.0,Krystian Bielik,19,0.03123736953843198,0.2805015857676154,2,0,0,1,1,0,0.015792639956934574,0.015444729581497408,0.0,0.01561868476921599,0.1402507928838077
1343.0,Milos Kerkez,53,0.031118720131951428,0.1968452182154553,2,0,1,1,1,0,0.01598094892952058,0.015137771202430848,0.0,0.015559360065975714,0.09842260910772765
1415.0,Adam Obert,49,0.030749992590674097,0.2364591484186856,4,0,1,2,2,0,0.015338036702810707,0.015411955887863388,0.0,0.007687498147668524,0.0591147871046714
1301.0,Arlind Afrim Ajeti,50,0.030748110382669273,0.23350938524985992,3,0,0,2,1,0,0.02851533870776521,0.002232771674904066,0.0,0.010249370127556424,0.0778364617499533
991.0,Lamine Gassama,10,0.030586573407413588,0.03436534157578488,1,0,0,1,0,0,0.030586573407413588,0.0,0.0,0.030586573407413588,0.03436534157578488
846.0,Dawid Kownacki,19,0.03057516989338877,0.14353068056924076,3,2,1,1,2,0,0.013849529360091243,0.016725640533297528,0.0,0.010191723297796256,0.04784356018974692
1083.0,Djibril Sidibé,16,0.030560382735654402,0.16732493431959575,7,0,2,5,2,0,0.022861539306655063,0.00769884342899934,0.0,0.0043657689622363435,0.023903562045656534
1129.0,Okay Yokuşlu,42,0.03047316020817585,0.09131403971284494,2,0,0,1,1,0,0.0152048420225681,0.015268318185607753,0.0,0.015236580104087925,0.04565701985642247
1190.0,Orel Mangala,29,0.030441928325640858,0.1674573900024699,2,0,0,1,1,0,0.015436288467864623,0.015005639857776235,0.0,0.015220964162820429,0.08372869500123495
1319.0,Nicolò Fagioli,51,0.03021926977639958,0.0958923510946319,3,1,1,1,2,0,0.00921467570502735,0.02100459407137223,0.0,0.010073089925466527,0.03196411703154397
114.0,Wajdi Kechrida,8,0.030194477188669744,0.08793792843637228,1,0,0,1,0,0,0.030194477188669744,0.0,0.0,0.030194477188669744,0.08793792843637228
1098.0,Bart Verbruggen,11,0.02957085039714758,0.12612762692799342,4,0,0,2,2,0,0.014804799931965155,0.014766050465182427,0.0,0.007392712599286895,0.031531906731998356
901.0,Lucas Vázquez Iglesias,23,0.02866631798235511,0.10730681771219035,2,0,0,1,1,0,0.014403906106816272,0.014262411875538838,0.0,0.014333158991177555,0.053653408856095174
1354.0,Lawrence Shankland,52,0.028073786727999137,0.12914433103333484,2,0,1,1,1,0,0.014278138163466103,0.013795648564533034,0.0,0.014036893363999568,0.06457216551666742
1298.0,Berat Djimsiti,50,0.028025622923546625,0.14876089049462984,3,0,1,2,1,0,0.019073990403823883,0.008951632519722742,0.0,0.009341874307848875,0.04958696349820995
1520.0,Kenan Karaman,42,0.027993896817377403,0.3304811372717862,2,0,1,1,1,0,0.014143991705886448,0.013849905111490955,0.0,0.013996948408688701,0.1652405686358931
1443.0,Florinel Teodor Coman,46,0.02793351450501677,0.11137861282711986,4,2,1,1,3,0,0.002512588453887023,0.02542092605112975,0.0,0.006983378626254193,0.027844653206779965
491.0,Francisco Javier Calvo Quesada,28,0.027893817325027177,0.06877941436395228,2,1,0,1,1,0,0.013694654136300182,0.014199163188726995,0.0,0.013946908662513588,0.03438970718197614
1059.0,Ricardo Domingos Barbosa Pereira,15,0.02785984180044515,0.20147334256721855,2,1,1,1,1,0,0.014085652893429036,0.013774188907016113,0.0,0.013929920900222575,0.10073667128360927
627.0,Jerome Ngom Mbekeli,27,0.027656397951888,0.274742781907386,2,1,1,1,1,0,0.013098690807479116,0.014557707144408885,0.0,0.013828198975944,0.137371390953693
1122.0,Fehmi Mert Günok,42,0.02751250014242072,0.24675193622789504,1,0,0,1,0,0,0.02751250014242072,0.0,0.0,0.02751250014242072,0.24675193622789504
983.0,Josh Risdon,5,0.027482826575287726,0.12448016188225762,1,0,0,1,0,0,0.027482826575287726,0.0,0.0,0.027482826575287726,0.12448016188225762
323.0,Karim Boudiaf,20,0.02724209264381857,0.2619437156222255,5,0,0,3,2,0,0.01478322545279023,0.01245886719102834,0.0,0.005448418528763714,0.0523887431244451
1582.0,Artem Besedin,44,0.027192250226958998,0.12209107062331126,2,0,1,1,1,0,0.01366847589449579,0.013523774332463209,0.0,0.013596125113479499,0.06104553531165563
950.0,Kári Árnason,40,0.026475754462648722,0.20079698856096356,2,0,1,2,0,0,0.026475754462648722,0.0,0.0,0.013237877231324361,0.10039849428048178
836.0,Fahad Mosaed Al Muwallad Al Harbi,17,0.026229834053507477,0.09848243077797955,3,1,1,1,2,0,0.006220876661737659,0.020008957391769815,0.0,0.008743278017835825,0.032827476925993186
1538.0,Alex Král,45,0.026222297700356143,0.02143972094258641,1,1,0,0,1,0,0.0,0.026222297700356143,0.0,0.026222297700356143,0.02143972094258641
1565.0,Alessandro Florenzi,51,0.02602480519284402,0.2641388192112288,2,0,1,1,1,0,0.012732496701757972,0.013292308491086048,0.0,0.01301240259642201,0.1320694096056144
492.0,Anthony Daniel Contreras Enríquez,28,0.02582161439083478,0.09237498314385878,2,1,1,1,1,0,0.012858002453012763,0.012963611937822016,0.0,0.01291080719541739,0.04618749157192939
281.0,Wojciech Szczęsny,19,0.025769040531422947,0.44648421809253935,3,0,0,2,1,0,0.0212074149052642,0.004561625626158748,0.0,0.008589680177140983,0.1488280726975131
717.0,Josip Drmic,3,0.02572250628898691,0.17697330132537975,4,2,1,1,3,0,0.001548842155564056,0.024173664133422854,0.0,0.0064306265722467275,0.04424332533134494
1618.0,Joni Ensio Kauko,55,0.025604887392494127,0.17334520567468312,3,2,1,0,3,0,0.0,0.025604887392494127,0.0,0.008534962464164709,0.057781735224894375
267.0,Carlos Uriel Antuna Romero,18,0.025483563356140847,0.08446846795247152,3,1,1,1,2,0,0.004569967893466693,0.020913595462674156,0.0,0.008494521118713615,0.028156155984157175
1337.0,Scott McKenna,52,0.025417947405866004,0.17556031702181132,1,0,0,1,0,0,0.025417947405866004,0.0,0.0,0.025417947405866004,0.17556031702181132
155.0,Andries Noppert,11,0.025363735485474714,0.04058961057213188,1,0,0,1,0,0,0.025363735485474714,0.0,0.0,0.025363735485474714,0.04058961057213188
498.0,Gerson Torres Barrantes,28,0.024969952811014336,0.048187582792018915,2,0,0,1,1,0,0.012492284339089766,0.012477668471924571,0.0,0.012484976405507168,0.024093791396009458
1501.0,Marcus Andreas Danielsson,35,0.024950918749163335,0.10009720771001918,2,0,0,1,1,0,0.012487351717875636,0.012463567031287698,0.0,0.012475459374581667,0.05004860385500959
1239.0,Jure Balkovec,47,0.024868747595492232,0.029745273499972344,1,0,1,1,0,0,0.024868747595492232,0.0,0.0,0.024868747595492232,0.029745273499972344
1295.0,Mario Mitaj,50,0.024813559224577408,0.041970257601650705,1,0,0,1,0,0,0.024813559224577408,0.0,0.0,0.024813559224577408,0.041970257601650705
575.0,Daniel-Kofi Kyereh,31,0.02431166329737314,0.015553073626835093,1,0,0,1,0,0,0.02431166329737314,0.0,0.0,0.02431166329737314,0.015553073626835093
727.0,Valon Behrami,3,0.024304957199614265,0.036196621049613124,1,1,0,0,1,0,0.0,0.024304957199614265,0.0,0.024304957199614265,0.036196621049613124
637.0,Milad Mohammadi,33,0.02261468107092384,0.436178997806904,1,0,0,1,0,0,0.02261468107092384,0.0,0.0,0.02261468107092384,0.436178997806904
961.0,Leon Aderemi Balogun,39,0.02246127761323148,0.04759862829015982,2,0,0,1,1,0,0.011241444161448151,0.011219833451783328,0.0,0.01123063880661574,0.02379931414507991
54.0,Keanu Baccus,5,0.0222570557333281,0.030428409331414708,1,1,0,0,1,0,0.0,0.0222570557333281,0.0,0.0222570557333281,0.030428409331414708
838.0,Taisir Jabir Al Jassim,17,0.022067268944877944,0.08514703227757742,2,1,1,1,1,0,0.011126359360028234,0.01094090958484971,0.0,0.011033634472438972,0.04257351613878871
189.0,Jun-Ho Son,13,0.02196649088700542,0.08383855370914081,2,0,0,2,0,0,0.02196649088700542,0.0,0.0,0.01098324544350271,0.041919276854570406
1523.0,İbrahim Halil Dervişoğlu,42,0.02190607581458661,0.052493170409213544,1,1,0,0,1,0,0.0,0.02190607581458661,0.0,0.02190607581458661,0.052493170409213544
403.0,Borna Barišić,22,0.02171974267821628,0.14390172423645117,3,0,0,2,1,0,0.014636768678984603,0.007082973999231675,0.0,0.0072399142260720925,0.04796724141215039
1071.0,Yehya Sulaiman Ali Al-Shehri,17,0.02161773605512205,0.06993480846219072,2,0,0,1,1,0,0.01082315138820065,0.010794584666921401,0.0,0.010808868027561026,0.03496740423109536
750.0,Gelson Dany Batalha Martins,15,0.02157742924428953,0.1152005317434826,4,0,1,2,2,0,0.01081124295776797,0.010766186286521562,0.0,0.005394357311072383,0.02880013293587065
1578.0,Quincy Anton Promes,11,0.021344053005738304,0.07722744833835307,2,1,0,1,1,0,0.01111695651199087,0.010227096493747433,0.0,0.010672026502869152,0.038613724169176536
1372.0,Martin Baturina,22,0.021158498408450035,0.18749384916206369,3,1,1,0,3,0,0.0,0.021158498408450035,0.0,0.007052832802816679,0.062497949720687895
130.0,Pathé Ismaël Ciss,10,0.02072335936439328,0.0854690488342762,1,0,0,1,0,0,0.02072335936439328,0.0,0.0,0.02072335936439328,0.0854690488342762
701.0,Phil Jones,21,0.02054906278367161,0.0312995076958205,2,0,0,1,1,0,0.010281854060850207,0.010267208722821403,0.0,0.010274531391835805,0.01564975384791025
1602.0,Tomáš Pekhart,45,0.020207716365796224,0.05687804649009261,1,1,0,0,1,0,0.0,0.020207716365796224,0.0,0.020207716365796224,0.05687804649009261
1613.0,Jukka Raitala,55,0.020034228685212686,0.15051249882505788,2,0,0,2,0,0,0.020034228685212686,0.0,0.0,0.010017114342606343,0.07525624941252894
1285.0,Matúš Bero,49,0.019948805862295204,0.046394150587642846,2,1,0,1,1,0,0.0020936740264145435,0.01785513183588066,0.0,0.009974402931147602,0.023197075293821423
643.0,Alireza Safar Beiranvand,33,0.01951290176737576,0.03022152318404062,1,0,1,1,0,0,0.01951290176737576,0.0,0.0,0.01951290176737576,0.03022152318404062
1172.0,Waldemar Anton,26,0.01928815037304382,0.02293479257871607,1,0,0,1,0,0,0.01928815037304382,0.0,0.0,0.01928815037304382,0.02293479257871607
503.0,Ko Itakura,24,0.019280021984938354,0.7936358827283725,1,0,1,1,0,0,0.019280021984938354,0.0,0.0,0.019280021984938354,0.7936358827283725
1232.0,Andrei Burcă Andonie,46,0.019100457473456768,0.055829105989723085,2,0,0,1,1,0,0.009551334241296542,0.009549123232160228,0.0,0.009550228736728384,0.027914552994861543
946.0,Birkir Bjarnason,40,0.018967476110307517,0.10530367317601738,3,0,2,2,1,0,0.015132832830522677,0.0038346432797848403,0.0,0.006322492036769173,0.035101224392005796
1611.0,Joona Toivio,55,0.018810727318550054,0.15813521408384035,2,0,0,1,1,0,0.00941863997937848,0.009392087339171571,0.0,0.009405363659275027,0.07906760704192017
576.0,Kamaldeen Sulemana,31,0.0186709416369532,0.014672197030010124,1,1,0,0,1,0,0.0,0.0186709416369532,0.0,0.0186709416369532,0.014672197030010124
1223.0,Radu Drăgușin,46,0.018388840302054343,0.024480091300341837,1,1,0,0,1,0,0.0,0.018388840302054343,0.0,0.018388840302054343,0.024480091300341837
1010.0,Sergei Ignashevich,41,0.018318255961222753,0.274509805344685,1,0,0,1,0,0,0.018318255961222753,0.0,0.0,0.018318255961222753,0.274509805344685
978.0,Marvin Plattenhardt,26,0.018317190515237454,0.04200648395406658,1,1,0,0,1,0,0.0,0.018317190515237454,0.0,0.018317190515237454,0.04200648395406658
214.0,Diogo Meireles Costa,15,0.01818807987285634,0.07020505240402675,2,0,1,1,1,0,0.00914714289092385,0.009040936981932486,0.0,0.00909403993642817,0.03510252620201337
1288.0,Ľubomír Tupta,49,0.018067332094978582,0.05522448533715808,1,0,0,1,0,0,0.018067332094978582,0.0,0.0,0.018067332094978582,0.05522448533715808
1569.0,Jadon Sancho,21,0.018064378031843596,0.03539227857395382,1,0,0,1,0,0,0.018064378031843596,0.0,0.0,0.018064378031843596,0.03539227857395382
683.0,Carlos Alberto Sánchez Moreno,34,0.01790692855007532,0.021616496004203522,1,0,1,1,0,0,0.01790692855007532,0.0,0.0,0.01790692855007532,0.021616496004203522
1604.0,Jason Denayer,29,0.017162208478138426,0.05889222695663024,2,1,0,1,1,0,0.010684918802820097,0.00647728967531833,0.0,0.008581104239069213,0.02944611347831512
913.0,Jimmy Durmaz,35,0.016971016189532125,0.017751525951325734,1,1,0,1,0,0,0.016971016189532125,0.0,0.0,0.016971016189532125,0.017751525951325734
1585.0,José Luis Gayà Peña,23,0.016874257561623095,0.04071747403373982,1,1,0,0,1,0,0.0,0.016874257561623095,0.0,0.016874257561623095,0.04071747403373982
1634.0,Kire Ristevski,54,0.016727237226840084,0.4027468869399583,2,0,0,1,1,0,0.00837697521689153,0.008350262009948553,0.0,0.008363618613420042,0.20137344346997915
1461.0,Pavel Šulc,45,0.016690314770009276,0.11916826567442744,1,1,0,0,1,0,0.0,0.016690314770009276,0.0,0.016690314770009276,0.11916826567442744
708.0,Mousa Sidi Yaya Dembélé,29,0.016683848283186736,0.027529887039342383,1,0,1,1,0,0,0.016683848283186736,0.0,0.0,0.016683848283186736,0.027529887039342383
1370.0,Klaus Gjasula,50,0.016427100025763527,0.042102025715617636,1,0,1,1,0,0,0.016427100025763527,0.0,0.0,0.016427100025763527,0.042102025715617636
269.0,Abdulrahman Al-Obood,17,0.016409697224458127,0.0626576454800604,1,1,0,1,0,0,0.016409697224458127,0.0,0.0,0.016409697224458127,0.0626576454800604
192.0,Diego Nicolás De La Cruz Arcosa,12,0.016388536135443527,0.22030195409957523,1,0,0,1,0,0,0.016388536135443527,0.0,0.0,0.016388536135443527,0.22030195409957523
330.0,Eray Ervin Cömert,3,0.016264493492237856,0.3039798643977126,2,0,0,1,1,0,0.00818086790704707,0.008083625585190785,0.0,0.008132246746118928,0.1519899321988563
145.0,Pape Abou Cissé,10,0.016046206217405958,0.17000238191453673,1,0,0,1,0,0,0.016046206217405958,0.0,0.0,0.016046206217405958,0.17000238191453673
965.0,Tyronne Ebuehi,39,0.015381820165381204,0.041216262900790196,3,1,2,2,1,0,0.014013122788305585,0.0013686973770756187,0.0,0.005127273388460402,0.013738754300263398
830.0,Carlos Joel Salcedo Hernández,18,0.015364354779352574,0.04857405312842539,2,1,1,1,1,0,0.009218740179195552,0.006145614600157022,0.0,0.007682177389676287,0.024287026564212694
1488.0,David Brooks,30,0.015250561804677116,0.1187116869077035,2,0,0,1,1,0,0.007691810846170262,0.007558750958506854,0.0,0.007625280902338558,0.05935584345385175
1100.0,Ollie Watkins,21,0.015039002766324513,0.09282374318222507,1,1,0,0,1,0,0.0,0.015039002766324513,0.0,0.015039002766324513,0.09282374318222507
770.0,Erick Javier Davis Grajales,36,0.014986105300750898,0.10284124603268273,1,0,1,1,0,0,0.014986105300750898,0.0,0.0,0.014986105300750898,0.10284124603268273
823.0,Hyun-Soo Jang,13,0.014936657736753765,0.27181424386183595,2,0,0,1,1,0,0.007492212194490564,0.007444445542263201,0.0,0.007468328868376882,0.13590712193091797
1134.0,Semih Kılıçsoy,42,0.014610299931728639,0.04824804026640847,2,0,0,1,1,0,0.00731848461411836,0.007291815317610278,0.0,0.0073051499658643194,0.024124020133204235
819.0,Ramadan Sobhi Ramadan Ahmed,37,0.014584952192100405,0.07505704997701979,2,0,1,1,1,0,0.0073258056247542105,0.0072591465673461945,0.0,0.0072924760960502025,0.03752852498850989
1361.0,Lewis Morgan,52,0.014511163895697248,0.0750828561921766,1,1,0,0,1,0,0.0,0.014511163895697248,0.0,0.014511163895697248,0.0750828561921766
1225.0,Florin Constantin Niţă,46,0.014386041865513352,0.03172803087301827,2,0,0,1,1,0,0.0071999487782492605,0.007186093087264092,0.0,0.007193020932756676,0.015864015436509137
1331.0,Barnabás Varga,53,0.014230905154824017,0.12125862737677025,1,1,0,1,0,0,0.014230905154824017,0.0,0.0,0.014230905154824017,0.12125862737677025
29.0,Filip Đuričić,2,0.013934029113145669,0.12659877704448325,2,0,1,1,1,0,0.0070220245866782285,0.00691200452646744,0.0,0.006967014556572834,0.06329938852224162
1564.0,Stefan Ilsanker,43,0.013886665337189531,0.051302498433409345,1,0,0,1,0,0,0.013886665337189531,0.0,0.0,0.013886665337189531,0.051302498433409345
1350.0,Angus Gunn,52,0.013765647672823008,0.06585754149233002,1,0,0,1,0,0,0.013765647672823008,0.0,0.0,0.013765647672823008,0.06585754149233002
1522.0,Caglar Söyüncü,42,0.013747105757019035,0.07612263860115279,1,1,0,1,0,0,0.013747105757019035,0.0,0.0,0.013747105757019035,0.07612263860115279
641.0,Cameron Carter-Vickers,25,0.013719288329121782,0.09513141388814716,1,0,0,1,0,0,0.013719288329121782,0.0,0.0,0.013719288329121782,0.09513141388814716
1616.0,Rasmus Schüller,55,0.013480665747311573,0.07015822753624662,1,0,0,1,0,0,0.013480665747311573,0.0,0.0,0.013480665747311573,0.07015822753624662
1074.0,Abdullah Ibrahim Al Maiouf,17,0.01340717391593522,0.11979615097362223,2,0,0,1,1,0,0.006727013408572643,0.0066801605073625765,0.0,0.00670358695796761,0.059898075486811114
813.0,Mohamed El Sayed Mohamed El Shenawy Gomaa,37,0.012842697341020585,0.0327961310419972,1,0,0,1,0,0,0.012842697341020585,0.0,0.0,0.012842697341020585,0.0327961310419972
75.0,Jesper Lindstrøm,6,0.012114827433711641,0.048488390416609656,1,1,0,0,1,0,0.0,0.012114827433711641,0.0,0.012114827433711641,0.048488390416609656
1559.0,Tihomir Kostadinov,54,0.012106597508242129,0.04049589099306822,2,1,1,1,1,0,0.006072575523641039,0.006034021984601091,0.0,0.0060532987541210646,0.02024794549653411
1008.0,Andrew Nabbout,5,0.01203153913783015,0.059027660642304414,2,0,1,1,1,0,0.006006981986266686,0.006024557151563463,0.0,0.006015769568915075,0.029513830321152207
324.0,Mohammed Muntari,20,0.011966408725226259,0.02369226053524373,2,0,1,1,1,0,0.005985171942506025,0.005981236782720235,0.0,0.005983204362613129,0.011846130267621865
1410.0,Chris Führich,26,0.011405223335465378,0.03580988306961251,1,1,0,0,1,0,0.0,0.011405223335465378,0.0,0.011405223335465378,0.03580988306961251
979.0,Renato Fabrizio Tapia Cortijo,38,0.011387732147920472,0.060555130541409055,3,1,0,2,1,0,0.010011321828869726,0.0013764103190507455,0.0,0.0037959107159734906,0.020185043513803017
1440.0,Łukasz Skorupski,19,0.011359089425592356,0.02766243548044898,1,0,1,1,0,0,0.011359089425592356,0.0,0.0,0.011359089425592356,0.02766243548044898
585.0,Sami Khalil Al Naji,17,0.011116295114439107,0.06630786764556454,1,1,0,1,0,0,0.011116295114439107,0.0,0.0,0.011116295114439107,0.06630786764556454
1081.0,José Heriberto Izquierdo Mena,34,0.01100930242630125,0.11433798780666454,2,0,0,1,1,0,0.005557192203787176,0.005452110222514073,0.0,0.005504651213150625,0.05716899390333227
1049.0,Lucas Rodrigo Biglia,4,0.011004918731063596,0.034550335881352895,3,1,0,1,2,0,0.002331146836525253,0.008673771894538345,0.0,0.003668306243687865,0.011516778627117632
263.0,Ali Al Hassan,17,0.010895922621854456,0.04891875580117732,2,0,0,1,1,0,0.0054546511903446095,0.005441271431509847,0.0,0.005447961310927228,0.02445937790058866
867.0,Christian Guillermo Martín Ramos Garagay,38,0.0108014756027016,0.08807170096874248,2,0,1,2,0,0,0.0108014756027016,0.0,0.0,0.0054007378013508,0.04403585048437124
443.0,DeAndre Yedlin,25,0.010610869243185264,0.06542422446732385,1,0,0,1,0,0,0.010610869243185264,0.0,0.0,0.010610869243185264,0.06542422446732385
586.0,Nasser Al Dawsari,17,0.010600595162708608,0.1122253485385606,1,1,0,1,0,0,0.010600595162708608,0.0,0.0,0.010600595162708608,0.1122253485385606
1456.0,Mijat Gaćinović,2,0.010513803932498561,0.06479957971017615,1,1,0,0,1,0,0.0,0.010513803932498561,0.0,0.010513803932498561,0.06479957971017615
42.0,Alejandro Darío Gómez,4,0.010259864549907752,0.06521575854394698,2,2,0,0,2,0,0.0,0.010259864549907752,0.0,0.005129932274953876,0.03260787927197349
831.0,Hyeon-Woo Jo,13,0.010178133185148897,0.03273400931006287,1,0,0,1,0,0,0.010178133185148897,0.0,0.0,0.010178133185148897,0.03273400931006287
1646.0,Jakub Hromada,49,0.01014604469117849,0.09777919905154227,2,0,0,1,1,0,0.00507573700029517,0.005070307690883319,0.0,0.005073022345589245,0.048889599525771134
266.0,Riyadh Sharahili,17,0.009977095504049724,0.09738991845820007,2,0,1,1,1,0,0.004996841791552036,0.004980253712497689,0.0,0.004988547752024862,0.048694959229100034
495.0,Ayase Ueda,24,0.009929247114963319,0.019771656415336174,1,1,0,1,0,0,0.009929247114963319,0.0,0.0,0.009929247114963319,0.019771656415336174
1468.0,Igor Diveev,41,0.009584553557515437,0.05773099692833673,1,0,0,1,0,0,0.009584553557515437,0.0,0.0,0.009584553557515437,0.05773099692833673
930.0,Federico Julián Fazio,4,0.009316979891610688,0.11692859881947246,2,0,0,1,1,0,0.004673792283648019,0.004643187607962668,0.0,0.004658489945805344,0.05846429940973623
1079.0,Yo-Han Go,13,0.009298787810278923,0.049137037489521605,2,0,1,1,1,0,0.004651432224585319,0.004647355585693604,0.0,0.004649393905139462,0.024568518744760803
25.0,Predrag Rajković,2,0.009292832741446013,0.023707297342086087,1,0,0,1,0,0,0.009292832741446013,0.0,0.0,0.009292832741446013,0.023707297342086087
1612.0,Paulus Arajuuri,55,0.009248742879898917,0.0598288921545981,1,0,0,1,0,0,0.009248742879898917,0.0,0.0,0.009248742879898917,0.0598288921545981
180.0,Seung-Gyu Kim,13,0.00875822810816068,0.03864731538940429,1,0,0,1,0,0,0.00875822810816068,0.0,0.0,0.00875822810816068,0.03864731538940429
160.0,Luuk de Jong,11,0.008621613279399863,0.03676539695122222,1,1,0,1,0,0,0.008621613279399863,0.0,0.0,0.008621613279399863,0.03676539695122222
1058.0,Aziz Bouhaddouz,14,0.007975076805526709,0.04327069069890879,1,1,0,1,0,0,0.007975076805526709,0.0,0.0,0.007975076805526709,0.04327069069890879
788.0,Giancarlo González Castro,28,0.007958881231872519,0.17573495789221466,2,0,0,1,1,0,0.0039796078689231145,0.003979273362949405,0.0,0.003979440615936259,0.08786747894610733
581.0,Alidu Seidu,31,0.007585171560197456,0.0419009751900469,1,0,0,1,0,0,0.007585171560197456,0.0,0.0,0.007585171560197456,0.0419009751900469
1507.0,Michal Ďuriš,49,0.007438660178944696,0.05789103203115836,1,1,0,0,1,0,0.0,0.007438660178944696,0.0,0.007438660178944696,0.05789103203115836
287.0,Michał Skóraś,19,0.007082168094485145,0.05446721130970611,1,1,0,0,1,0,0.0,0.007082168094485145,0.0,0.007082168094485145,0.05446721130970611
1304.0,Fermin Lopez Marin,23,0.006928493653509003,0.02859313258656197,1,1,0,0,1,0,0.0,0.006928493653509003,0.0,0.006928493653509003,0.02859313258656197
980.0,Tomi Jurić,5,0.006869836937650423,0.06445152197503592,2,0,1,1,1,0,0.0034319389883412416,0.0034378979493091817,0.0,0.0034349184688252116,0.03222576098751796
818.0,Mahmoud Abdul Monem Abdelhamid Soliman,37,0.006730234717955393,0.03389295966390687,1,0,0,1,0,0,0.006730234717955393,0.0,0.0,0.006730234717955393,0.03389295966390687
142.0,Cheikh Ahmadou Bamba Mbacke Dieng,10,0.006668566673221043,0.05764288369478214,2,0,1,1,1,0,0.003324115221376741,0.003344451451844302,0.0,0.0033342833366105215,0.02882144184739107
1317.0,Gianluigi Donnarumma,51,0.006493974354137236,0.06264238781551694,2,0,0,1,1,0,0.0032531954631645783,0.0032407788909726573,0.0,0.003246987177068618,0.03132119390775847
202.0,Jawad El Yamiq,14,0.006448758211630264,0.07411563406684524,1,0,0,1,0,0,0.006448758211630264,0.0,0.0,0.006448758211630264,0.07411563406684524
1121.0,Salih Özcan,42,0.006401636730406492,0.028997671491151598,1,1,0,0,1,0,0.0,0.006401636730406492,0.0,0.006401636730406492,0.028997671491151598
139.0,José Adoni Cifuentes Charcopa,9,0.006395458691534548,0.05289478442253168,1,1,0,0,1,0,0.0,0.006395458691534548,0.0,0.006395458691534548,0.05289478442253168
676.0,Rubin Colwill,30,0.0063297957830461115,0.03476255725646957,1,0,0,1,0,0,0.0063297957830461115,0.0,0.0,0.0063297957830461115,0.03476255725646957
1452.0,Luka Ivanušec,22,0.00571562759782429,0.027584035235506916,1,1,0,0,1,0,0.0,0.00571562759782429,0.0,0.00571562759782429,0.027584035235506916
1067.0,Gotoku Sakai,24,0.005681192597594626,0.09629326202650638,2,0,1,1,1,0,0.002872448612318673,0.002808743985275954,0.0,0.002840596298797313,0.04814663101325319
1064.0,Shinji Okazaki,24,0.0055799256892000906,0.08249839387522559,2,0,0,1,1,0,0.0027901588862066715,0.002789766802993419,0.0,0.0027899628446000453,0.041249196937612795
258.0,Abdulelah Al Amri,17,0.005481772435124233,0.02830347794120516,1,0,0,1,0,0,0.005481772435124233,0.0,0.0,0.005481772435124233,0.02830347794120516
941.0,Michael Krohn-Dehli,6,0.005380088297803365,0.0617555846420801,2,0,1,1,1,0,0.0027243092017170518,0.0026557790960863134,0.0,0.0026900441489016826,0.03087779232104005
479.0,Nouhou Tolo,27,0.0052476697397474134,0.06511723735241562,1,0,0,1,0,0,0.0052476697397474134,0.0,0.0,0.0052476697397474134,0.06511723735241562
1165.0,Vincent Sierro,3,0.005183850695034086,0.026104799345733988,1,1,0,0,1,0,0.0,0.005183850695034086,0.0,0.005183850695034086,0.026104799345733988
356.0,Josip Šutalo,22,0.0050543953235578495,0.05527594420778367,1,0,0,1,0,0,0.0050543953235578495,0.0,0.0,0.0050543953235578495,0.05527594420778367
776.0,Felipe Abdiel Baloy Ramírez,36,0.005014082607414141,0.12062216180467261,2,0,0,1,1,0,0.0025139311050626817,0.002500151502351459,0.0,0.0025070413037070706,0.060311080902336306
1358.0,Kenneth McLean,52,0.0048652546121891495,0.026551128966071865,1,1,0,0,1,0,0.0,0.0048652546121891495,0.0,0.0048652546121891495,0.026551128966071865
1310.0,Benjamin Henrichs,26,0.004652724340400936,0.021310330277287896,1,1,0,0,1,0,0.0,0.004652724340400936,0.0,0.004652724340400936,0.021310330277287896
311.0,Meshaal Aissa Barsham,20,0.004455076653849479,0.05608929502966645,2,0,1,1,1,0,0.002229715899438713,0.0022253607544107665,0.0,0.0022275383269247397,0.028044647514833224
1327.0,Andrea Cambiaso,51,0.004411658528529009,0.05756591490269524,2,0,0,1,1,0,0.0022053574117052244,0.002206301116823785,0.0,0.0022058292642645047,0.02878295745134762
744.0,Manuel Marouan da Costa Trinidade,14,0.004382767673842879,0.10127994987615858,3,1,0,1,2,0,0.0014532349924226496,0.0029295326814202296,0.0,0.0014609225579476264,0.03375998329205286
1053.0,Aleksandr Erokhin,41,0.004361556746283364,0.026037171734311512,2,1,1,1,1,0,0.002178747685858211,0.002182809060425153,0.0,0.002180778373141682,0.013018585867155756
1417.0,Bartosz Salamon,19,0.0041592740218266665,0.028263942077322336,1,1,0,0,1,0,0.0,0.0041592740218266665,0.0,0.0041592740218266665,0.028263942077322336
1039.0,Cristhian Ricardo Stuani Curbelo,12,0.0036518240725820776,0.022605076238640904,1,1,0,0,1,0,0.0,0.0036518240725820776,0.0,0.0036518240725820776,0.022605076238640904
322.0,Ali Assadalla Thaimn Qambar,20,0.00302901333558174,0.03137923757886105,2,0,0,1,1,0,0.0015151071349789838,0.0015139062006027562,0.0,0.00151450666779087,0.015689618789430523
657.0,Mohamed Ali Ben Romdhane,8,0.00281835267525885,0.02505681279666011,1,0,0,1,0,0,0.00281835267525885,0.0,0.0,0.00281835267525885,0.02505681279666011
175.0,Min Jae Kim,13,0.0027401103973203125,0.05386935620031358,1,0,0,1,0,0,0.0027401103973203125,0.0,0.0,0.0027401103973203125,0.05386935620031358
935.0,Mathias Jattah-Njie Jørgensen,6,0.0026527695289695853,0.023919529855600058,1,0,0,1,0,0,0.0026527695289695853,0.0,0.0,0.0026527695289695853,0.023919529855600058
552.0,Mohammed Waed Abdulwahhab Al Bayati,20,0.0022278673606799214,0.05980540650114354,1,0,0,1,0,0,0.0022278673606799214,0.0,0.0,0.0022278673606799214,0.05980540650114354
89.0,Alisson Ramsés Becker,7,0.0021891872039701862,0.027637810702008374,1,0,0,1,0,0,0.0021891872039701862,0.0,0.0,0.0021891872039701862,0.027637810702008374
725.0,Michael Lang,3,0.001792131685775178,0.009854971300506615,1,0,0,1,0,0,0.001792131685775178,0.0,0.0,0.001792131685775178,0.009854971300506615
689.0,Davinson Sánchez Mina,34,0.0015342077187803767,0.022604917811237035,1,0,1,1,0,0,0.0015342077187803767,0.0,0.0,0.0015342077187803767,0.022604917811237035
579.0,Kyung-Won Kwon,13,0.001372699147964718,0.03572874308750584,1,1,0,0,1,0,0.0,0.001372699147964718,0.0,0.001372699147964718,0.03572874308750584
839.0,Osama Abdulrezag Hawsawi,17,0.0012607217188091956,0.020490550865701,1,0,0,1,0,0,0.0012607217188091956,0.0,0.0,0.0012607217188091956,0.020490550865701
